slug,name,team,location,opponent,outcome,seconds_played,made_field_goals,attempted_field_goals,made_three_point_field_goals,attempted_three_point_field_goals,made_free_throws,attempted_free_throws,offensive_rebounds,defensive_rebounds,assists,steals,blocks,turnovers,personal_fouls,game_score
davisan02,Anthony Davis,NEW ORLEANS PELICANS,HOME,CHARLOTTE HORNETS,WIN,2539,15,27,2,5,6,8,2,14,2,1,3,2,3,31.2
duranke01,Kevin Durant,GOLDEN STATE WARRIORS,AWAY,MILWAUKEE BUCKS,WIN,2157,10,17,5,8,8,11,0,6,5,2,1,0,5,29.9
hardeja01,James Harden,HOUSTON ROCKETS,HOME,UTAH JAZZ,WIN,2095,10,24,4,10,7,9,0,4,10,0,2,0,3,25.8
parkeja01,Jabari Parker,MILWAUKEE BUCKS,HOME,GOLDEN STATE WARRIORS,LOSS,2198,11,18,1,2,5,6,3,2,5,2,0,2,1,25.2
walljo01,John Wall,WASHINGTON WIZARDS,HOME,MIAMI HEAT,LOSS,2223,12,23,5,6,5,8,2,2,8,0,0,3,3,24.9
griffbl01,Blake Griffin,LOS ANGELES CLIPPERS,HOME,CHICAGO BULLS,WIN,2328,8,15,0,0,10,10,2,11,5,1,0,3,3,23.7
bealbr01,Bradley Beal,WASHINGTON WIZARDS,HOME,MIAMI HEAT,LOSS,2409,12,26,4,11,6,6,2,3,4,1,0,2,4,23.1
horfoal01,Al Horford,BOSTON CELTICS,AWAY,DETROIT PISTONS,WIN,2025,7,12,2,3,2,2,2,9,5,2,3,1,2,22.3
wadedw01,Dwyane Wade,CHICAGO BULLS,AWAY,LOS ANGELES CLIPPERS,LOSS,2148,9,20,5,9,5,6,3,6,3,1,2,3,2,21.8
whiteha01,Hassan Whiteside,MIAMI HEAT,AWAY,WASHINGTON WIZARDS,WIN,2393,9,14,0,0,0,3,9,9,1,0,3,0,4,20.8
hoodro01,Rodney Hood,UTAH JAZZ,AWAY,HOUSTON ROCKETS,LOSS,2017,8,13,5,8,4,4,0,4,3,0,0,1,2,20.6
embiijo01,Joel Embiid,PHILADELPHIA 76ERS,HOME,PHOENIX SUNS,WIN,1223,9,14,3,5,5,6,0,7,2,0,2,3,4,19.7
thompkl01,Klay Thompson,GOLDEN STATE WARRIORS,AWAY,MILWAUKEE BUCKS,WIN,2277,9,17,5,10,6,6,0,3,2,0,0,3,1,19.6
antetgi01,Giannis Antetokounmpo,MILWAUKEE BUCKS,HOME,GOLDEN STATE WARRIORS,LOSS,2443,10,23,1,3,9,11,0,4,6,2,1,4,5,19.2
morrima03,Marcus Morris,DETROIT PISTONS,HOME,BOSTON CELTICS,LOSS,1983,10,16,4,7,0,0,1,4,2,0,0,1,1,18.7
gordoer01,Eric Gordon,HOUSTON ROCKETS,HOME,UTAH JAZZ,WIN,2193,7,16,4,8,2,2,2,5,6,2,0,1,3,18.5
thomais02,Isaiah Thomas,BOSTON CELTICS,AWAY,DETROIT PISTONS,WIN,2149,7,22,2,8,8,9,1,3,8,0,1,0,1,18.5
fraziti01,Tim Frazier,NEW ORLEANS PELICANS,HOME,CHARLOTTE HORNETS,WIN,2188,6,12,1,5,4,4,0,5,8,1,0,0,3,17.9
gallola01,Langston Galloway,NEW ORLEANS PELICANS,HOME,CHARLOTTE HORNETS,WIN,1859,7,14,6,11,3,3,1,6,0,2,0,3,1,17.1
walkeke02,Kemba Walker,CHARLOTTE HORNETS,AWAY,NEW ORLEANS PELICANS,LOSS,2221,10,25,2,9,3,3,1,6,5,1,0,1,1,17.1
goberru01,Rudy Gobert,UTAH JAZZ,AWAY,HOUSTON ROCKETS,LOSS,2121,5,7,0,0,2,3,2,12,1,2,4,2,1,16.8
paulch01,Chris Paul,LOS ANGELES CLIPPERS,HOME,CHICAGO BULLS,WIN,2053,7,14,3,5,2,3,3,1,8,2,0,4,2,16.8
holidjr01,Jrue Holiday,NEW ORLEANS PELICANS,HOME,CHARLOTTE HORNETS,WIN,1775,9,17,3,7,1,2,0,2,9,1,0,3,4,16.6
capelca01,Clint Capela,HOUSTON ROCKETS,HOME,UTAH JAZZ,WIN,1831,10,19,0,0,0,2,3,5,5,0,1,0,3,16.5
stausni01,Nik Stauskas,PHILADELPHIA 76ERS,HOME,PHOENIX SUNS,WIN,1589,8,9,5,6,0,0,0,2,0,0,1,2,2,16.4
belinma01,Marco Belinelli,CHARLOTTE HORNETS,AWAY,NEW ORLEANS PELICANS,LOSS,1965,7,13,7,9,1,2,0,10,4,0,0,4,2,16.3
bledser01,Eric Bledsoe,PHOENIX SUNS,AWAY,PHILADELPHIA 76ERS,LOSS,1801,12,24,1,4,2,2,2,3,6,0,0,4,3,16.3
johnsja01,James Johnson,MIAMI HEAT,AWAY,WASHINGTON WIZARDS,WIN,1592,7,8,2,3,1,3,2,1,1,1,2,2,0,16.2
lavinza01,Zach LaVine,MINNESOTA TIMBERWOLVES,AWAY,MEMPHIS GRIZZLIES,LOSS,2197,9,16,4,8,0,0,0,1,3,2,0,2,2,16.0
dragigo01,Goran Dragić,MIAMI HEAT,AWAY,WASHINGTON WIZARDS,WIN,2200,7,14,2,4,6,8,1,3,6,1,0,4,3,15.8
biyombi01,Bismack Biyombo,ORLANDO MAGIC,HOME,DALLAS MAVERICKS,WIN,1409,4,6,0,0,5,7,3,7,2,0,3,0,4,15.7
gibsojo01,Jonathan Gibson,DALLAS MAVERICKS,AWAY,ORLANDO MAGIC,LOSS,1904,8,16,5,9,5,6,0,6,3,2,0,6,5,15.5
greenja01,JaMychal Green,MEMPHIS GRIZZLIES,HOME,MINNESOTA TIMBERWOLVES,WIN,1703,6,9,0,1,7,8,3,5,0,1,1,3,4,15.4
drumman01,Andre Drummond,DETROIT PISTONS,HOME,BOSTON CELTICS,LOSS,1854,9,16,0,0,2,6,3,14,0,0,0,1,2,15.3
harrian01,Andrew Harrison,MEMPHIS GRIZZLIES,HOME,MINNESOTA TIMBERWOLVES,WIN,1469,3,6,0,3,7,7,1,3,7,1,0,1,3,15.3
lylestr01,Trey Lyles,UTAH JAZZ,AWAY,HOUSTON ROCKETS,LOSS,1965,8,12,2,4,3,4,1,4,0,0,0,2,1,14.9
willial03,Alan Williams,PHOENIX SUNS,AWAY,PHILADELPHIA 76ERS,LOSS,1396,5,8,0,0,2,4,4,7,0,2,4,1,4,14.7
gortama01,Marcin Gortat,WASHINGTON WIZARDS,HOME,MIAMI HEAT,LOSS,2258,4,6,0,0,2,4,6,10,4,0,1,2,2,14.5
randoza01,Zach Randolph,MEMPHIS GRIZZLIES,HOME,MINNESOTA TIMBERWOLVES,WIN,1255,7,11,1,2,3,4,1,6,0,0,0,0,2,14.4
speigma01,Marreese Speights,LOS ANGELES CLIPPERS,HOME,CHICAGO BULLS,WIN,1128,5,7,3,4,3,4,4,0,1,0,1,1,4,14.3
augusdj01,D.J. Augustin,ORLANDO MAGIC,HOME,DALLAS MAVERICKS,WIN,1787,6,11,2,5,4,4,0,2,6,0,0,3,1,14.1
smithis01,Ish Smith,DETROIT PISTONS,HOME,BOSTON CELTICS,LOSS,1958,5,10,0,1,2,2,0,4,7,1,1,0,2,14.0
richajo01,Josh Richardson,MIAMI HEAT,AWAY,WASHINGTON WIZARDS,WIN,2044,4,8,4,6,3,5,1,6,1,1,1,1,1,13.7
hilarne01,Nenê Hilário,HOUSTON ROCKETS,HOME,UTAH JAZZ,WIN,1049,6,9,1,1,3,3,1,5,0,1,0,1,2,13.5
rondora01,Rajon Rondo,CHICAGO BULLS,AWAY,LOS ANGELES CLIPPERS,LOSS,2111,4,7,1,3,0,0,4,5,8,2,0,3,3,13.4
ulisty01,Tyler Ulis,PHOENIX SUNS,AWAY,PHILADELPHIA 76ERS,LOSS,1294,3,7,0,0,3,4,0,4,5,4,0,0,1,13.2
conlemi01,Mike Conley,MEMPHIS GRIZZLIES,HOME,MINNESOTA TIMBERWOLVES,WIN,2012,3,9,1,3,6,6,2,2,3,1,2,1,1,13.0
batumni01,Nicolas Batum,CHARLOTTE HORNETS,AWAY,NEW ORLEANS PELICANS,LOSS,2113,3,10,2,6,5,5,1,6,4,0,2,1,0,12.9
waitedi01,Dion Waiters,MIAMI HEAT,AWAY,WASHINGTON WIZARDS,WIN,1744,7,16,1,4,1,2,1,3,8,1,1,2,4,12.5
butleji01,Jimmy Butler,CHICAGO BULLS,AWAY,LOS ANGELES CLIPPERS,LOSS,2290,5,18,1,5,11,12,3,3,1,0,0,2,1,12.3
greendr01,Draymond Green,GOLDEN STATE WARRIORS,AWAY,MILWAUKEE BUCKS,WIN,2131,3,7,0,1,4,4,1,1,5,3,2,2,3,12.0
harrito02,Tobias Harris,DETROIT PISTONS,HOME,BOSTON CELTICS,LOSS,2529,7,16,1,4,4,4,0,2,1,1,0,0,3,11.7
kiddgmi01,Michael Kidd-Gilchrist,CHARLOTTE HORNETS,AWAY,NEW ORLEANS PELICANS,LOSS,2074,2,6,0,0,6,10,4,9,2,1,2,1,4,11.7
hendege02,Gerald Henderson,PHILADELPHIA 76ERS,HOME,PHOENIX SUNS,WIN,1298,4,8,0,1,3,4,2,3,1,3,0,0,3,11.4
kaminfr01,Frank Kaminsky,CHARLOTTE HORNETS,AWAY,NEW ORLEANS PELICANS,LOSS,2179,6,12,3,8,0,0,1,4,3,1,0,1,4,11.4
plumlmi01,Miles Plumlee,MILWAUKEE BUCKS,HOME,GOLDEN STATE WARRIORS,LOSS,897,3,4,0,0,3,3,5,0,3,0,0,0,4,11.4
ibakase01,Serge Ibaka,ORLANDO MAGIC,HOME,DALLAS MAVERICKS,WIN,1874,6,12,2,3,1,2,3,6,1,1,3,4,3,11.1
ennisja01,James Ennis,MEMPHIS GRIZZLIES,HOME,MINNESOTA TIMBERWOLVES,WIN,2145,4,11,0,3,3,4,3,4,1,2,1,0,1,10.8
lopezro01,Robin Lopez,CHICAGO BULLS,AWAY,LOS ANGELES CLIPPERS,LOSS,1535,5,6,0,0,0,0,3,3,0,1,0,0,3,10.6
iguodan01,Andre Iguodala,GOLDEN STATE WARRIORS,AWAY,MILWAUKEE BUCKS,WIN,1498,4,8,2,5,0,0,2,1,3,1,0,0,1,10.4
bradlav01,Avery Bradley,BOSTON CELTICS,AWAY,DETROIT PISTONS,WIN,2145,6,10,1,3,0,0,1,3,3,0,0,1,2,10.3
rodrise01,Sergio Rodríguez,PHILADELPHIA 76ERS,HOME,PHOENIX SUNS,WIN,1715,3,10,2,6,0,0,0,8,11,2,0,4,0,10.3
dellama01,Matthew Dellavedova,MILWAUKEE BUCKS,HOME,GOLDEN STATE WARRIORS,LOSS,2018,4,7,1,1,1,1,0,3,5,1,0,1,3,9.9
saricda01,Dario Šarić,PHILADELPHIA 76ERS,HOME,PHOENIX SUNS,WIN,1523,3,7,2,4,2,2,0,7,5,0,1,2,2,9.8
thompho01,Hollis Thompson,PHILADELPHIA 76ERS,HOME,PHOENIX SUNS,WIN,1539,5,9,3,5,1,2,2,2,1,0,0,1,3,9.8
curryst01,Stephen Curry,GOLDEN STATE WARRIORS,AWAY,MILWAUKEE BUCKS,WIN,2081,7,21,1,11,5,5,0,5,5,1,0,3,4,9.5
knighbr03,Brandon Knight,PHOENIX SUNS,AWAY,PHILADELPHIA 76ERS,LOSS,1248,3,9,1,2,5,6,1,1,2,1,0,0,1,9.5
westda01,David West,GOLDEN STATE WARRIORS,AWAY,MILWAUKEE BUCKS,WIN,699,3,4,0,0,1,2,4,3,3,0,1,1,3,9.3
townska01,Karl-Anthony Towns,MINNESOTA TIMBERWOLVES,AWAY,MEMPHIS GRIZZLIES,LOSS,1673,6,10,3,3,2,4,0,3,0,0,1,2,5,9.2
udrihbe01,Beno Udrih,DETROIT PISTONS,HOME,BOSTON CELTICS,LOSS,922,3,5,0,0,2,2,0,2,4,0,0,0,0,9.1
johnsjo02,Joe Johnson,UTAH JAZZ,AWAY,HOUSTON ROCKETS,LOSS,1346,4,8,1,4,0,0,0,3,3,1,0,0,0,9.0
terryja01,Jason Terry,MILWAUKEE BUCKS,HOME,GOLDEN STATE WARRIORS,LOSS,1131,3,5,3,4,0,0,0,2,3,1,0,1,1,9.0
lenal01,Alex Len,PHOENIX SUNS,AWAY,PHILADELPHIA 76ERS,LOSS,1484,4,7,0,0,1,6,2,5,1,1,2,0,2,8.9
tuckepj01,P.J. Tucker,PHOENIX SUNS,AWAY,PHILADELPHIA 76ERS,LOSS,1835,1,3,1,2,4,4,1,6,2,0,0,0,1,8.8
willide02,Derrick Williams,MIAMI HEAT,AWAY,WASHINGTON WIZARDS,WIN,1013,5,9,2,4,0,0,2,3,0,0,0,1,1,8.6
curryse01,Seth Curry,DALLAS MAVERICKS,AWAY,ORLANDO MAGIC,LOSS,2124,4,12,2,5,3,4,0,1,4,2,0,2,1,8.5
redicjj01,J.J. Redick,LOS ANGELES CLIPPERS,HOME,CHICAGO BULLS,WIN,1511,3,9,1,5,3,4,0,2,3,2,1,1,1,8.5
barneha02,Harrison Barnes,DALLAS MAVERICKS,AWAY,ORLANDO MAGIC,LOSS,2312,3,13,1,3,4,5,1,5,3,2,0,0,2,8.2
ilyaser01,Ersan İlyasova,PHILADELPHIA 76ERS,HOME,PHOENIX SUNS,WIN,1416,5,9,1,4,0,0,0,2,1,1,0,0,2,8.2
sessira01,Ramon Sessions,CHARLOTTE HORNETS,AWAY,NEW ORLEANS PELICANS,LOSS,1248,3,7,0,3,0,2,0,0,7,3,0,1,1,8.0
breweco01,Corey Brewer,HOUSTON ROCKETS,HOME,UTAH JAZZ,WIN,887,2,3,0,1,2,2,2,3,1,0,0,0,0,7.7
jerebjo01,Jonas Jerebko,BOSTON CELTICS,AWAY,DETROIT PISTONS,WIN,1062,3,4,3,3,0,0,1,5,1,0,0,1,4,7.7
porteot01,Otto Porter,WASHINGTON WIZARDS,HOME,MIAMI HEAT,LOSS,2211,2,9,2,6,0,0,1,6,1,4,1,0,2,7.6
gibsota01,Taj Gibson,CHICAGO BULLS,AWAY,LOS ANGELES CLIPPERS,LOSS,1933,5,8,0,0,1,2,0,4,2,0,1,2,2,7.5
matthwe02,Wesley Matthews,DALLAS MAVERICKS,AWAY,ORLANDO MAGIC,LOSS,2158,4,11,3,6,2,2,0,4,2,0,0,2,0,7.5
mccontj01,T.J. McConnell,PHILADELPHIA 76ERS,HOME,PHOENIX SUNS,WIN,1165,2,6,0,0,1,2,1,1,6,3,0,2,1,7.0
hawessp01,Spencer Hawes,CHARLOTTE HORNETS,AWAY,NEW ORLEANS PELICANS,LOSS,1275,4,6,0,2,0,0,0,6,4,0,1,3,2,6.9
okafoja01,Jahlil Okafor,PHILADELPHIA 76ERS,HOME,PHOENIX SUNS,WIN,1150,3,4,0,0,0,0,1,0,2,0,3,1,2,6.8
bullore01,Reggie Bullock,DETROIT PISTONS,HOME,BOSTON CELTICS,LOSS,1222,2,5,1,2,0,0,1,2,1,1,2,0,0,6.7
inglejo01,Joe Ingles,UTAH JAZZ,AWAY,HOUSTON ROCKETS,LOSS,889,3,3,2,2,0,0,0,1,2,0,0,1,3,6.6
watsocj01,C.J. Watson,ORLANDO MAGIC,HOME,DALLAS MAVERICKS,WIN,1129,2,4,1,2,4,4,0,0,0,0,0,0,1,6.6
vucevni01,Nikola Vučević,ORLANDO MAGIC,HOME,DALLAS MAVERICKS,WIN,1540,5,16,0,1,2,2,1,11,1,0,0,1,0,6.5
dienggo01,Gorgui Dieng,MINNESOTA TIMBERWOLVES,AWAY,MEMPHIS GRIZZLIES,LOSS,2151,3,7,0,0,3,6,2,9,1,0,1,2,3,6.4
satorto01,Tomáš Satoranský,WASHINGTON WIZARDS,HOME,MIAMI HEAT,LOSS,1483,3,6,0,0,2,3,0,2,4,0,0,0,4,6.4
beverpa01,Patrick Beverley,HOUSTON ROCKETS,HOME,UTAH JAZZ,WIN,1616,2,6,1,2,0,0,0,1,6,3,0,2,2,6.3
mcgeeja01,JaVale McGee,GOLDEN STATE WARRIORS,AWAY,MILWAUKEE BUCKS,WIN,314,2,2,0,0,1,2,1,2,0,0,1,0,0,6.0
hensojo01,John Henson,MILWAUKEE BUCKS,HOME,GOLDEN STATE WARRIORS,LOSS,1055,3,3,0,0,1,2,0,6,0,1,0,1,4,5.9
pachuza01,Zaza Pachulia,GOLDEN STATE WARRIORS,AWAY,MILWAUKEE BUCKS,WIN,1006,2,7,0,0,0,0,6,4,4,1,0,2,3,5.9
roziete01,Terry Rozier,BOSTON CELTICS,AWAY,DETROIT PISTONS,WIN,866,1,3,1,2,2,2,1,4,1,0,0,0,0,5.9
greenje02,Jeff Green,ORLANDO MAGIC,HOME,DALLAS MAVERICKS,WIN,1300,4,7,0,1,0,0,0,3,2,1,0,1,3,5.8
bogutan01,Andrew Bogut,DALLAS MAVERICKS,AWAY,ORLANDO MAGIC,LOSS,2065,2,6,0,0,0,0,2,6,1,0,4,1,2,5.5
dudleja01,Jared Dudley,PHOENIX SUNS,AWAY,PHILADELPHIA 76ERS,LOSS,1404,3,7,1,4,0,0,2,1,1,1,0,0,3,5.5
muhamsh01,Shabazz Muhammad,MINNESOTA TIMBERWOLVES,AWAY,MEMPHIS GRIZZLIES,LOSS,1051,2,2,0,0,0,0,0,2,1,1,0,0,1,5.3
witheje01,Jeff Withey,UTAH JAZZ,AWAY,HOUSTON ROCKETS,LOSS,592,1,3,0,0,2,2,2,4,0,0,1,0,1,5.2
paynead01,Adreian Payne,MINNESOTA TIMBERWOLVES,AWAY,MEMPHIS GRIZZLIES,LOSS,881,2,4,0,1,2,2,1,2,1,2,1,2,4,5.1
snellto01,Tony Snell,MILWAUKEE BUCKS,HOME,GOLDEN STATE WARRIORS,LOSS,1747,4,7,1,2,0,0,0,6,1,0,0,2,3,5.0
caldwke01,Kentavious Caldwell-Pope,DETROIT PISTONS,HOME,BOSTON CELTICS,LOSS,1658,1,7,1,2,1,2,3,2,4,1,1,1,1,4.9
cunnida01,Dante Cunningham,NEW ORLEANS PELICANS,HOME,CHARLOTTE HORNETS,WIN,2560,2,8,2,3,0,0,4,4,1,1,0,0,5,4.9
mbahalu01,Luc Mbah a Moute,LOS ANGELES CLIPPERS,HOME,CHICAGO BULLS,WIN,1588,3,6,2,3,0,0,1,0,0,0,0,0,2,4.9
beaslmi01,Michael Beasley,MILWAUKEE BUCKS,HOME,GOLDEN STATE WARRIORS,LOSS,1204,4,9,1,1,0,2,2,1,0,0,0,0,1,4.8
crowdja01,Jae Crowder,BOSTON CELTICS,AWAY,DETROIT PISTONS,WIN,1592,3,9,1,4,2,2,0,4,0,1,1,2,0,4.8
hillso01,Solomon Hill,NEW ORLEANS PELICANS,HOME,CHARLOTTE HORNETS,WIN,1503,0,1,0,0,4,4,0,2,1,0,2,0,3,4.8
fournev01,Evan Fournier,ORLANDO MAGIC,HOME,DALLAS MAVERICKS,WIN,1895,3,13,2,6,3,3,2,5,2,2,0,4,2,4.6
arizatr01,Trevor Ariza,HOUSTON ROCKETS,HOME,UTAH JAZZ,WIN,1864,2,6,1,4,1,2,1,3,0,1,0,0,1,4.4
morrima02,Markieff Morris,WASHINGTON WIZARDS,HOME,MIAMI HEAT,LOSS,565,3,4,0,1,0,0,0,0,0,0,0,0,0,4.4
jordade01,DeAndre Jordan,LOS ANGELES CLIPPERS,HOME,CHICAGO BULLS,WIN,1639,3,6,0,0,0,0,1,8,0,0,0,1,2,4.3
canaais01,Isaiah Canaan,CHICAGO BULLS,AWAY,LOS ANGELES CLIPPERS,LOSS,1039,2,5,1,4,3,4,0,1,2,0,0,1,4,4.0
haywago01,Gordon Hayward,UTAH JAZZ,AWAY,HOUSTON ROCKETS,LOSS,2325,4,13,1,4,0,1,0,7,5,0,0,2,2,3.9
anderju01,Justin Anderson,DALLAS MAVERICKS,AWAY,ORLANDO MAGIC,LOSS,1370,3,8,1,3,2,3,0,0,0,1,1,1,3,3.7
grantje02,Jerian Grant,CHICAGO BULLS,AWAY,LOS ANGELES CLIPPERS,LOSS,924,1,4,1,3,0,0,1,0,1,2,0,0,1,3.6
paytoel01,Elfrid Payton,ORLANDO MAGIC,HOME,DALLAS MAVERICKS,WIN,1211,2,3,0,0,0,0,0,3,2,1,2,4,0,3.4
olynyke01,Kelly Olynyk,BOSTON CELTICS,AWAY,DETROIT PISTONS,WIN,832,2,3,1,2,0,0,0,1,1,0,0,1,1,3.3
joneste01,Terrence Jones,NEW ORLEANS PELICANS,HOME,CHARLOTTE HORNETS,WIN,1228,2,8,0,2,3,4,0,4,1,1,1,1,3,3.2
brownja02,Jaylen Brown,BOSTON CELTICS,AWAY,DETROIT PISTONS,WIN,450,1,2,1,1,2,2,0,0,0,0,0,1,0,3.0
nichoan01,Andrew Nicholson,WASHINGTON WIZARDS,HOME,MIAMI HEAT,LOSS,384,2,3,0,0,0,0,0,0,0,1,0,0,2,2.9
willima02,Marvin Williams,CHARLOTTE HORNETS,AWAY,NEW ORLEANS PELICANS,LOSS,1818,3,14,1,6,6,6,1,1,0,0,0,1,4,2.8
asikom01,Ömer Aşık,NEW ORLEANS PELICANS,HOME,CHARLOTTE HORNETS,WIN,791,0,0,0,0,0,0,2,3,1,1,0,1,1,2.6
brussni01,Nicolás Brussino,DALLAS MAVERICKS,AWAY,ORLANDO MAGIC,LOSS,323,2,3,1,1,0,0,0,1,0,0,0,1,1,2.6
piercpa01,Paul Pierce,LOS ANGELES CLIPPERS,HOME,CHICAGO BULLS,WIN,511,2,4,1,3,0,0,0,0,0,0,0,0,1,2.6
poweldw01,Dwight Powell,DALLAS MAVERICKS,AWAY,ORLANDO MAGIC,LOSS,1231,0,6,0,0,4,5,2,4,0,1,0,0,1,2.6
rubiori01,Ricky Rubio,MINNESOTA TIMBERWOLVES,AWAY,MEMPHIS GRIZZLIES,LOSS,2059,0,5,0,2,2,4,2,2,7,0,0,2,0,2.6
brogdma01,Malcolm Brogdon,MILWAUKEE BUCKS,HOME,GOLDEN STATE WARRIORS,LOSS,862,2,6,1,2,0,0,0,4,1,0,0,1,0,2.5
davisde01,Deyonta Davis,MEMPHIS GRIZZLIES,HOME,MINNESOTA TIMBERWOLVES,WIN,564,1,2,0,0,1,2,1,2,0,0,0,0,1,2.5
thornma01,Marcus Thornton,WASHINGTON WIZARDS,HOME,MIAMI HEAT,LOSS,1357,1,3,0,1,1,1,0,1,1,2,0,2,0,2.3
livinsh01,Shaun Livingston,GOLDEN STATE WARRIORS,AWAY,MILWAUKEE BUCKS,WIN,926,1,5,0,0,1,2,2,1,2,0,0,0,1,2.2
smithja02,Jason Smith,WASHINGTON WIZARDS,HOME,MIAMI HEAT,LOSS,624,2,3,0,0,0,0,0,1,0,0,0,0,2,2.2
smartma01,Marcus Smart,BOSTON CELTICS,AWAY,DETROIT PISTONS,WIN,1836,1,9,0,5,0,0,2,5,3,0,2,0,1,2.1
aldrico01,Cole Aldrich,MINNESOTA TIMBERWOLVES,AWAY,MEMPHIS GRIZZLIES,LOSS,373,1,1,0,0,0,0,0,1,0,0,0,0,0,2.0
covinro01,Robert Covington,PHILADELPHIA 76ERS,HOME,PHOENIX SUNS,WIN,1057,1,5,1,4,0,2,0,5,2,2,2,3,1,2.0
dekkesa01,Sam Dekker,HOUSTON ROCKETS,HOME,UTAH JAZZ,WIN,943,1,2,0,1,0,0,0,1,0,1,0,0,1,1.9
exumda01,Dante Exum,UTAH JAZZ,AWAY,HOUSTON ROCKETS,LOSS,1666,4,11,1,3,1,2,0,1,1,0,0,1,4,1.9
mooreet01,E'Twaun Moore,NEW ORLEANS PELICANS,HOME,CHARLOTTE HORNETS,WIN,1100,1,7,0,1,0,0,1,3,4,1,0,1,0,1.9
holmeri01,Richaun Holmes,PHILADELPHIA 76ERS,HOME,PHOENIX SUNS,WIN,448,1,2,0,0,1,2,0,1,1,0,0,0,2,1.8
monrogr01,Greg Monroe,MILWAUKEE BUCKS,HOME,GOLDEN STATE WARRIORS,LOSS,125,1,2,0,0,0,0,0,0,1,0,0,0,0,1.7
feltora01,Raymond Felton,LOS ANGELES CLIPPERS,HOME,CHICAGO BULLS,WIN,611,1,4,0,1,0,0,0,2,2,1,0,1,0,1.6
jenkijo01,John Jenkins,PHOENIX SUNS,AWAY,PHILADELPHIA 76ERS,LOSS,245,0,1,0,0,2,2,0,1,0,0,0,0,0,1.6
macksh01,Shelvin Mack,UTAH JAZZ,AWAY,HOUSTON ROCKETS,LOSS,1312,2,6,0,2,0,1,0,1,7,0,0,3,2,1.6
gasolma01,Marc Gasol,MEMPHIS GRIZZLIES,HOME,MINNESOTA TIMBERWOLVES,WIN,2128,2,12,0,1,2,2,0,7,3,1,2,2,4,1.4
hibbero01,Roy Hibbert,CHARLOTTE HORNETS,AWAY,NEW ORLEANS PELICANS,LOSS,1007,2,4,0,0,0,0,0,2,0,1,0,1,3,1.4
johnsty01,Tyler Johnson,MIAMI HEAT,AWAY,WASHINGTON WIZARDS,WIN,1488,1,9,1,4,2,2,1,2,4,0,0,1,2,1.4
portibo01,Bobby Portis,CHICAGO BULLS,AWAY,LOS ANGELES CLIPPERS,LOSS,1186,1,1,0,0,0,0,1,2,0,0,0,0,4,1.4
riverau01,Austin Rivers,LOS ANGELES CLIPPERS,HOME,CHICAGO BULLS,WIN,1244,1,2,0,1,1,2,0,2,1,0,0,0,4,1.3
willitr02,Troy Williams,MEMPHIS GRIZZLIES,HOME,MINNESOTA TIMBERWOLVES,WIN,140,1,1,0,0,0,0,0,0,0,0,0,0,1,1.3
finnedo01,Dorian Finney-Smith,DALLAS MAVERICKS,AWAY,ORLANDO MAGIC,LOSS,814,0,2,0,1,2,2,0,2,0,0,0,0,0,1.2
mcgruro01,Rodney McGruder,MIAMI HEAT,AWAY,WASHINGTON WIZARDS,WIN,1152,2,5,0,1,2,3,0,3,0,1,0,2,4,1.2
babbilu01,Luke Babbitt,MIAMI HEAT,AWAY,WASHINGTON WIZARDS,WIN,493,1,2,1,1,0,0,0,0,0,1,0,2,0,1.0
baldwwa01,Wade Baldwin,MEMPHIS GRIZZLIES,HOME,MINNESOTA TIMBERWOLVES,WIN,134,0,0,0,0,0,0,0,0,0,1,0,0,0,1.0
gordoaa01,Aaron Gordon,ORLANDO MAGIC,HOME,DALLAS MAVERICKS,WIN,1513,2,5,1,2,0,0,1,3,1,0,0,2,4,1.0
zellety01,Tyler Zeller,BOSTON CELTICS,AWAY,DETROIT PISTONS,WIN,221,1,3,0,0,0,0,1,0,0,0,0,0,0,1.0
cartevi01,Vince Carter,MEMPHIS GRIZZLIES,HOME,MINNESOTA TIMBERWOLVES,WIN,1546,0,7,0,5,4,5,2,3,1,0,0,0,2,0.9
teletmi01,Mirza Teletović,MILWAUKEE BUCKS,HOME,GOLDEN STATE WARRIORS,LOSS,720,1,5,1,5,0,0,0,3,2,0,0,1,1,0.8
jonesty01,Tyus Jones,MINNESOTA TIMBERWOLVES,AWAY,MEMPHIS GRIZZLIES,LOSS,164,0,0,0,0,0,0,0,0,1,0,0,0,0,0.7
luwawti01,Timothé Luwawu-Cabarrot,PHILADELPHIA 76ERS,HOME,PHOENIX SUNS,WIN,277,1,3,0,0,0,0,0,0,1,0,0,0,1,0.6
anderry01,Ryan Anderson,HOUSTON ROCKETS,HOME,UTAH JAZZ,WIN,1922,2,9,1,5,0,0,1,2,0,0,0,0,1,0.4
barbole01,Leandro Barbosa,PHOENIX SUNS,AWAY,PHILADELPHIA 76ERS,LOSS,570,1,3,0,0,0,0,0,0,0,0,0,0,0,0.3
feliccr01,Cristiano Felício,CHICAGO BULLS,AWAY,LOS ANGELES CLIPPERS,LOSS,118,0,0,0,0,0,0,0,1,0,0,0,0,0,0.3
allento01,Tony Allen,MEMPHIS GRIZZLIES,HOME,MINNESOTA TIMBERWOLVES,WIN,1194,2,8,0,0,0,0,0,1,0,1,1,1,0,0.2
mccawpa01,Patrick McCaw,GOLDEN STATE WARRIORS,AWAY,MILWAUKEE BUCKS,WIN,1045,1,4,1,3,0,0,1,0,1,0,0,1,2,0.2
jonesde02,Derrick Jones,PHOENIX SUNS,AWAY,PHILADELPHIA 76ERS,LOSS,161,0,0,0,0,0,0,0,0,0,0,0,0,0,0.0
lucasjo02,John Lucas III,MINNESOTA TIMBERWOLVES,AWAY,MEMPHIS GRIZZLIES,LOSS,37,0,0,0,0,0,0,0,0,0,0,0,0,0,0.0
bolomjo01,Joel Bolomboy,UTAH JAZZ,AWAY,HOUSTON ROCKETS,LOSS,167,0,0,0,0,0,0,0,1,0,0,0,0,1,-0.1
crawfja01,Jamal Crawford,LOS ANGELES CLIPPERS,HOME,CHICAGO BULLS,WIN,1633,3,9,1,5,0,0,0,1,0,0,0,2,1,-0.2
hieldbu01,Buddy Hield,NEW ORLEANS PELICANS,HOME,CHARLOTTE HORNETS,WIN,357,1,4,0,2,0,0,0,0,0,0,0,0,0,-0.4
mejrisa01,Salah Mejri,DALLAS MAVERICKS,AWAY,ORLANDO MAGIC,LOSS,99,0,0,0,0,0,0,0,0,0,0,0,0,1,-0.4
bookede01,Devin Booker,PHOENIX SUNS,AWAY,PHILADELPHIA 76ERS,LOSS,1058,4,13,0,2,2,3,0,1,0,2,0,5,0,-0.6
bassbr01,Brandon Bass,LOS ANGELES CLIPPERS,HOME,CHICAGO BULLS,WIN,154,0,1,0,0,0,0,0,0,0,0,0,0,0,-0.7
valende01,Denzel Valentine,CHICAGO BULLS,AWAY,LOS ANGELES CLIPPERS,LOSS,146,0,1,0,1,0,0,0,0,0,0,0,0,0,-0.7
rudezda01,Damjan Rudež,ORLANDO MAGIC,HOME,DALLAS MAVERICKS,WIN,742,0,1,0,1,0,0,0,0,0,1,0,0,3,-0.9
martija01,Jarell Martin,MEMPHIS GRIZZLIES,HOME,MINNESOTA TIMBERWOLVES,WIN,110,0,0,0,0,0,0,0,0,0,0,0,1,0,-1.0
bjeline01,Nemanja Bjelica,MINNESOTA TIMBERWOLVES,AWAY,MEMPHIS GRIZZLIES,LOSS,816,0,4,0,3,2,2,0,4,0,0,1,1,3,-1.1
leuerjo01,Jon Leuer,DETROIT PISTONS,HOME,BOSTON CELTICS,LOSS,1248,0,7,0,4,0,0,2,4,3,0,0,0,3,-1.4
bendedr01,Dragan Bender,PHOENIX SUNS,AWAY,PHILADELPHIA 76ERS,LOSS,693,1,3,0,2,0,1,0,1,0,0,1,2,1,-1.5
mirotni01,Nikola Mirotić,CHICAGO BULLS,AWAY,LOS ANGELES CLIPPERS,LOSS,970,1,7,0,5,0,0,0,1,0,1,1,1,0,-1.5
chrisma01,Marquese Chriss,PHOENIX SUNS,AWAY,PHILADELPHIA 76ERS,LOSS,1211,2,7,2,5,0,2,0,2,1,0,0,3,3,-1.8
reedwi02,Willie Reed,MIAMI HEAT,AWAY,WASHINGTON WIZARDS,WIN,281,0,0,0,0,0,0,0,0,0,0,0,1,2,-1.8
looneke01,Kevon Looney,GOLDEN STATE WARRIORS,AWAY,MILWAUKEE BUCKS,WIN,265,0,3,0,0,0,0,1,1,0,0,0,0,2,-1.9
baynear01,Aron Baynes,DETROIT PISTONS,HOME,BOSTON CELTICS,LOSS,1026,0,4,0,0,0,0,1,5,0,1,0,2,1,-2.0
johnsam01,Amir Johnson,BOSTON CELTICS,AWAY,DETROIT PISTONS,WIN,1222,1,5,0,0,0,0,0,3,0,0,0,1,2,-2.0
oubreke01,Kelly Oubre,WASHINGTON WIZARDS,HOME,MIAMI HEAT,LOSS,886,1,6,0,2,0,0,2,2,0,1,0,2,3,-2.0
wiggian01,Andrew Wiggins,MINNESOTA TIMBERWOLVES,AWAY,MEMPHIS GRIZZLIES,LOSS,1937,2,11,0,3,3,4,0,4,1,0,1,5,1,-3.1
dunnkr01,Kris Dunn,MINNESOTA TIMBERWOLVES,AWAY,MEMPHIS GRIZZLIES,LOSS,1061,0,4,0,2,0,0,0,1,1,0,0,0,6,-4.2
