slug,name,team,location,opponent,outcome,seconds_played,made_field_goals,attempted_field_goals,made_three_point_field_goals,attempted_three_point_field_goals,made_free_throws,attempted_free_throws,offensive_rebounds,defensive_rebounds,assists,steals,blocks,turnovers,personal_fouls,game_score
walkeke02,Kemba Walker,CHARLOTTE HORNETS,HOME,PHILADELPHIA 76ERS,LOSS,2723,21,34,6,14,12,12,0,7,4,4,0,9,2,43.7
davisan02,Anthony Davis,NEW ORLEANS PELICANS,HOME,DENVER NUGGETS,WIN,2263,10,20,0,1,20,21,4,4,8,0,1,0,4,38.3
vucevni01,Nikola Vučević,ORLANDO MAGIC,HOME,LOS ANGELES LAKERS,WIN,1882,15,23,2,5,4,5,4,9,0,2,0,3,1,29.6
hardeja01,James Harden,HOUSTON ROCKETS,HOME,SACRAMENTO KINGS,WIN,2057,10,17,4,10,10,10,0,4,8,3,0,6,3,28.7
capelca01,Clint Capela,HOUSTON ROCKETS,HOME,SACRAMENTO KINGS,WIN,2107,11,14,0,0,1,3,5,11,1,1,4,1,1,26.7
russeda01,D'Angelo Russell,BROOKLYN NETS,HOME,LOS ANGELES CLIPPERS,LOSS,2071,9,16,5,7,0,0,0,3,10,2,1,1,0,25.0
georgpa01,Paul George,OKLAHOMA CITY THUNDER,AWAY,PHOENIX SUNS,WIN,2399,9,22,3,10,11,11,1,10,2,3,3,5,2,24.6
gallida01,Danilo Gallinari,LOS ANGELES CLIPPERS,AWAY,BROOKLYN NETS,WIN,1956,9,14,5,7,5,5,0,3,2,1,0,1,0,24.1
jokicni01,Nikola Jokić,DENVER NUGGETS,AWAY,NEW ORLEANS PELICANS,LOSS,2045,10,20,2,8,3,4,3,7,8,1,0,1,2,23.6
simmobe01,Ben Simmons,PHILADELPHIA 76ERS,AWAY,CHARLOTTE HORNETS,WIN,2352,7,13,0,0,9,11,1,10,9,2,0,4,2,23.1
allenja01,Jarrett Allen,BROOKLYN NETS,HOME,LOS ANGELES CLIPPERS,LOSS,1697,8,13,0,1,8,9,5,6,2,0,1,1,3,22.9
embiijo01,Joel Embiid,PHILADELPHIA 76ERS,AWAY,CHARLOTTE HORNETS,WIN,2407,9,23,2,5,13,14,2,9,3,1,2,4,5,22.7
randlju01,Julius Randle,NEW ORLEANS PELICANS,HOME,DENVER NUGGETS,WIN,1641,8,13,0,1,5,7,4,6,3,3,1,1,3,22.5
mitchdo01,Donovan Mitchell,UTAH JAZZ,AWAY,BOSTON CELTICS,WIN,2158,10,21,5,12,3,4,0,3,6,3,1,3,2,21.9
harriga01,Gary Harris,DENVER NUGGETS,AWAY,NEW ORLEANS PELICANS,LOSS,2328,9,16,6,9,0,0,1,4,4,1,1,0,3,21.6
adamsst01,Steven Adams,OKLAHOMA CITY THUNDER,AWAY,PHOENIX SUNS,WIN,2191,11,15,0,0,4,5,5,5,0,1,0,2,5,21.5
augusdj01,D.J. Augustin,ORLANDO MAGIC,HOME,LOS ANGELES LAKERS,WIN,1627,7,9,3,3,5,5,0,1,7,0,0,2,2,20.9
stephla01,Lance Stephenson,LOS ANGELES LAKERS,AWAY,ORLANDO MAGIC,LOSS,1300,6,9,1,3,6,6,1,5,3,2,0,1,1,20.0
harrito02,Tobias Harris,LOS ANGELES CLIPPERS,AWAY,BROOKLYN NETS,WIN,2191,11,17,2,4,3,4,0,8,3,0,0,3,4,19.0
paulch01,Chris Paul,HOUSTON ROCKETS,HOME,SACRAMENTO KINGS,WIN,1969,7,9,6,8,4,5,0,4,9,1,0,8,4,19.0
mirotni01,Nikola Mirotić,NEW ORLEANS PELICANS,HOME,DENVER NUGGETS,WIN,2030,6,12,3,7,5,5,0,10,2,0,3,1,2,18.7
hieldbu01,Buddy Hield,SACRAMENTO KINGS,AWAY,HOUSTON ROCKETS,LOSS,1782,10,17,3,6,0,0,5,2,2,1,0,2,3,18.4
greenda02,Danny Green,TORONTO RAPTORS,AWAY,CHICAGO BULLS,WIN,1557,7,7,3,3,0,0,1,3,3,1,0,1,2,17.8
vanvlfr01,Fred VanVleet,TORONTO RAPTORS,AWAY,CHICAGO BULLS,WIN,1746,7,11,4,7,0,0,2,2,4,1,1,1,2,17.8
duranke01,Kevin Durant,GOLDEN STATE WARRIORS,AWAY,DALLAS MAVERICKS,LOSS,2199,11,24,0,4,10,11,0,4,3,0,1,4,4,17.6
rubiori01,Ricky Rubio,UTAH JAZZ,AWAY,BOSTON CELTICS,WIN,1697,6,13,2,4,6,7,0,4,2,3,0,1,2,16.7
harremo01,Montrezl Harrell,LOS ANGELES CLIPPERS,AWAY,BROOKLYN NETS,WIN,1632,7,10,0,0,2,4,4,6,1,0,1,0,1,16.6
ingrabr01,Brandon Ingram,LOS ANGELES LAKERS,AWAY,ORLANDO MAGIC,LOSS,2019,7,13,0,2,3,4,0,6,7,0,0,0,1,16.6
goberru01,Rudy Gobert,UTAH JAZZ,AWAY,BOSTON CELTICS,WIN,1847,4,5,0,0,4,6,4,6,3,2,1,1,3,16.5
redicjj01,J.J. Redick,PHILADELPHIA 76ERS,AWAY,CHARLOTTE HORNETS,WIN,1772,9,17,5,11,0,0,0,1,1,0,1,0,0,16.4
barneha02,Harrison Barnes,DALLAS MAVERICKS,HOME,GOLDEN STATE WARRIORS,WIN,2202,7,14,2,4,7,11,1,7,1,0,0,0,4,16.3
harrijo01,Joe Harris,BROOKLYN NETS,HOME,LOS ANGELES CLIPPERS,LOSS,1821,7,11,2,3,3,5,0,1,4,1,0,0,3,16.2
holidjr01,Jrue Holiday,NEW ORLEANS PELICANS,HOME,DENVER NUGGETS,WIN,1890,8,19,2,5,1,1,1,2,8,3,1,2,4,15.9
hernaju01,Juan Hernangómez,DENVER NUGGETS,AWAY,NEW ORLEANS PELICANS,LOSS,2120,7,12,4,6,2,2,3,8,2,0,1,4,3,15.8
sabondo01,Domantas Sabonis,INDIANA PACERS,HOME,ATLANTA HAWKS,WIN,1708,4,7,0,0,1,1,4,12,6,1,1,1,4,15.4
doncilu01,Luka Dončić,DALLAS MAVERICKS,HOME,GOLDEN STATE WARRIORS,WIN,2147,9,20,2,8,4,4,1,8,4,0,0,3,3,15.3
jamesle01,LeBron James,LOS ANGELES LAKERS,AWAY,ORLANDO MAGIC,LOSS,1553,8,19,3,6,3,4,0,4,7,0,1,3,0,15.3
grantje01,Jerami Grant,OKLAHOMA CITY THUNDER,AWAY,PHOENIX SUNS,WIN,1945,4,7,1,2,5,7,1,5,3,0,2,0,2,14.8
lambje01,Jeremy Lamb,CHARLOTTE HORNETS,HOME,PHILADELPHIA 76ERS,LOSS,2385,6,18,1,6,7,7,3,7,3,1,0,1,4,14.5
warretj01,T.J. Warren,PHOENIX SUNS,HOME,OKLAHOMA CITY THUNDER,LOSS,2427,10,19,2,4,1,2,1,4,1,1,1,2,3,14.4
irvinky01,Kyrie Irving,BOSTON CELTICS,HOME,UTAH JAZZ,LOSS,1822,8,16,1,2,3,5,2,6,1,2,0,1,5,14.1
baglema01,Marvin Bagley,SACRAMENTO KINGS,AWAY,HOUSTON ROCKETS,LOSS,1637,7,10,0,1,2,3,3,5,1,0,1,2,1,14.0
bridgmi01,Mikal Bridges,PHOENIX SUNS,HOME,OKLAHOMA CITY THUNDER,LOSS,1832,4,7,3,5,3,3,0,2,2,4,2,2,6,13.7
ibakase01,Serge Ibaka,TORONTO RAPTORS,AWAY,CHICAGO BULLS,WIN,1370,6,13,0,1,4,4,0,4,1,2,4,2,2,13.2
bookede01,Devin Booker,PHOENIX SUNS,HOME,OKLAHOMA CITY THUNDER,LOSS,2354,5,16,3,8,3,4,0,4,12,0,0,1,5,13.0
aytonde01,Deandre Ayton,PHOENIX SUNS,HOME,OKLAHOMA CITY THUNDER,LOSS,2137,10,19,0,1,1,2,1,8,1,1,0,2,3,12.9
bogdabo02,Bojan Bogdanović,INDIANA PACERS,HOME,ATLANTA HAWKS,WIN,1697,7,12,3,5,5,5,0,4,0,0,0,4,2,12.8
siakapa01,Pascal Siakam,TORONTO RAPTORS,AWAY,CHICAGO BULLS,WIN,1750,4,10,0,2,4,4,1,7,5,1,1,1,2,12.8
bogdabo01,Bogdan Bogdanović,SACRAMENTO KINGS,AWAY,HOUSTON ROCKETS,LOSS,1195,6,11,2,5,0,0,0,1,5,1,0,0,2,12.7
smithde03,Dennis Smith,DALLAS MAVERICKS,HOME,GOLDEN STATE WARRIORS,WIN,1664,5,12,2,5,2,7,0,2,6,2,1,0,1,12.7
morrimo01,Monte Morris,DENVER NUGGETS,AWAY,NEW ORLEANS PELICANS,LOSS,2054,6,7,1,1,0,0,0,3,5,0,0,2,1,12.5
livinsh01,Shaun Livingston,GOLDEN STATE WARRIORS,AWAY,DALLAS MAVERICKS,LOSS,1183,5,9,0,0,2,2,1,3,4,0,1,0,1,12.4
thompkl01,Klay Thompson,GOLDEN STATE WARRIORS,AWAY,DALLAS MAVERICKS,LOSS,2265,9,24,2,11,2,2,0,3,4,2,0,1,3,12.3
linje01,Jeremy Lin,ATLANTA HAWKS,AWAY,INDIANA PACERS,LOSS,1457,7,11,2,3,0,0,0,4,4,3,0,4,5,12.1
bazemke01,Kent Bazemore,ATLANTA HAWKS,AWAY,INDIANA PACERS,LOSS,1835,5,14,2,4,1,2,1,4,4,4,1,1,3,12.0
hartjo01,Josh Hart,LOS ANGELES LAKERS,AWAY,ORLANDO MAGIC,LOSS,1211,5,7,3,4,0,0,0,2,1,0,2,0,2,12.0
schrode01,Dennis Schröder,OKLAHOMA CITY THUNDER,AWAY,PHOENIX SUNS,WIN,2157,6,15,1,3,2,2,1,4,7,4,0,5,2,11.9
simmojo02,Jonathon Simmons,ORLANDO MAGIC,HOME,LOS ANGELES LAKERS,WIN,1563,5,10,0,2,2,3,1,4,6,0,0,0,2,11.9
leeda03,Damion Lee,GOLDEN STATE WARRIORS,AWAY,DALLAS MAVERICKS,LOSS,1121,4,8,3,5,2,2,0,4,0,2,0,0,1,11.8
jordade01,DeAndre Jordan,DALLAS MAVERICKS,HOME,GOLDEN STATE WARRIORS,WIN,1855,4,5,0,0,5,6,0,10,0,1,1,3,2,11.6
finnedo01,Dorian Finney-Smith,DALLAS MAVERICKS,HOME,GOLDEN STATE WARRIORS,WIN,2415,5,11,2,6,1,2,3,2,3,2,0,1,3,11.5
foxde01,De'Aaron Fox,SACRAMENTO KINGS,AWAY,HOUSTON ROCKETS,LOSS,1529,8,14,2,4,1,1,0,1,3,1,0,3,4,11.2
cookqu01,Quinn Cook,GOLDEN STATE WARRIORS,AWAY,DALLAS MAVERICKS,LOSS,1297,6,10,3,5,0,0,0,2,3,1,0,1,5,11.1
collida01,Darren Collison,INDIANA PACERS,HOME,ATLANTA HAWKS,WIN,1576,4,10,2,3,2,2,1,1,5,2,0,1,3,10.9
greenge01,Gerald Green,HOUSTON ROCKETS,HOME,SACRAMENTO KINGS,WIN,820,6,10,5,8,0,0,0,1,0,0,0,1,2,10.9
favorde01,Derrick Favors,UTAH JAZZ,AWAY,BOSTON CELTICS,WIN,1413,4,6,0,1,2,6,1,7,1,1,1,0,1,10.6
butleji01,Jimmy Butler,PHILADELPHIA 76ERS,AWAY,CHARLOTTE HORNETS,WIN,2233,4,11,1,3,6,7,1,2,4,2,2,4,4,10.4
gordoaa01,Aaron Gordon,ORLANDO MAGIC,HOME,LOS ANGELES LAKERS,WIN,1762,5,13,1,2,1,2,3,3,3,2,0,1,1,10.2
crabbal01,Allen Crabbe,BROOKLYN NETS,HOME,LOS ANGELES CLIPPERS,LOSS,1796,5,11,3,6,2,2,0,4,1,0,0,0,3,10.0
zelleco01,Cody Zeller,CHARLOTTE HORNETS,HOME,PHILADELPHIA 76ERS,LOSS,2128,4,8,0,1,2,2,1,6,4,1,0,0,6,9.9
fournev01,Evan Fournier,ORLANDO MAGIC,HOME,LOS ANGELES LAKERS,WIN,2011,6,15,1,8,2,3,1,4,4,0,0,0,4,9.6
gortama01,Marcin Gortat,LOS ANGELES CLIPPERS,AWAY,BROOKLYN NETS,WIN,953,5,6,0,0,0,0,4,4,0,0,0,1,3,9.6
dedmode01,Dewayne Dedmon,ATLANTA HAWKS,AWAY,INDIANA PACERS,LOSS,1359,4,5,1,2,3,3,0,7,1,0,1,3,3,9.4
lowryky01,Kyle Lowry,TORONTO RAPTORS,AWAY,CHICAGO BULLS,WIN,1758,3,11,2,8,0,0,0,7,8,3,0,2,2,9.4
holidju01,Justin Holiday,CHICAGO BULLS,HOME,TORONTO RAPTORS,LOSS,1866,4,10,3,8,1,1,0,4,1,1,1,1,0,9.2
loydjo01,Jordan Loyd,TORONTO RAPTORS,AWAY,CHICAGO BULLS,WIN,720,2,2,2,2,2,2,0,4,1,0,0,0,1,8.9
yabusgu01,Guerschon Yabusele,BOSTON CELTICS,HOME,UTAH JAZZ,LOSS,538,2,5,1,2,4,4,1,1,0,2,0,0,1,8.9
bareajo01,J.J. Barea,DALLAS MAVERICKS,HOME,GOLDEN STATE WARRIORS,WIN,1222,6,9,1,2,0,0,1,2,3,0,0,3,2,8.7
mcgeeja01,JaVale McGee,LOS ANGELES LAKERS,AWAY,ORLANDO MAGIC,LOSS,955,5,7,0,0,1,2,3,1,0,0,0,1,1,8.7
willilo02,Lou Williams,LOS ANGELES CLIPPERS,AWAY,BROOKLYN NETS,WIN,1679,4,15,0,3,8,9,0,1,5,1,0,2,2,8.7
isaacjo01,Jonathan Isaac,ORLANDO MAGIC,HOME,LOS ANGELES LAKERS,WIN,1014,3,5,1,2,0,0,1,4,1,0,5,2,1,8.4
horfoal01,Al Horford,BOSTON CELTICS,HOME,UTAH JAZZ,LOSS,1275,4,7,1,4,0,0,2,4,2,1,2,3,2,8.3
jacksju01,Justin Jackson,SACRAMENTO KINGS,AWAY,HOUSTON ROCKETS,LOSS,1254,3,7,2,5,2,2,0,4,1,0,0,0,0,8.2
beverpa01,Patrick Beverley,LOS ANGELES CLIPPERS,AWAY,BROOKLYN NETS,WIN,1995,2,6,2,4,0,0,0,0,8,1,0,0,3,8.0
canaais01,Isaiah Canaan,PHOENIX SUNS,HOME,OKLAHOMA CITY THUNDER,LOSS,1445,3,6,2,4,0,0,0,0,2,2,0,0,1,8.0
johnswe01,Wesley Johnson,NEW ORLEANS PELICANS,HOME,DENVER NUGGETS,WIN,1464,2,3,2,3,0,0,1,5,2,0,0,0,1,7.9
davised01,Ed Davis,BROOKLYN NETS,HOME,LOS ANGELES CLIPPERS,LOSS,1113,2,3,0,0,0,0,4,7,0,0,2,0,3,7.8
exumda01,Dante Exum,UTAH JAZZ,AWAY,BOSTON CELTICS,WIN,1200,4,8,1,2,1,2,1,6,3,0,0,2,1,7.8
scottmi01,Mike Scott,LOS ANGELES CLIPPERS,AWAY,BROOKLYN NETS,WIN,1212,3,6,1,1,2,2,0,4,2,0,0,0,2,7.8
gilesha01,Harry Giles,SACRAMENTO KINGS,AWAY,HOUSTON ROCKETS,LOSS,413,3,5,0,0,1,2,1,0,1,2,0,0,0,7.7
holidaa01,Aaron Holiday,INDIANA PACERS,HOME,ATLANTA HAWKS,WIN,914,4,6,3,4,1,2,0,3,2,0,0,2,4,7.7
rosste01,Terrence Ross,ORLANDO MAGIC,HOME,LOS ANGELES LAKERS,WIN,978,4,5,2,2,3,3,0,2,0,0,0,2,5,7.7
harrish01,Shaquille Harrison,CHICAGO BULLS,HOME,TORONTO RAPTORS,LOSS,1634,1,7,0,2,5,8,0,4,6,5,0,3,3,7.5
clarkga01,Gary Clark,HOUSTON ROCKETS,HOME,SACRAMENTO KINGS,WIN,1401,1,3,1,3,2,2,0,2,1,0,4,0,0,7.4
valanjo01,Jonas Valančiūnas,TORONTO RAPTORS,AWAY,CHICAGO BULLS,WIN,838,4,6,0,1,0,0,1,8,1,0,0,1,2,7.4
carrode01,DeMarre Carroll,BROOKLYN NETS,HOME,LOS ANGELES CLIPPERS,LOSS,1193,2,6,1,2,4,4,2,5,0,0,0,1,1,7.1
collijo01,John Collins,ATLANTA HAWKS,AWAY,INDIANA PACERS,LOSS,728,3,6,0,1,6,7,1,1,0,0,1,3,1,6.9
mooreet01,E'Twaun Moore,NEW ORLEANS PELICANS,HOME,DENVER NUGGETS,WIN,2150,6,12,1,2,0,0,0,5,1,0,0,2,1,6.8
youngth01,Thaddeus Young,INDIANA PACERS,HOME,ATLANTA HAWKS,WIN,1604,4,11,0,1,3,5,2,5,2,0,0,0,4,6.8
luwawti01,Timothé Luwawu-Cabarrot,OKLAHOMA CITY THUNDER,AWAY,PHOENIX SUNS,WIN,1505,4,8,1,3,3,3,1,3,1,0,0,2,4,6.7
wrighde01,Delon Wright,TORONTO RAPTORS,AWAY,CHICAGO BULLS,WIN,1149,3,8,1,3,0,0,2,2,4,2,1,3,1,6.7
crawfja01,Jamal Crawford,PHOENIX SUNS,HOME,OKLAHOMA CITY THUNDER,LOSS,1418,2,5,1,3,2,2,0,0,5,1,0,1,3,6.6
poweldw01,Dwight Powell,DALLAS MAVERICKS,HOME,GOLDEN STATE WARRIORS,WIN,1024,3,6,0,1,1,1,2,2,0,1,0,0,1,6.6
cartewe01,Wendell Carter,CHICAGO BULLS,HOME,TORONTO RAPTORS,LOSS,1337,2,8,0,1,4,4,2,3,3,0,1,1,2,6.5
gordoer01,Eric Gordon,HOUSTON ROCKETS,HOME,SACRAMENTO KINGS,WIN,1717,4,13,3,11,0,0,0,1,5,0,0,0,2,6.5
bridgmi02,Miles Bridges,CHARLOTTE HORNETS,HOME,PHILADELPHIA 76ERS,LOSS,1575,4,6,1,1,0,0,0,4,1,1,1,2,4,6.4
iguodan01,Andre Iguodala,GOLDEN STATE WARRIORS,AWAY,DALLAS MAVERICKS,LOSS,1696,4,9,0,4,0,0,2,3,4,0,0,2,0,6.4
jerebjo01,Jonas Jerebko,GOLDEN STATE WARRIORS,AWAY,DALLAS MAVERICKS,LOSS,1507,2,7,1,4,0,0,3,7,4,0,0,0,4,6.3
mykhasv01,Sviatoslav Mykhailiuk,LOS ANGELES LAKERS,AWAY,ORLANDO MAGIC,LOSS,630,2,3,2,3,2,2,0,0,0,0,0,0,1,6.3
turnemy01,Myles Turner,INDIANA PACERS,HOME,ATLANTA HAWKS,WIN,1479,4,11,2,4,0,2,1,9,2,0,3,3,2,6.2
caldwke01,Kentavious Caldwell-Pope,LOS ANGELES LAKERS,AWAY,ORLANDO MAGIC,LOSS,1699,3,9,0,3,4,4,3,1,0,0,0,0,3,6.1
murraja01,Jamal Murray,DENVER NUGGETS,AWAY,NEW ORLEANS PELICANS,LOSS,1724,4,14,1,5,2,2,0,2,6,0,1,1,3,6.1
haywago01,Gordon Hayward,BOSTON CELTICS,HOME,UTAH JAZZ,LOSS,1564,3,7,0,2,1,1,1,3,3,2,0,3,0,6.0
plumlma01,Mason Plumlee,DENVER NUGGETS,AWAY,NEW ORLEANS PELICANS,LOSS,774,2,4,0,0,0,0,1,4,1,3,1,1,4,5.7
parkeja01,Jabari Parker,CHICAGO BULLS,HOME,TORONTO RAPTORS,LOSS,1637,5,14,2,4,0,0,1,5,2,2,0,3,3,5.6
smartma01,Marcus Smart,BOSTON CELTICS,HOME,UTAH JAZZ,LOSS,998,2,4,0,1,1,1,0,2,3,1,1,1,2,5.6
brownlo01,Lorenzo Brown,TORONTO RAPTORS,AWAY,CHICAGO BULLS,WIN,1312,5,9,0,3,0,0,0,1,2,3,1,4,4,5.5
jonesda03,Damian Jones,GOLDEN STATE WARRIORS,AWAY,DALLAS MAVERICKS,LOSS,1329,1,1,0,0,0,0,1,6,1,1,4,2,3,5.5
ennisja01,James Ennis,HOUSTON ROCKETS,HOME,SACRAMENTO KINGS,WIN,1647,2,4,0,1,2,2,0,3,0,1,1,0,3,5.4
holliro01,Rondae Hollis-Jefferson,BROOKLYN NETS,HOME,LOS ANGELES CLIPPERS,LOSS,732,2,6,0,1,4,6,2,2,0,1,0,1,1,5.4
holmeri01,Richaun Holmes,PHOENIX SUNS,HOME,OKLAHOMA CITY THUNDER,LOSS,743,1,1,0,0,2,4,1,4,0,0,2,0,2,5.4
dudleja01,Jared Dudley,BROOKLYN NETS,HOME,LOS ANGELES CLIPPERS,LOSS,1540,2,2,1,1,0,0,0,2,1,0,0,0,1,5.3
baynear01,Aron Baynes,BOSTON CELTICS,HOME,UTAH JAZZ,LOSS,861,2,5,1,1,0,0,3,2,1,1,1,1,3,5.2
noelne01,Nerlens Noel,OKLAHOMA CITY THUNDER,AWAY,PHOENIX SUNS,WIN,689,2,4,0,0,0,0,2,4,0,1,2,1,2,5.2
jacksjo02,Josh Jackson,PHOENIX SUNS,HOME,OKLAHOMA CITY THUNDER,LOSS,1025,2,6,1,1,2,4,1,2,0,4,1,3,2,5.0
inglejo01,Joe Ingles,UTAH JAZZ,AWAY,BOSTON CELTICS,WIN,1802,3,6,1,4,0,0,0,3,6,0,0,3,3,4.9
tatumja01,Jayson Tatum,BOSTON CELTICS,HOME,UTAH JAZZ,LOSS,1412,5,11,0,2,0,0,1,6,0,0,0,2,0,4.8
bambamo01,Mohamed Bamba,ORLANDO MAGIC,HOME,LOS ANGELES LAKERS,WIN,894,3,6,0,3,2,2,0,1,1,0,1,1,3,4.5
bembrde01,DeAndre' Bembry,ATLANTA HAWKS,AWAY,INDIANA PACERS,LOSS,1360,3,10,0,3,2,2,0,4,2,1,0,1,1,4.4
feliccr01,Cristiano Felício,CHICAGO BULLS,HOME,TORONTO RAPTORS,LOSS,672,1,1,0,0,1,1,1,1,1,0,0,0,0,4.4
bacondw01,Dwayne Bacon,CHARLOTTE HORNETS,HOME,PHILADELPHIA 76ERS,LOSS,1714,4,10,1,3,0,0,0,6,0,0,0,0,3,4.2
beaslmi01,Michael Beasley,LOS ANGELES LAKERS,AWAY,ORLANDO MAGIC,LOSS,544,3,6,0,1,1,1,1,0,0,1,0,0,4,4.1
theisda01,Daniel Theis,BOSTON CELTICS,HOME,UTAH JAZZ,LOSS,744,3,4,0,0,1,4,2,0,0,0,0,0,4,4.0
johnsam01,Amir Johnson,PHILADELPHIA 76ERS,AWAY,CHARLOTTE HORNETS,WIN,586,2,3,1,2,1,1,1,3,0,0,0,2,1,3.9
lopezro01,Robin Lopez,CHICAGO BULLS,HOME,TORONTO RAPTORS,LOSS,871,4,6,1,1,0,2,0,0,0,1,0,2,2,3.8
millspa01,Paul Millsap,DENVER NUGGETS,AWAY,NEW ORLEANS PELICANS,LOSS,1306,3,8,0,3,1,3,1,0,3,0,2,1,3,3.8
grantje02,Jerian Grant,ORLANDO MAGIC,HOME,LOS ANGELES LAKERS,WIN,1154,1,4,1,3,0,0,1,1,3,1,0,1,0,3.7
hutchch01,Chandler Hutchison,CHICAGO BULLS,HOME,TORONTO RAPTORS,LOSS,1243,3,8,0,2,3,3,1,4,0,3,0,5,2,3.7
lenal01,Alex Len,ATLANTA HAWKS,AWAY,INDIANA PACERS,LOSS,1226,1,7,0,1,3,4,2,2,2,1,0,0,2,3.7
shumpim01,Iman Shumpert,SACRAMENTO KINGS,AWAY,HOUSTON ROCKETS,LOSS,1271,1,5,1,4,0,0,2,3,2,1,0,1,0,3.6
korkmfu01,Furkan Korkmaz,PHILADELPHIA 76ERS,AWAY,CHARLOTTE HORNETS,WIN,947,1,4,0,2,1,2,1,3,3,0,0,0,1,3.5
monrogr01,Greg Monroe,TORONTO RAPTORS,AWAY,CHICAGO BULLS,WIN,672,3,4,0,0,1,2,1,2,2,0,0,3,3,3.5
richama01,Malachi Richardson,TORONTO RAPTORS,AWAY,CHICAGO BULLS,WIN,1130,3,4,2,3,1,1,0,3,0,1,0,5,2,3.5
fultzma01,Markelle Fultz,PHILADELPHIA 76ERS,AWAY,CHARLOTTE HORNETS,WIN,1146,3,6,0,0,0,0,2,4,1,1,1,3,4,3.4
tuckepj01,P.J. Tucker,HOUSTON ROCKETS,HOME,SACRAMENTO KINGS,WIN,1776,4,9,1,5,0,0,1,7,0,1,0,4,2,3.3
cartevi01,Vince Carter,ATLANTA HAWKS,AWAY,INDIANA PACERS,LOSS,970,2,8,2,5,1,2,0,4,0,1,0,0,2,3.2
muscami01,Mike Muscala,PHILADELPHIA 76ERS,AWAY,CHARLOTTE HORNETS,WIN,2206,2,8,1,6,1,1,0,6,2,2,0,2,3,3.2
parketo01,Tony Parker,CHARLOTTE HORNETS,HOME,PHILADELPHIA 76ERS,LOSS,915,1,4,0,0,0,0,0,3,5,0,0,1,0,3.0
payneca01,Cameron Payne,CHICAGO BULLS,HOME,TORONTO RAPTORS,LOSS,1339,2,6,0,1,0,0,1,2,4,1,1,2,4,2.8
diallha01,Hamidou Diallo,OKLAHOMA CITY THUNDER,AWAY,PHOENIX SUNS,WIN,1150,0,1,0,0,1,2,2,2,1,0,0,0,0,2.6
arcidry01,Ryan Arcidiacono,CHICAGO BULLS,HOME,TORONTO RAPTORS,LOSS,1847,2,7,2,6,0,0,0,2,3,0,0,1,3,2.4
youngtr01,Trae Young,ATLANTA HAWKS,AWAY,INDIANA PACERS,LOSS,1423,3,11,0,5,3,4,0,1,4,1,0,3,2,2.4
ferreyo01,Yogi Ferrell,SACRAMENTO KINGS,AWAY,HOUSTON ROCKETS,LOSS,1244,1,4,1,3,2,2,0,4,1,1,0,2,3,2.3
ojelese01,Semi Ojeleye,BOSTON CELTICS,HOME,UTAH JAZZ,LOSS,720,1,3,0,2,0,0,1,1,0,1,0,0,0,2.3
robinje01,Jerome Robinson,LOS ANGELES CLIPPERS,AWAY,BROOKLYN NETS,WIN,325,1,1,1,1,0,0,0,0,0,0,0,0,1,2.3
crowdja01,Jae Crowder,UTAH JAZZ,AWAY,BOSTON CELTICS,WIN,1629,2,7,1,6,0,0,0,4,1,1,0,0,4,2.2
harteis01,Isaiah Hartenstein,HOUSTON ROCKETS,HOME,SACRAMENTO KINGS,WIN,586,0,0,0,0,1,2,0,2,2,1,0,1,1,2.2
wallaty01,Tyrone Wallace,LOS ANGELES CLIPPERS,AWAY,BROOKLYN NETS,WIN,596,3,9,0,2,0,0,1,0,0,1,0,0,1,2.2
willitr02,Troy Williams,SACRAMENTO KINGS,AWAY,HOUSTON ROCKETS,LOSS,894,2,5,0,2,0,0,0,1,0,1,0,0,1,2.2
chandwi01,Wilson Chandler,PHILADELPHIA 76ERS,AWAY,CHARLOTTE HORNETS,WIN,843,0,2,0,2,2,2,1,4,0,0,0,0,1,2.1
evansty01,Tyreke Evans,INDIANA PACERS,HOME,ATLANTA HAWKS,WIN,1465,4,12,2,7,1,2,0,2,0,1,0,3,1,2.0
leaftj01,T.J. Leaf,INDIANA PACERS,HOME,ATLANTA HAWKS,WIN,229,0,0,0,0,0,0,0,0,1,1,1,0,1,2.0
martija01,Jarell Martin,ORLANDO MAGIC,HOME,LOS ANGELES LAKERS,WIN,104,1,1,0,0,0,0,0,1,0,0,0,0,0,2.0
shamela01,Landry Shamet,PHILADELPHIA 76ERS,AWAY,CHARLOTTE HORNETS,WIN,1408,2,6,1,4,0,0,0,2,0,1,0,0,3,2.0
poythal01,Alex Poythress,ATLANTA HAWKS,AWAY,INDIANA PACERS,LOSS,679,0,0,0,0,0,0,0,3,0,0,2,0,1,1.9
pattepa01,Patrick Patterson,OKLAHOMA CITY THUNDER,AWAY,PHOENIX SUNS,WIN,935,1,5,1,3,1,2,1,2,0,0,0,0,0,1.8
willima02,Marvin Williams,CHARLOTTE HORNETS,HOME,PHILADELPHIA 76ERS,LOSS,1602,1,3,1,2,1,2,1,4,1,0,1,1,6,1.8
spellom01,Omari Spellman,ATLANTA HAWKS,AWAY,INDIANA PACERS,LOSS,743,1,3,0,0,0,2,1,1,0,2,0,0,2,1.7
oladivi01,Victor Oladipo,INDIANA PACERS,HOME,ATLANTA HAWKS,WIN,278,0,1,0,0,2,2,0,2,1,0,0,1,0,1.6
bouchch01,Chris Boucher,TORONTO RAPTORS,AWAY,CHICAGO BULLS,WIN,398,1,4,0,2,0,0,0,3,0,0,2,0,1,1.5
harride01,Devin Harris,DALLAS MAVERICKS,HOME,GOLDEN STATE WARRIORS,WIN,1137,1,7,1,6,2,3,0,5,0,0,1,0,2,1.5
batumni01,Nicolas Batum,CHARLOTTE HORNETS,HOME,PHILADELPHIA 76ERS,LOSS,1139,0,4,0,1,0,0,1,0,4,1,1,1,0,1.4
briscis01,Isaiah Briscoe,ORLANDO MAGIC,HOME,LOS ANGELES LAKERS,WIN,104,0,0,0,0,0,0,0,0,2,0,0,0,0,1.4
cartemi01,Michael Carter-Williams,HOUSTON ROCKETS,HOME,SACRAMENTO KINGS,WIN,119,0,0,0,0,0,0,0,0,1,1,0,0,1,1.3
oquinky01,Kyle O'Quinn,INDIANA PACERS,HOME,ATLANTA HAWKS,WIN,151,0,1,0,0,0,0,2,1,0,0,1,0,1,1.3
chandty01,Tyson Chandler,LOS ANGELES LAKERS,AWAY,ORLANDO MAGIC,LOSS,1041,1,1,0,0,0,0,0,3,0,0,0,1,1,1.2
huertke01,Kevin Huerter,ATLANTA HAWKS,AWAY,INDIANA PACERS,LOSS,1757,2,9,1,4,0,1,0,3,3,1,1,2,2,1.0
beaslma01,Malik Beasley,DENVER NUGGETS,AWAY,NEW ORLEANS PELICANS,LOSS,832,2,5,0,3,0,0,0,2,0,0,0,1,0,0.9
clarkia01,Ian Clark,NEW ORLEANS PELICANS,HOME,DENVER NUGGETS,WIN,1342,1,5,1,3,0,0,0,3,5,0,0,3,1,0.9
milleda01,Darius Miller,NEW ORLEANS PELICANS,HOME,DENVER NUGGETS,WIN,1392,1,3,1,3,0,0,0,0,0,0,2,1,2,0.9
looneke01,Kevon Looney,GOLDEN STATE WARRIORS,AWAY,DALLAS MAVERICKS,LOSS,1611,0,2,0,0,0,0,5,2,1,0,0,1,4,0.8
mcderdo01,Doug McDermott,INDIANA PACERS,HOME,ATLANTA HAWKS,WIN,1527,2,8,0,4,0,0,0,1,1,1,0,0,1,0.8
dinwisp01,Spencer Dinwiddie,BROOKLYN NETS,HOME,LOS ANGELES CLIPPERS,LOSS,1669,3,16,1,6,4,6,2,2,7,0,0,4,6,0.7
klebima01,Maxi Kleber,DALLAS MAVERICKS,HOME,GOLDEN STATE WARRIORS,WIN,734,0,2,0,2,0,0,0,0,1,0,2,0,0,0.7
onealro01,Royce O'Neale,UTAH JAZZ,AWAY,BOSTON CELTICS,WIN,1170,1,4,1,3,0,0,1,6,0,0,1,2,3,0.6
wanambr01,Brad Wanamaker,BOSTON CELTICS,HOME,UTAH JAZZ,LOSS,538,1,4,0,1,0,0,0,1,1,1,0,1,0,0.6
labissk01,Skal Labissière,SACRAMENTO KINGS,AWAY,HOUSTON ROCKETS,LOSS,413,1,3,0,0,0,0,0,1,0,1,1,1,2,0.5
roziete01,Terry Rozier,BOSTON CELTICS,HOME,UTAH JAZZ,LOSS,1256,2,9,0,6,0,3,1,6,3,0,0,1,1,0.5
hernawi01,Willy Hernangómez,CHARLOTTE HORNETS,HOME,PHILADELPHIA 76ERS,LOSS,765,0,5,0,1,1,2,2,2,1,1,0,0,1,0.4
josepco01,Cory Joseph,INDIANA PACERS,HOME,ATLANTA HAWKS,WIN,1772,2,8,0,2,0,0,0,3,5,5,0,7,3,0.4
chrisma01,Marquese Chriss,HOUSTON ROCKETS,HOME,SACRAMENTO KINGS,WIN,201,1,2,0,1,0,0,0,0,0,0,1,1,1,0.3
biyombi01,Bismack Biyombo,CHARLOTTE HORNETS,HOME,PHILADELPHIA 76ERS,LOSS,287,1,2,0,0,0,0,0,0,0,0,0,0,2,0.2
thornsi01,Sindarius Thornwell,LOS ANGELES CLIPPERS,AWAY,BROOKLYN NETS,WIN,658,1,2,0,0,0,0,0,1,0,0,0,0,3,0.1
caulewi01,Willie Cauley-Stein,SACRAMENTO KINGS,AWAY,HOUSTON ROCKETS,LOSS,1091,1,9,0,0,1,2,2,3,3,0,1,1,2,0.0
belljo01,Jordan Bell,GOLDEN STATE WARRIORS,AWAY,DALLAS MAVERICKS,LOSS,16,0,0,0,0,0,0,0,1,0,0,0,0,1,-0.1
masonfr01,Frank Mason,SACRAMENTO KINGS,AWAY,HOUSTON ROCKETS,LOSS,852,2,9,0,3,0,0,0,0,4,1,0,2,1,-0.1
bjeline01,Nemanja Bjelica,SACRAMENTO KINGS,AWAY,HOUSTON ROCKETS,LOSS,825,1,3,0,2,0,0,0,1,0,0,0,0,2,-0.2
lylestr01,Trey Lyles,DENVER NUGGETS,AWAY,NEW ORLEANS PELICANS,LOSS,1217,3,9,1,4,0,2,1,3,1,0,0,2,4,-0.2
blakean01,Antonio Blakeney,CHICAGO BULLS,HOME,TORONTO RAPTORS,LOSS,1954,6,19,0,2,1,2,1,2,1,0,0,4,0,-0.3
birchkh01,Khem Birch,ORLANDO MAGIC,HOME,LOS ANGELES LAKERS,WIN,104,0,0,0,0,0,0,0,0,0,0,0,0,1,-0.4
udohek01,Ekpe Udoh,UTAH JAZZ,AWAY,BOSTON CELTICS,WIN,140,0,0,0,0,0,0,0,0,0,0,0,0,1,-0.4
jacksfr01,Frank Jackson,NEW ORLEANS PELICANS,HOME,DENVER NUGGETS,WIN,228,0,0,0,0,0,0,0,1,0,0,0,1,0,-0.7
wagnemo01,Moritz Wagner,LOS ANGELES LAKERS,AWAY,ORLANDO MAGIC,LOSS,126,0,1,0,1,0,0,0,0,0,0,0,0,0,-0.7
kuzmaky01,Kyle Kuzma,LOS ANGELES LAKERS,AWAY,ORLANDO MAGIC,LOSS,1629,3,10,1,4,1,2,0,6,0,0,2,5,2,-0.8
niangge01,Georges Niang,UTAH JAZZ,AWAY,BOSTON CELTICS,WIN,454,0,3,0,2,1,2,0,0,1,0,0,0,0,-0.8
balllo01,Lonzo Ball,LOS ANGELES LAKERS,AWAY,ORLANDO MAGIC,LOSS,1693,0,5,0,3,0,0,0,5,4,2,1,3,4,-1.1
feltora01,Raymond Felton,OKLAHOMA CITY THUNDER,AWAY,PHOENIX SUNS,WIN,810,1,5,0,2,0,0,0,1,3,0,0,2,1,-1.1
meltode01,De'Anthony Melton,PHOENIX SUNS,HOME,OKLAHOMA CITY THUNDER,LOSS,575,0,1,0,1,0,0,0,3,0,1,0,2,1,-1.2
brownja02,Jaylen Brown,BOSTON CELTICS,HOME,UTAH JAZZ,LOSS,1483,1,9,1,6,0,0,2,1,1,0,0,0,2,-1.3
allengr01,Grayson Allen,UTAH JAZZ,AWAY,BOSTON CELTICS,WIN,140,0,2,0,2,0,0,0,0,0,0,0,0,0,-1.4
derrima01,Marcus Derrickson,GOLDEN STATE WARRIORS,AWAY,DALLAS MAVERICKS,LOSS,176,0,0,0,0,0,0,0,0,0,0,0,1,1,-1.4
dorsety01,Tyler Dorsey,ATLANTA HAWKS,AWAY,INDIANA PACERS,LOSS,863,0,3,0,1,0,0,0,2,0,1,0,1,0,-1.5
iwundwe01,Wesley Iwundu,ORLANDO MAGIC,HOME,LOS ANGELES LAKERS,WIN,1203,0,2,0,2,0,0,0,0,1,0,2,1,3,-1.5
bendedr01,Dragan Bender,PHOENIX SUNS,HOME,OKLAHOMA CITY THUNDER,LOSS,444,0,2,0,2,0,0,0,0,2,0,0,1,2,-1.8
burksal01,Alec Burks,UTAH JAZZ,AWAY,BOSTON CELTICS,WIN,750,1,3,0,2,0,0,0,0,0,1,0,2,3,-1.9
monkma01,Malik Monk,CHARLOTTE HORNETS,HOME,PHILADELPHIA 76ERS,LOSS,667,0,5,0,2,2,2,1,1,0,1,0,2,1,-1.9
morrima03,Marcus Morris,BOSTON CELTICS,HOME,UTAH JAZZ,LOSS,1189,1,7,0,4,1,2,1,1,1,0,0,1,2,-2.0
gilgesh01,Shai Gilgeous-Alexander,LOS ANGELES CLIPPERS,AWAY,BROOKLYN NETS,WIN,1201,2,9,0,1,0,0,0,2,2,0,0,1,5,-2.5
burtode02,Deonte Burton,OKLAHOMA CITY THUNDER,AWAY,PHOENIX SUNS,WIN,619,0,3,0,1,0,0,0,2,0,0,0,1,2,-3.3
napiesh01,Shabazz Napier,BROOKLYN NETS,HOME,LOS ANGELES CLIPPERS,LOSS,766,0,4,0,1,1,2,0,0,0,0,1,3,1,-4.9
