slug,name,team,location,opponent,outcome,seconds_played,made_field_goals,attempted_field_goals,made_three_point_field_goals,attempted_three_point_field_goals,made_free_throws,attempted_free_throws,offensive_rebounds,defensive_rebounds,assists,steals,blocks,turnovers,personal_fouls,game_score
jamesle01,LeBron James,CLEVELAND CAVALIERS,AWAY,WASHINGTON WIZARDS,WIN,2561,23,34,2,4,9,9,5,6,7,3,2,3,2,53.2
porzikr01,Kristaps Porziņģis,NEW YORK KNICKS,HOME,PHOENIX SUNS,WIN,1872,13,22,1,2,10,13,2,5,0,1,3,2,1,29.2
hardeja01,James Harden,HOUSTON ROCKETS,AWAY,ATLANTA HAWKS,WIN,1856,8,15,6,11,7,10,1,2,11,1,0,2,0,28.5
lambje01,Jeremy Lamb,CHARLOTTE HORNETS,AWAY,SAN ANTONIO SPURS,LOSS,2105,10,15,3,3,4,5,1,8,6,2,0,0,3,28.2
bealbr01,Bradley Beal,WASHINGTON WIZARDS,HOME,CLEVELAND CAVALIERS,LOSS,2211,12,19,1,5,11,13,2,2,4,1,0,4,1,28.1
drumman01,Andre Drummond,DETROIT PISTONS,HOME,MILWAUKEE BUCKS,WIN,1665,5,7,0,0,14,16,2,12,0,1,2,0,2,26.9
lopezbr01,Brook Lopez,LOS ANGELES LAKERS,HOME,BROOKLYN NETS,WIN,1828,13,23,6,9,2,2,3,7,2,0,3,3,4,26.2
oladivi01,Victor Oladipo,INDIANA PACERS,AWAY,PHILADELPHIA 76ERS,LOSS,2224,12,20,3,7,4,5,1,4,7,0,1,3,0,25.9
redicjj01,J.J. Redick,PHILADELPHIA 76ERS,HOME,INDIANA PACERS,WIN,1973,11,19,8,12,1,1,0,3,6,0,0,1,2,25.4
davisan02,Anthony Davis,NEW ORLEANS PELICANS,AWAY,DALLAS MAVERICKS,WIN,2418,10,19,0,2,10,12,1,12,4,1,3,4,4,24.5
derozde01,DeMar DeRozan,TORONTO RAPTORS,AWAY,UTAH JAZZ,WIN,2262,10,20,3,7,14,14,2,4,2,0,0,6,3,23.8
bookede01,Devin Booker,PHOENIX SUNS,AWAY,NEW YORK KNICKS,LOSS,2001,10,19,2,7,12,12,0,2,1,2,0,3,5,23.0
millspa01,Paul Millsap,DENVER NUGGETS,HOME,MIAMI HEAT,WIN,2045,9,17,1,4,8,12,4,5,5,2,1,4,2,22.8
irvinky01,Kyrie Irving,BOSTON CELTICS,AWAY,OKLAHOMA CITY THUNDER,WIN,2069,10,22,3,7,2,3,1,4,6,2,1,0,1,21.6
jokicni01,Nikola Jokić,DENVER NUGGETS,HOME,MIAMI HEAT,WIN,2031,8,15,2,6,1,1,5,9,2,4,1,1,4,21.4
kuzmaky01,Kyle Kuzma,LOS ANGELES LAKERS,HOME,BROOKLYN NETS,WIN,2340,8,11,1,3,4,4,0,13,1,1,0,1,2,20.3
dragigo01,Goran Dragić,MIAMI HEAT,AWAY,DENVER NUGGETS,LOSS,2054,8,15,4,7,3,4,0,3,7,2,0,1,5,20.1
forbebr01,Bryn Forbes,SAN ANTONIO SPURS,HOME,CHARLOTTE HORNETS,WIN,1320,8,11,3,5,3,4,1,2,2,1,0,0,3,19.6
mbahalu01,Luc Mbah a Moute,HOUSTON ROCKETS,AWAY,ATLANTA HAWKS,WIN,2057,8,11,2,4,2,3,2,2,2,2,1,0,4,19.6
barneha02,Harrison Barnes,DALLAS MAVERICKS,HOME,NEW ORLEANS PELICANS,LOSS,2318,9,17,1,4,7,10,0,6,3,1,1,1,4,19.5
horfoal01,Al Horford,BOSTON CELTICS,AWAY,OKLAHOMA CITY THUNDER,WIN,2064,8,10,4,4,0,0,2,6,4,0,0,2,2,19.4
couside01,DeMarcus Cousins,NEW ORLEANS PELICANS,AWAY,DALLAS MAVERICKS,WIN,2320,8,16,0,4,4,4,2,20,7,1,0,4,5,19.3
holliro01,Rondae Hollis-Jefferson,BROOKLYN NETS,AWAY,LOS ANGELES LAKERS,LOSS,2234,6,10,0,1,9,11,1,4,4,2,0,2,3,19.1
antetgi01,Giannis Antetokounmpo,MILWAUKEE BUCKS,AWAY,DETROIT PISTONS,LOSS,2283,13,27,1,4,2,2,1,3,3,1,4,3,2,19.0
bogdabo02,Bojan Bogdanović,INDIANA PACERS,AWAY,PHILADELPHIA 76ERS,LOSS,2105,8,14,2,5,3,3,1,3,2,2,0,0,2,18.6
brogdma01,Malcolm Brogdon,MILWAUKEE BUCKS,AWAY,DETROIT PISTONS,LOSS,2070,8,13,3,5,2,2,0,2,10,0,0,3,3,18.5
gordoer01,Eric Gordon,HOUSTON ROCKETS,AWAY,ATLANTA HAWKS,WIN,1774,6,13,3,7,5,5,0,2,5,4,1,4,0,18.1
crabbal01,Allen Crabbe,BROOKLYN NETS,AWAY,LOS ANGELES LAKERS,LOSS,1758,6,12,4,8,9,11,0,6,1,0,0,2,2,17.9
kanteen01,Enes Kanter,NEW YORK KNICKS,HOME,PHOENIX SUNS,WIN,1919,7,12,0,0,2,2,6,9,3,0,1,1,4,17.5
clarkjo01,Jordan Clarkson,LOS ANGELES LAKERS,HOME,BROOKLYN NETS,WIN,1504,6,12,0,0,7,8,1,3,5,2,0,2,1,17.3
mitchdo01,Donovan Mitchell,UTAH JAZZ,HOME,TORONTO RAPTORS,LOSS,1906,9,20,3,7,4,4,0,3,0,2,2,0,4,17.3
georgpa01,Paul George,OKLAHOMA CITY THUNDER,HOME,BOSTON CELTICS,LOSS,2327,9,20,3,10,4,5,2,8,1,1,0,2,2,16.9
covinro01,Robert Covington,PHILADELPHIA 76ERS,HOME,INDIANA PACERS,WIN,1924,8,13,5,9,1,2,0,6,2,0,1,2,2,16.8
crowdja01,Jae Crowder,CLEVELAND CAVALIERS,AWAY,WASHINGTON WIZARDS,WIN,2039,4,7,1,2,8,8,2,5,1,2,0,1,4,16.7
simmobe01,Ben Simmons,PHILADELPHIA 76ERS,HOME,INDIANA PACERS,WIN,2312,5,13,0,0,4,4,2,9,11,2,3,5,3,16.6
johnsja01,James Johnson,MIAMI HEAT,AWAY,DENVER NUGGETS,LOSS,1824,5,6,3,4,2,2,3,7,4,2,1,4,6,16.1
bradlav01,Avery Bradley,DETROIT PISTONS,HOME,MILWAUKEE BUCKS,WIN,2098,8,19,3,6,4,4,1,1,2,3,1,3,0,16.0
gayru01,Rudy Gay,SAN ANTONIO SPURS,HOME,CHARLOTTE HORNETS,WIN,1626,8,15,1,3,3,3,0,7,3,2,0,2,3,15.7
walljo01,John Wall,WASHINGTON WIZARDS,HOME,CLEVELAND CAVALIERS,LOSS,2308,4,13,0,3,5,12,0,6,15,1,1,1,0,15.7
holidju01,Justin Holiday,CHICAGO BULLS,AWAY,ORLANDO MAGIC,WIN,1729,7,12,2,6,3,3,0,2,1,2,0,1,1,15.3
howardw01,Dwight Howard,CHARLOTTE HORNETS,AWAY,SAN ANTONIO SPURS,LOSS,1869,5,10,0,0,10,20,7,6,1,0,0,2,5,14.4
ingrabr01,Brandon Ingram,LOS ANGELES LAKERS,HOME,BROOKLYN NETS,WIN,2137,7,13,2,2,2,6,1,9,2,1,2,2,3,14.1
lowryky01,Kyle Lowry,TORONTO RAPTORS,AWAY,UTAH JAZZ,WIN,2117,6,11,3,6,0,0,0,4,10,1,0,4,2,14.1
oubreke01,Kelly Oubre,WASHINGTON WIZARDS,HOME,CLEVELAND CAVALIERS,LOSS,2023,7,14,5,7,2,2,1,5,2,1,0,3,4,14.0
hardati02,Tim Hardaway,NEW YORK KNICKS,HOME,PHOENIX SUNS,WIN,1942,6,15,3,11,6,6,0,3,3,1,0,2,3,13.7
nwabada01,David Nwaba,CHICAGO BULLS,AWAY,ORLANDO MAGIC,WIN,2127,7,12,0,2,2,3,0,5,1,2,1,0,3,13.7
chandty01,Tyson Chandler,PHOENIX SUNS,AWAY,NEW YORK KNICKS,LOSS,1475,6,11,0,0,3,4,4,6,0,0,0,0,1,13.5
goberru01,Rudy Gobert,UTAH JAZZ,HOME,TORONTO RAPTORS,LOSS,2075,6,10,0,0,3,4,4,3,0,0,2,1,2,13.3
fournev01,Evan Fournier,ORLANDO MAGIC,HOME,CHICAGO BULLS,LOSS,2010,9,17,1,5,2,2,0,5,3,1,0,3,3,13.1
gortama01,Marcin Gortat,WASHINGTON WIZARDS,HOME,CLEVELAND CAVALIERS,LOSS,1703,6,7,0,0,3,4,1,4,0,1,1,2,2,12.9
bacondw01,Dwayne Bacon,CHARLOTTE HORNETS,AWAY,SAN ANTONIO SPURS,LOSS,1934,6,15,2,4,4,4,0,7,1,1,0,1,0,12.7
embiijo01,Joel Embiid,PHILADELPHIA 76ERS,HOME,INDIANA PACERS,WIN,1669,7,15,0,1,4,5,2,7,5,2,2,6,4,12.7
powelno01,Norman Powell,TORONTO RAPTORS,AWAY,UTAH JAZZ,WIN,1792,5,7,2,4,3,4,0,2,2,2,0,1,5,12.7
millspa02,Patty Mills,SAN ANTONIO SPURS,HOME,CHARLOTTE HORNETS,WIN,1709,5,12,4,7,3,3,0,2,4,0,0,1,2,12.2
saricda01,Dario Šarić,PHILADELPHIA 76ERS,HOME,INDIANA PACERS,WIN,1281,6,9,3,5,0,0,1,5,1,0,0,1,2,12.2
inglejo01,Joe Ingles,UTAH JAZZ,HOME,TORONTO RAPTORS,LOSS,1902,4,7,3,5,0,0,1,4,6,2,0,3,2,12.0
arizatr01,Trevor Ariza,HOUSTON ROCKETS,AWAY,ATLANTA HAWKS,WIN,1938,5,11,2,8,0,0,2,5,4,1,1,1,2,11.9
valende01,Denzel Valentine,CHICAGO BULLS,AWAY,ORLANDO MAGIC,WIN,1406,4,8,3,6,0,0,0,4,4,1,0,0,1,11.6
babbilu01,Luke Babbitt,ATLANTA HAWKS,HOME,HOUSTON ROCKETS,LOSS,1594,4,5,4,4,0,0,0,3,1,0,0,0,1,11.3
middlkh01,Khris Middleton,MILWAUKEE BUCKS,AWAY,DETROIT PISTONS,LOSS,2369,7,17,1,4,1,2,2,5,7,0,0,1,5,11.3
rosede01,Derrick Rose,CLEVELAND CAVALIERS,AWAY,WASHINGTON WIZARDS,WIN,1713,8,16,2,4,2,2,1,0,2,0,0,2,2,11.3
bazemke01,Kent Bazemore,ATLANTA HAWKS,HOME,HOUSTON ROCKETS,LOSS,1635,6,14,0,5,6,8,0,4,2,2,0,2,3,11.2
collijo01,John Collins,ATLANTA HAWKS,HOME,HOUSTON ROCKETS,LOSS,1682,3,7,0,0,2,2,4,8,1,2,4,3,2,11.2
markkla01,Lauri Markkanen,CHICAGO BULLS,AWAY,ORLANDO MAGIC,WIN,1718,5,10,3,4,0,0,2,7,3,0,0,2,1,11.2
youngth01,Thaddeus Young,INDIANA PACERS,AWAY,PHILADELPHIA 76ERS,LOSS,2290,7,14,1,5,0,0,2,3,1,1,1,0,4,11.1
ennisty01,Tyler Ennis,LOS ANGELES LAKERS,HOME,BROOKLYN NETS,WIN,669,3,4,0,1,4,4,0,1,2,2,0,1,1,10.7
westbru01,Russell Westbrook,OKLAHOMA CITY THUNDER,HOME,BOSTON CELTICS,LOSS,2266,7,20,3,7,2,2,1,5,11,1,0,6,5,10.7
adamsst01,Steven Adams,OKLAHOMA CITY THUNDER,HOME,BOSTON CELTICS,LOSS,1964,3,5,0,0,1,2,4,6,2,1,2,1,3,10.5
capelca01,Clint Capela,HOUSTON ROCKETS,AWAY,ATLANTA HAWKS,WIN,1348,5,9,0,0,2,2,3,3,1,0,0,1,0,10.4
murrade01,Dejounte Murray,SAN ANTONIO SPURS,HOME,CHARLOTTE HORNETS,WIN,1171,4,6,0,0,2,2,0,1,3,1,0,0,1,10.4
whiteha01,Hassan Whiteside,MIAMI HEAT,AWAY,DENVER NUGGETS,LOSS,1439,6,9,0,0,1,2,1,2,0,2,2,2,3,10.2
carrode01,DeMarre Carroll,BROOKLYN NETS,AWAY,LOS ANGELES LAKERS,LOSS,2034,4,11,0,4,3,4,2,6,4,1,1,1,3,10.0
taylois01,Isaiah Taylor,ATLANTA HAWKS,HOME,HOUSTON ROCKETS,LOSS,1488,5,9,0,1,2,2,0,3,5,1,1,3,2,10.0
snellto01,Tony Snell,MILWAUKEE BUCKS,AWAY,DETROIT PISTONS,LOSS,2304,5,8,2,4,0,0,0,2,0,1,1,0,2,9.9
bareajo01,J.J. Barea,DALLAS MAVERICKS,HOME,NEW ORLEANS PELICANS,LOSS,1369,5,9,3,6,0,0,1,3,5,0,0,4,0,9.8
brownja02,Jaylen Brown,BOSTON CELTICS,AWAY,OKLAHOMA CITY THUNDER,WIN,1838,3,8,1,3,3,8,3,9,1,1,0,0,1,9.7
dedmode01,Dewayne Dedmon,ATLANTA HAWKS,HOME,HOUSTON ROCKETS,LOSS,1344,4,5,1,2,0,0,0,7,0,0,1,0,1,9.5
aldrila01,LaMarcus Aldridge,SAN ANTONIO SPURS,HOME,CHARLOTTE HORNETS,WIN,1926,4,12,1,1,5,6,3,4,3,0,1,2,4,9.3
harrito02,Tobias Harris,DETROIT PISTONS,HOME,MILWAUKEE BUCKS,WIN,2091,5,13,3,6,0,0,0,1,3,1,0,0,0,9.3
princta02,Taurean Waller-Prince,ATLANTA HAWKS,HOME,HOUSTON ROCKETS,LOSS,1432,7,12,2,5,0,0,0,3,2,0,0,3,1,9.3
sabondo01,Domantas Sabonis,INDIANA PACERS,AWAY,PHILADELPHIA 76ERS,LOSS,1415,6,9,0,0,2,4,1,5,3,0,0,2,6,9.2
porteot01,Otto Porter,WASHINGTON WIZARDS,HOME,CLEVELAND CAVALIERS,LOSS,1852,6,10,3,7,0,0,2,3,0,0,0,2,4,9.1
smithis01,Ish Smith,DETROIT PISTONS,HOME,MILWAUKEE BUCKS,WIN,1105,5,6,0,0,0,0,0,3,4,0,0,2,1,9.1
lopezro01,Robin Lopez,CHICAGO BULLS,AWAY,ORLANDO MAGIC,WIN,1729,5,11,0,0,1,1,3,7,2,0,1,2,2,8.8
hensojo01,John Henson,MILWAUKEE BUCKS,AWAY,DETROIT PISTONS,LOSS,1613,2,4,0,0,0,0,2,11,3,1,0,0,3,8.6
holidjr01,Jrue Holiday,NEW ORLEANS PELICANS,AWAY,DALLAS MAVERICKS,WIN,2282,3,13,0,4,0,0,2,6,8,2,1,1,0,8.6
mudiaem01,Emmanuel Mudiay,DENVER NUGGETS,HOME,MIAMI HEAT,WIN,1523,5,10,0,0,2,4,0,3,4,0,1,2,0,8.6
beaslmi01,Michael Beasley,NEW YORK KNICKS,HOME,PHOENIX SUNS,WIN,1008,5,7,0,0,1,1,0,4,0,0,0,0,2,8.5
favorde01,Derrick Favors,UTAH JAZZ,HOME,TORONTO RAPTORS,LOSS,1630,4,7,0,1,0,0,2,5,0,2,1,1,2,8.5
loveke01,Kevin Love,CLEVELAND CAVALIERS,AWAY,WASHINGTON WIZARDS,WIN,1590,2,5,2,5,5,5,0,8,0,1,0,2,3,8.5
allento01,Tony Allen,NEW ORLEANS PELICANS,AWAY,DALLAS MAVERICKS,WIN,1087,4,9,1,2,1,2,1,2,2,2,0,0,3,8.4
gasolpa01,Pau Gasol,SAN ANTONIO SPURS,HOME,CHARLOTTE HORNETS,WIN,1632,2,5,0,2,1,2,2,8,7,0,2,2,4,8.4
hezonma01,Mario Hezonja,ORLANDO MAGIC,HOME,CHICAGO BULLS,LOSS,599,3,5,2,4,0,0,1,2,2,0,0,0,0,8.4
anderry01,Ryan Anderson,HOUSTON ROCKETS,AWAY,ATLANTA HAWKS,WIN,1525,4,9,3,8,0,0,0,8,0,0,0,0,1,8.3
grantje02,Jerian Grant,CHICAGO BULLS,AWAY,ORLANDO MAGIC,WIN,1318,1,6,0,0,5,5,1,4,6,0,0,1,0,8.3
russeda01,D'Angelo Russell,BROOKLYN NETS,AWAY,LOS ANGELES LAKERS,LOSS,2118,8,24,1,8,0,1,1,6,7,3,0,4,3,8.2
waitedi01,Dion Waiters,MIAMI HEAT,AWAY,DENVER NUGGETS,LOSS,1845,6,12,3,7,0,0,0,3,3,0,0,3,2,8.2
harride01,Devin Harris,DALLAS MAVERICKS,HOME,NEW ORLEANS PELICANS,LOSS,1250,2,5,0,2,6,6,0,1,1,1,0,0,3,8.1
grantje01,Jerami Grant,OKLAHOMA CITY THUNDER,HOME,BOSTON CELTICS,LOSS,1403,5,7,1,2,0,1,0,2,0,0,1,1,0,8.0
schrode01,Dennis Schröder,ATLANTA HAWKS,HOME,HOUSTON ROCKETS,LOSS,1579,6,13,2,5,2,3,1,1,4,0,0,4,2,7.9
siakapa01,Pascal Siakam,TORONTO RAPTORS,AWAY,UTAH JAZZ,WIN,1286,4,9,0,3,0,1,0,4,1,3,0,0,0,7.8
gordoaa01,Aaron Gordon,ORLANDO MAGIC,HOME,CHICAGO BULLS,LOSS,1757,4,10,3,5,0,0,1,6,2,1,0,2,2,7.7
roberan03,Andre Roberson,OKLAHOMA CITY THUNDER,HOME,BOSTON CELTICS,LOSS,1650,3,5,1,2,0,0,1,2,1,0,2,0,1,7.7
jacksjo02,Josh Jackson,PHOENIX SUNS,AWAY,NEW YORK KNICKS,LOSS,1757,5,11,2,5,1,2,1,1,1,1,0,0,5,7.6
mejrisa01,Salah Mejri,DALLAS MAVERICKS,HOME,NEW ORLEANS PELICANS,LOSS,1308,3,4,0,0,1,3,3,10,0,0,5,4,4,7.6
caldwke01,Kentavious Caldwell-Pope,LOS ANGELES LAKERS,HOME,BROOKLYN NETS,WIN,1992,3,6,0,2,0,0,1,5,5,1,0,1,3,7.5
ibakase01,Serge Ibaka,TORONTO RAPTORS,AWAY,UTAH JAZZ,WIN,1594,4,7,2,5,0,0,1,4,0,0,1,1,2,7.5
tatumja01,Jayson Tatum,BOSTON CELTICS,AWAY,OKLAHOMA CITY THUNDER,WIN,1788,4,10,2,3,3,4,2,4,3,0,0,4,1,7.5
harriga01,Gary Harris,DENVER NUGGETS,HOME,MIAMI HEAT,WIN,2167,4,7,2,3,0,0,0,1,2,1,2,3,1,7.4
lenal01,Alex Len,PHOENIX SUNS,AWAY,NEW YORK KNICKS,LOSS,1405,2,5,0,0,5,8,4,3,0,0,1,1,3,7.3
smartma01,Marcus Smart,BOSTON CELTICS,AWAY,OKLAHOMA CITY THUNDER,WIN,1644,2,9,1,3,4,4,2,2,5,1,0,2,2,7.2
jacksre01,Reggie Jackson,DETROIT PISTONS,HOME,MILWAUKEE BUCKS,WIN,1775,3,11,1,4,2,2,1,2,8,0,0,2,1,7.0
scottmi01,Mike Scott,WASHINGTON WIZARDS,HOME,CLEVELAND CAVALIERS,LOSS,1039,5,7,2,2,0,0,0,3,0,0,0,1,5,7.0
hilarne01,Nenê Hilário,HOUSTON ROCKETS,AWAY,ATLANTA HAWKS,WIN,991,4,8,0,1,0,0,1,5,1,2,1,2,2,6.8
moreler01,Eric Moreland,DETROIT PISTONS,HOME,MILWAUKEE BUCKS,WIN,1215,3,3,0,0,0,0,2,7,1,0,1,2,3,6.8
ginobma01,Manu Ginóbili,SAN ANTONIO SPURS,HOME,CHARLOTTE HORNETS,WIN,1594,3,9,0,4,4,6,0,4,5,2,0,3,3,6.6
leeco01,Courtney Lee,NEW YORK KNICKS,HOME,PHOENIX SUNS,WIN,2094,4,12,2,6,0,0,1,4,3,2,0,1,4,6.6
mcderdo01,Doug McDermott,NEW YORK KNICKS,HOME,PHOENIX SUNS,WIN,896,5,8,1,4,1,1,0,1,0,0,0,1,3,6.5
walkeke02,Kemba Walker,CHARLOTTE HORNETS,AWAY,SAN ANTONIO SPURS,LOSS,1986,4,12,1,6,4,5,0,0,4,1,0,2,3,6.4
johnsst04,Stanley Johnson,DETROIT PISTONS,HOME,MILWAUKEE BUCKS,WIN,2291,4,10,0,4,0,2,0,2,3,3,0,0,3,6.3
anunoog01,OG Anunoby,TORONTO RAPTORS,AWAY,UTAH JAZZ,WIN,1088,2,3,1,2,1,2,0,3,2,0,0,0,1,6.2
makerth01,Thon Maker,MILWAUKEE BUCKS,AWAY,DETROIT PISTONS,LOSS,956,3,4,2,3,1,1,1,1,0,1,0,2,3,6.2
mccontj01,T.J. McConnell,PHILADELPHIA 76ERS,HOME,INDIANA PACERS,WIN,1536,1,3,0,0,1,2,1,4,4,2,0,1,1,6.2
vucevni01,Nikola Vučević,ORLANDO MAGIC,HOME,CHICAGO BULLS,LOSS,1724,6,11,2,3,0,0,0,3,2,1,0,5,2,6.2
anderky01,Kyle Anderson,SAN ANTONIO SPURS,HOME,CHARLOTTE HORNETS,WIN,1328,2,3,0,1,0,0,0,6,1,1,3,1,3,6.1
oquinky01,Kyle O'Quinn,NEW YORK KNICKS,HOME,PHOENIX SUNS,WIN,961,2,3,0,0,0,0,0,2,4,0,3,1,3,6.0
turnemy01,Myles Turner,INDIANA PACERS,AWAY,PHILADELPHIA 76ERS,LOSS,1465,4,14,1,4,2,6,2,7,0,1,3,1,2,6.0
whiteok01,Okaro White,MIAMI HEAT,AWAY,DENVER NUGGETS,LOSS,761,3,5,1,2,1,1,1,0,0,0,0,0,1,6.0
harrijo01,Joe Harris,BROOKLYN NETS,AWAY,LOS ANGELES LAKERS,LOSS,1351,3,7,1,5,3,3,0,3,0,0,0,1,1,5.8
anthoca01,Carmelo Anthony,OKLAHOMA CITY THUNDER,HOME,BOSTON CELTICS,LOSS,2003,3,17,0,5,4,4,3,11,3,0,1,1,2,5.7
bartowi01,Will Barton,DENVER NUGGETS,HOME,MIAMI HEAT,WIN,1666,3,10,1,3,2,4,1,4,2,2,0,2,0,5.7
holmeri01,Richaun Holmes,PHILADELPHIA 76ERS,HOME,INDIANA PACERS,WIN,611,3,7,0,1,0,0,4,1,1,0,0,0,1,5.7
morrima03,Marcus Morris,BOSTON CELTICS,AWAY,OKLAHOMA CITY THUNDER,WIN,1073,3,8,0,2,3,3,0,4,1,1,0,1,2,5.7
chandwi01,Wilson Chandler,DENVER NUGGETS,HOME,MIAMI HEAT,WIN,2160,4,9,2,3,1,2,0,4,1,0,0,1,3,5.6
jamesmi02,Mike James,PHOENIX SUNS,AWAY,NEW YORK KNICKS,LOSS,1490,0,9,0,4,2,3,0,3,8,3,1,0,0,5.5
nelsoja01,Jameer Nelson,NEW ORLEANS PELICANS,AWAY,DALLAS MAVERICKS,WIN,1672,1,5,0,2,4,4,0,1,1,2,0,0,1,5.5
greenje02,Jeff Green,CLEVELAND CAVALIERS,AWAY,WASHINGTON WIZARDS,WIN,1516,2,3,1,2,2,4,0,2,5,1,0,3,4,5.4
willima02,Marvin Williams,CHARLOTTE HORNETS,AWAY,SAN ANTONIO SPURS,LOSS,1545,3,8,1,3,0,0,2,4,0,1,0,0,2,5.4
stephla01,Lance Stephenson,INDIANA PACERS,AWAY,PHILADELPHIA 76ERS,LOSS,1115,3,5,0,1,0,0,1,2,3,1,0,2,2,5.3
jackja01,Jarrett Jack,NEW YORK KNICKS,HOME,PHOENIX SUNS,WIN,1779,0,3,0,1,2,2,0,7,8,0,0,2,1,5.2
zipsepa01,Paul Zipser,CHICAGO BULLS,AWAY,ORLANDO MAGIC,WIN,1303,4,10,2,5,0,0,0,4,2,0,0,2,0,5.2
udohek01,Ekpe Udoh,UTAH JAZZ,HOME,TORONTO RAPTORS,LOSS,805,2,2,0,0,0,0,1,0,1,1,0,0,2,5.0
roziete01,Terry Rozier,BOSTON CELTICS,AWAY,OKLAHOMA CITY THUNDER,WIN,1385,3,8,1,5,0,0,0,2,3,0,0,0,1,4.9
ulisty01,Tyler Ulis,PHOENIX SUNS,AWAY,NEW YORK KNICKS,LOSS,1390,2,11,0,1,3,4,3,1,6,1,0,2,1,4.9
zellety01,Tyler Zeller,BROOKLYN NETS,AWAY,LOS ANGELES LAKERS,LOSS,1110,4,7,0,1,1,3,1,0,1,0,2,2,2,4.9
ferreyo01,Yogi Ferrell,DALLAS MAVERICKS,HOME,NEW ORLEANS PELICANS,LOSS,1300,2,7,2,6,0,0,0,3,3,0,1,0,2,4.8
milleda01,Darius Miller,NEW ORLEANS PELICANS,AWAY,DALLAS MAVERICKS,WIN,754,3,6,3,5,0,0,0,2,0,0,0,1,2,4.8
thomala01,Lance Thomas,NEW YORK KNICKS,HOME,PHOENIX SUNS,WIN,828,2,3,1,2,0,0,0,5,0,1,0,1,1,4.8
valanjo01,Jonas Valančiūnas,TORONTO RAPTORS,AWAY,UTAH JAZZ,WIN,1248,2,5,0,0,2,2,0,8,0,1,2,1,6,4.7
dinwisp01,Spencer Dinwiddie,BROOKLYN NETS,AWAY,LOS ANGELES LAKERS,LOSS,894,2,6,2,4,1,2,1,3,4,1,0,2,5,4.6
pattepa01,Patrick Patterson,OKLAHOMA CITY THUNDER,HOME,BOSTON CELTICS,LOSS,915,2,3,2,3,0,0,0,1,0,0,0,0,1,4.6
wadedw01,Dwyane Wade,CLEVELAND CAVALIERS,AWAY,WASHINGTON WIZARDS,WIN,859,1,4,0,1,0,0,0,3,4,1,1,0,1,4.6
johnsam01,Amir Johnson,PHILADELPHIA 76ERS,HOME,INDIANA PACERS,WIN,600,1,1,0,0,0,0,2,0,1,0,2,0,2,4.4
richajo01,Josh Richardson,MIAMI HEAT,AWAY,DENVER NUGGETS,LOSS,1958,3,8,1,4,0,0,1,6,4,1,1,4,3,4.4
meeksjo01,Jodie Meeks,WASHINGTON WIZARDS,HOME,CLEVELAND CAVALIERS,LOSS,1311,3,5,0,1,0,0,0,0,0,1,0,0,1,4.3
mozgoti01,Timofey Mozgov,BROOKLYN NETS,AWAY,LOS ANGELES LAKERS,LOSS,930,2,4,0,2,1,1,1,3,0,0,1,1,0,4.3
vanvlfr01,Fred VanVleet,TORONTO RAPTORS,AWAY,UTAH JAZZ,WIN,618,1,2,0,1,2,2,0,1,0,1,0,0,0,4.3
danietr01,Troy Daniels,PHOENIX SUNS,AWAY,NEW YORK KNICKS,LOSS,1599,3,7,3,6,0,0,0,1,0,0,0,1,1,4.2
tollian01,Anthony Tolliver,DETROIT PISTONS,HOME,MILWAUKEE BUCKS,WIN,1115,2,4,0,2,3,4,1,1,0,1,0,2,1,4.2
smithde03,Dennis Smith,DALLAS MAVERICKS,HOME,NEW ORLEANS PELICANS,LOSS,1722,7,20,2,8,0,0,1,2,4,0,0,4,2,4.1
ojelese01,Semi Ojeleye,BOSTON CELTICS,AWAY,OKLAHOMA CITY THUNDER,WIN,861,1,1,1,1,0,0,0,1,0,1,0,0,0,4.0
dorsety01,Tyler Dorsey,ATLANTA HAWKS,HOME,HOUSTON ROCKETS,LOSS,1065,3,6,2,4,2,2,0,1,0,0,0,3,1,3.9
korveky01,Kyle Korver,CLEVELAND CAVALIERS,AWAY,WASHINGTON WIZARDS,WIN,1254,3,6,2,5,0,0,0,0,0,2,0,2,3,3.8
muscami01,Mike Muscala,ATLANTA HAWKS,HOME,HOUSTON ROCKETS,LOSS,1138,1,4,0,2,1,1,0,3,0,2,2,0,3,3.7
feliccr01,Cristiano Felício,CHICAGO BULLS,AWAY,ORLANDO MAGIC,WIN,1151,2,4,0,0,0,0,3,4,1,0,0,2,1,3.6
gallola01,Langston Galloway,DETROIT PISTONS,HOME,MILWAUKEE BUCKS,WIN,782,2,4,1,3,0,0,0,2,0,1,0,1,0,3.6
balllo01,Lonzo Ball,LOS ANGELES LAKERS,HOME,BROOKLYN NETS,WIN,1717,3,15,0,3,0,1,1,4,7,2,0,0,4,3.5
hoodro01,Rodney Hood,UTAH JAZZ,HOME,TORONTO RAPTORS,LOSS,2104,6,19,2,6,3,3,0,3,1,0,0,3,3,3.5
macksh01,Shelvin Mack,ORLANDO MAGIC,HOME,CHICAGO BULLS,LOSS,1270,1,8,0,3,0,0,1,4,8,1,0,1,2,3.5
randlju01,Julius Randle,LOS ANGELES LAKERS,HOME,BROOKLYN NETS,WIN,962,5,9,0,0,0,2,0,6,2,0,1,3,6,3.4
pondequ01,Quincy Pondexter,CHICAGO BULLS,AWAY,ORLANDO MAGIC,WIN,357,1,2,1,1,0,0,0,0,1,1,0,0,1,3.3
rubiori01,Ricky Rubio,UTAH JAZZ,HOME,TORONTO RAPTORS,LOSS,1826,3,12,0,4,7,7,0,0,3,1,0,4,4,3.3
simmojo02,Jonathon Simmons,ORLANDO MAGIC,HOME,CHICAGO BULLS,LOSS,1481,3,6,0,3,0,1,0,3,3,0,1,3,0,3.3
rosste01,Terrence Ross,ORLANDO MAGIC,HOME,CHICAGO BULLS,LOSS,1605,2,7,1,3,0,0,1,2,0,1,0,0,0,3.2
zelleco01,Cody Zeller,CHARLOTTE HORNETS,AWAY,SAN ANTONIO SPURS,LOSS,969,1,3,0,0,3,6,1,3,0,2,1,2,3,3.2
abrinal01,Álex Abrines,OKLAHOMA CITY THUNDER,HOME,BOSTON CELTICS,LOSS,761,2,5,2,5,0,0,0,1,0,0,1,0,3,3.1
bayleje01,Jerryd Bayless,PHILADELPHIA 76ERS,HOME,INDIANA PACERS,WIN,1691,2,7,0,3,0,0,0,3,2,1,1,0,2,3.1
dunnkr01,Kris Dunn,CHICAGO BULLS,AWAY,ORLANDO MAGIC,WIN,1446,4,9,3,5,0,0,0,2,2,0,0,4,3,3.1
bendedr01,Dragan Bender,PHOENIX SUNS,AWAY,NEW YORK KNICKS,LOSS,1564,2,7,1,6,2,2,1,4,1,0,1,2,3,3.0
mooreet01,E'Twaun Moore,NEW ORLEANS PELICANS,AWAY,DALLAS MAVERICKS,WIN,2014,5,12,1,4,0,2,2,1,1,0,0,2,3,3.0
youngjo01,Joe Young,INDIANA PACERS,AWAY,PHILADELPHIA 76ERS,LOSS,332,1,2,0,1,1,1,0,1,1,0,0,0,0,3.0
blackta01,Tarik Black,HOUSTON ROCKETS,AWAY,ATLANTA HAWKS,WIN,541,1,3,0,1,0,0,0,2,2,1,0,0,1,2.9
grahatr01,Treveon Graham,CHARLOTTE HORNETS,AWAY,SAN ANTONIO SPURS,LOSS,1433,1,3,1,2,0,0,0,3,1,2,0,2,0,2.9
leverca01,Caris LeVert,BROOKLYN NETS,AWAY,LOS ANGELES LAKERS,LOSS,1797,2,10,1,5,2,2,0,4,2,1,1,1,3,2.9
biyombi01,Bismack Biyombo,ORLANDO MAGIC,HOME,CHICAGO BULLS,LOSS,717,0,1,0,0,1,2,1,3,0,1,1,0,1,2.8
tuckepj01,P.J. Tucker,HOUSTON ROCKETS,AWAY,ATLANTA HAWKS,WIN,1398,1,5,0,3,1,1,0,5,2,2,0,0,5,2.8
baynear01,Aron Baynes,BOSTON CELTICS,AWAY,OKLAHOMA CITY THUNDER,WIN,1230,2,7,0,0,1,2,1,5,0,0,1,0,2,2.6
isaacjo01,Jonathan Isaac,ORLANDO MAGIC,HOME,CHICAGO BULLS,LOSS,1266,4,10,0,2,0,0,0,2,1,0,0,1,1,2.5
chrisma01,Marquese Chriss,PHOENIX SUNS,AWAY,NEW YORK KNICKS,LOSS,990,2,7,1,2,0,0,3,6,0,0,0,0,6,2.4
dellama01,Matthew Dellavedova,MILWAUKEE BUCKS,AWAY,DETROIT PISTONS,LOSS,1028,1,4,1,3,2,2,1,3,2,1,0,3,3,2.4
iwundwe01,Wesley Iwundu,ORLANDO MAGIC,HOME,CHICAGO BULLS,LOSS,439,1,2,0,0,0,0,1,0,1,0,0,0,0,2.4
burksal01,Alec Burks,UTAH JAZZ,HOME,TORONTO RAPTORS,LOSS,583,0,1,0,0,2,2,0,3,0,0,0,0,0,2.2
josepco01,Cory Joseph,INDIANA PACERS,AWAY,PHILADELPHIA 76ERS,LOSS,1347,2,8,1,2,0,0,0,4,3,0,1,2,0,2.2
noguelu01,Lucas Nogueira,TORONTO RAPTORS,AWAY,UTAH JAZZ,WIN,883,1,3,0,1,0,0,0,2,2,0,1,0,2,2.2
olynyke01,Kelly Olynyk,MIAMI HEAT,AWAY,DENVER NUGGETS,LOSS,1217,3,8,2,4,0,0,1,5,1,1,0,5,1,2.1
zizican01,Ante Žižić,CLEVELAND CAVALIERS,AWAY,WASHINGTON WIZARDS,WIN,394,1,1,0,0,0,0,0,0,0,0,1,0,1,2.0
nowitdi01,Dirk Nowitzki,DALLAS MAVERICKS,HOME,NEW ORLEANS PELICANS,LOSS,1305,2,9,0,1,3,3,0,6,0,0,0,1,1,1.9
warretj01,T.J. Warren,PHOENIX SUNS,AWAY,NEW YORK KNICKS,LOSS,606,2,10,0,1,2,2,3,0,0,0,0,0,0,1.9
noelne01,Nerlens Noel,DALLAS MAVERICKS,HOME,NEW ORLEANS PELICANS,LOSS,808,0,2,0,0,0,0,3,4,1,1,0,1,2,1.8
poeltja01,Jakob Poeltl,TORONTO RAPTORS,AWAY,UTAH JAZZ,WIN,749,2,2,0,0,0,3,2,1,1,0,0,2,2,1.8
jerebjo01,Jonas Jerebko,UTAH JAZZ,HOME,TORONTO RAPTORS,LOSS,744,1,1,0,0,1,2,2,2,0,0,0,1,4,1.7
feltora01,Raymond Felton,OKLAHOMA CITY THUNDER,HOME,BOSTON CELTICS,LOSS,1004,1,5,1,1,0,0,0,1,2,1,0,1,0,1.6
luwawti01,Timothé Luwawu-Cabarrot,PHILADELPHIA 76ERS,HOME,INDIANA PACERS,WIN,803,2,5,2,5,0,0,0,0,1,0,0,2,1,1.6
sefolth01,Thabo Sefolosha,UTAH JAZZ,HOME,TORONTO RAPTORS,LOSS,825,0,1,0,0,2,2,0,0,0,1,0,0,2,1.5
poweldw01,Dwight Powell,DALLAS MAVERICKS,HOME,NEW ORLEANS PELICANS,LOSS,733,1,3,0,1,0,0,0,2,1,1,0,0,3,1.4
cunnida01,Dante Cunningham,NEW ORLEANS PELICANS,AWAY,DALLAS MAVERICKS,WIN,985,1,4,1,3,1,2,1,0,0,1,0,0,4,1.3
leaftj01,T.J. Leaf,INDIANA PACERS,AWAY,PHILADELPHIA 76ERS,LOSS,335,1,2,0,0,0,0,0,1,0,1,0,1,0,1.3
ntilila01,Frank Ntilikina,NEW YORK KNICKS,HOME,PHOENIX SUNS,WIN,1101,1,2,0,0,0,0,0,0,3,0,0,1,2,1.3
plumlma01,Mason Plumlee,DENVER NUGGETS,HOME,MIAMI HEAT,WIN,677,2,4,0,0,0,0,1,1,0,0,1,2,1,1.3
teletmi01,Mirza Teletović,MILWAUKEE BUCKS,AWAY,DETROIT PISTONS,LOSS,658,0,2,0,0,0,0,0,2,2,1,0,0,1,1.2
fryech01,Channing Frye,CLEVELAND CAVALIERS,AWAY,WASHINGTON WIZARDS,WIN,686,1,3,1,2,0,0,0,2,0,0,0,0,2,1.1
speigma01,Marreese Speights,ORLANDO MAGIC,HOME,CHICAGO BULLS,LOSS,439,1,4,1,4,0,0,1,0,1,0,0,1,0,1.0
wileyja01,Jacob Wiley,BROOKLYN NETS,AWAY,LOS ANGELES LAKERS,LOSS,87,0,0,0,0,0,0,1,0,0,0,0,0,0,0.7
clarkia01,Ian Clark,NEW ORLEANS PELICANS,AWAY,DALLAS MAVERICKS,WIN,735,1,4,1,3,0,0,0,0,0,0,0,0,0,0.6
kaminfr01,Frank Kaminsky,CHARLOTTE HORNETS,AWAY,SAN ANTONIO SPURS,LOSS,1486,2,9,0,4,2,2,0,4,1,1,0,2,2,0.6
winslju01,Justise Winslow,MIAMI HEAT,AWAY,DENVER NUGGETS,LOSS,810,1,2,1,1,0,2,1,2,0,1,0,3,0,0.5
adebaba01,Bam Adebayo,MIAMI HEAT,AWAY,DENVER NUGGETS,LOSS,211,0,0,0,0,0,0,0,1,0,0,0,0,0,0.3
farieke01,Kenneth Faried,DENVER NUGGETS,HOME,MIAMI HEAT,WIN,344,0,1,0,0,0,0,1,1,0,0,0,0,0,0.3
fraziti01,Tim Frazier,WASHINGTON WIZARDS,HOME,CLEVELAND CAVALIERS,LOSS,387,0,1,0,1,0,0,0,1,1,0,0,0,0,0.3
matthwe02,Wesley Matthews,DALLAS MAVERICKS,HOME,NEW ORLEANS PELICANS,LOSS,2287,3,12,1,6,0,0,1,1,1,0,0,0,3,0.3
paulbr01,Brandon Paul,SAN ANTONIO SPURS,HOME,CHARLOTTE HORNETS,WIN,388,1,2,0,0,0,0,0,0,1,0,0,1,1,0.3
kilpase01,Sean Kilpatrick,BROOKLYN NETS,AWAY,LOS ANGELES LAKERS,LOSS,87,0,0,0,0,0,0,0,0,0,0,0,0,0,0.0
smithjr01,J.R. Smith,CLEVELAND CAVALIERS,AWAY,WASHINGTON WIZARDS,WIN,1789,1,3,1,2,0,0,0,0,1,1,0,1,5,0.0
qizh01,Zhou Qi,HOUSTON ROCKETS,AWAY,ATLANTA HAWKS,WIN,427,0,3,0,2,2,2,0,1,0,0,0,0,1,-0.2
jonesde02,Derrick Jones,PHOENIX SUNS,AWAY,NEW YORK KNICKS,LOSS,123,0,0,0,0,0,0,1,0,0,0,0,1,0,-0.3
morrima02,Markieff Morris,WASHINGTON WIZARDS,HOME,CLEVELAND CAVALIERS,LOSS,857,1,6,0,2,0,0,1,3,3,0,0,1,3,-0.3
wrighde01,Delon Wright,TORONTO RAPTORS,AWAY,UTAH JAZZ,WIN,763,1,2,0,1,0,0,0,1,0,1,0,1,4,-0.3
brussni01,Nicolás Brussino,ATLANTA HAWKS,HOME,HOUSTON ROCKETS,LOSS,384,0,1,0,1,0,0,0,1,0,0,0,0,0,-0.4
bullore01,Reggie Bullock,DETROIT PISTONS,HOME,MILWAUKEE BUCKS,WIN,263,0,1,0,1,0,0,0,1,0,0,0,0,0,-0.4
fergute01,Terrance Ferguson,OKLAHOMA CITY THUNDER,HOME,BOSTON CELTICS,LOSS,107,0,0,0,0,0,0,0,0,0,0,0,0,1,-0.4
monkma01,Malik Monk,CHARLOTTE HORNETS,AWAY,SAN ANTONIO SPURS,LOSS,1073,1,5,0,2,0,0,0,0,2,1,0,1,2,-0.5
collida01,Darren Collison,INDIANA PACERS,AWAY,PHILADELPHIA 76ERS,LOSS,1773,1,9,0,3,0,0,0,2,5,0,0,0,2,-0.6
feldeka01,Kay Felder,CHICAGO BULLS,AWAY,ORLANDO MAGIC,WIN,116,0,1,0,0,0,0,0,0,0,0,0,0,0,-0.7
smithjo03,Josh Smith,NEW ORLEANS PELICANS,AWAY,DALLAS MAVERICKS,WIN,133,0,1,0,0,0,0,0,0,0,0,0,0,0,-0.7
vaughra01,Rashad Vaughn,MILWAUKEE BUCKS,AWAY,DETROIT PISTONS,LOSS,484,0,2,0,0,0,0,0,0,0,0,1,0,0,-0.7
afflaar01,Arron Afflalo,ORLANDO MAGIC,HOME,CHICAGO BULLS,LOSS,1093,1,5,0,3,0,0,0,1,0,0,0,0,0,-0.8
ellinwa01,Wayne Ellington,MIAMI HEAT,AWAY,DENVER NUGGETS,LOSS,747,0,4,0,4,0,0,0,3,2,0,0,0,1,-0.9
mahinia01,Ian Mahinmi,WASHINGTON WIZARDS,HOME,CLEVELAND CAVALIERS,LOSS,709,1,2,0,0,0,0,2,1,0,0,0,2,4,-0.9
jacksde01,Demetrius Jackson,HOUSTON ROCKETS,AWAY,ATLANTA HAWKS,WIN,237,0,0,0,0,0,0,0,0,0,1,0,2,0,-1.0
liggide01,DeAndre Liggins,MILWAUKEE BUCKS,AWAY,DETROIT PISTONS,LOSS,306,0,1,0,1,0,0,0,0,0,0,0,0,1,-1.1
belinma01,Marco Belinelli,ATLANTA HAWKS,HOME,HOUSTON ROCKETS,LOSS,1059,0,5,0,4,0,0,0,2,1,1,0,0,0,-1.2
greenda02,Danny Green,SAN ANTONIO SPURS,HOME,CHARLOTTE HORNETS,WIN,1706,2,8,0,4,0,0,1,4,2,0,0,3,2,-1.3
brownbo02,Bobby Brown,HOUSTON ROCKETS,AWAY,ATLANTA HAWKS,WIN,308,0,2,0,2,0,0,0,0,0,0,0,0,0,-1.4
hartjo01,Josh Hart,LOS ANGELES LAKERS,HOME,BROOKLYN NETS,WIN,707,0,1,0,1,0,0,0,1,0,1,1,2,2,-1.5
murraja01,Jamal Murray,DENVER NUGGETS,HOME,MIAMI HEAT,WIN,1238,1,6,1,3,0,0,1,0,1,0,0,1,3,-1.6
breweco01,Corey Brewer,LOS ANGELES LAKERS,HOME,BROOKLYN NETS,WIN,544,0,0,0,0,0,0,0,1,0,0,0,1,3,-1.9
johnsty01,Tyler Johnson,MIAMI HEAT,AWAY,DENVER NUGGETS,LOSS,1533,1,8,0,4,0,0,0,1,2,0,2,1,2,-1.9
terryja01,Jason Terry,MILWAUKEE BUCKS,AWAY,DETROIT PISTONS,LOSS,329,0,1,0,1,0,0,0,0,0,0,0,1,1,-2.1
theisda01,Daniel Theis,BOSTON CELTICS,AWAY,OKLAHOMA CITY THUNDER,WIN,448,0,1,0,0,0,0,0,1,0,0,0,1,2,-2.2
beaslma01,Malik Beasley,DENVER NUGGETS,HOME,MIAMI HEAT,WIN,549,0,1,0,1,0,2,0,0,0,0,0,1,2,-3.3
