slug,name,team,location,opponent,outcome,seconds_played,made_field_goals,attempted_field_goals,made_three_point_field_goals,attempted_three_point_field_goals,made_free_throws,attempted_free_throws,offensive_rebounds,defensive_rebounds,assists,steals,blocks,turnovers,personal_fouls,game_score
hardeja01,James Harden,HOUSTON ROCKETS,AWAY,MEMPHIS GRIZZLIES,WIN,2432,9,14,3,7,11,13,0,12,10,2,0,5,1,32.2
georgpa01,Paul George,OKLAHOMA CITY THUNDER,HOME,LOS ANGELES CLIPPERS,WIN,2195,11,19,5,9,6,8,1,6,6,1,1,0,4,30.1
aldrila01,LaMarcus Aldridge,SAN ANTONIO SPURS,HOME,CHICAGO BULLS,LOSS,2216,10,16,0,0,9,11,2,10,1,0,1,0,1,26.4
balllo01,Lonzo Ball,LOS ANGELES LAKERS,AWAY,CHARLOTTE HORNETS,WIN,2092,7,11,2,4,0,0,3,7,10,5,1,2,1,25.6
bookede01,Devin Booker,PHOENIX SUNS,HOME,MINNESOTA TIMBERWOLVES,WIN,2159,10,16,3,6,5,6,0,7,7,0,0,2,2,24.6
jamesle01,LeBron James,LOS ANGELES LAKERS,AWAY,CHARLOTTE HORNETS,WIN,1813,7,15,2,6,8,12,1,11,11,1,0,3,0,24.4
townska01,Karl-Anthony Towns,MINNESOTA TIMBERWOLVES,AWAY,PHOENIX SUNS,LOSS,2282,11,26,1,7,5,6,4,8,4,2,2,0,4,23.6
drumman01,Andre Drummond,DETROIT PISTONS,HOME,BOSTON CELTICS,WIN,1978,6,14,0,0,7,9,4,16,1,3,5,1,3,23.4
capelca01,Clint Capela,HOUSTON ROCKETS,AWAY,MEMPHIS GRIZZLIES,WIN,2082,10,14,0,0,6,7,3,7,0,0,2,2,5,21.4
griffbl01,Blake Griffin,DETROIT PISTONS,HOME,BOSTON CELTICS,WIN,2149,8,16,1,2,10,13,2,6,6,1,0,5,2,20.4
smartma01,Marcus Smart,BOSTON CELTICS,AWAY,DETROIT PISTONS,LOSS,1787,6,11,5,7,4,6,3,5,3,3,0,2,5,19.6
rosede01,Derrick Rose,MINNESOTA TIMBERWOLVES,AWAY,PHOENIX SUNS,LOSS,1966,11,16,2,3,1,1,0,1,1,2,0,2,0,19.2
aytonde01,Deandre Ayton,PHOENIX SUNS,HOME,MINNESOTA TIMBERWOLVES,WIN,1530,7,11,0,0,4,5,5,7,2,0,1,0,4,18.8
mcgeeja01,JaVale McGee,LOS ANGELES LAKERS,AWAY,CHARLOTTE HORNETS,WIN,1070,9,10,0,0,1,2,1,5,0,1,3,1,2,18.7
rosste01,Terrence Ross,ORLANDO MAGIC,HOME,UTAH JAZZ,WIN,1390,8,9,3,3,0,0,1,2,0,2,0,0,2,18.4
dunnkr01,Kris Dunn,CHICAGO BULLS,AWAY,SAN ANTONIO SPURS,WIN,2145,11,19,0,2,2,2,0,7,3,2,0,1,5,18.3
markkla01,Lauri Markkanen,CHICAGO BULLS,AWAY,SAN ANTONIO SPURS,WIN,2196,9,18,3,8,2,2,1,6,1,2,2,2,1,18.2
conlemi01,Mike Conley,MEMPHIS GRIZZLIES,HOME,HOUSTON ROCKETS,LOSS,2228,8,17,1,6,5,5,0,2,6,0,0,0,0,18.1
gallida01,Danilo Gallinari,LOS ANGELES CLIPPERS,AWAY,OKLAHOMA CITY THUNDER,LOSS,2246,10,16,4,6,4,5,0,7,2,2,0,7,3,17.7
irvinky01,Kyrie Irving,BOSTON CELTICS,AWAY,DETROIT PISTONS,LOSS,1972,11,25,2,6,2,3,2,6,4,3,0,3,3,17.3
harrito02,Tobias Harris,LOS ANGELES CLIPPERS,AWAY,OKLAHOMA CITY THUNDER,LOSS,2305,9,14,3,6,1,1,0,9,1,1,0,3,1,16.8
fournev01,Evan Fournier,ORLANDO MAGIC,HOME,UTAH JAZZ,WIN,1979,7,15,2,7,8,10,0,7,0,1,0,1,4,16.0
grantje01,Jerami Grant,OKLAHOMA CITY THUNDER,HOME,LOS ANGELES CLIPPERS,WIN,2054,8,11,1,3,1,3,1,3,1,2,3,2,3,15.9
arcidry01,Ryan Arcidiacono,CHICAGO BULLS,AWAY,SAN ANTONIO SPURS,WIN,2337,4,6,2,4,2,2,2,2,6,3,0,2,2,15.8
vucevni01,Nikola Vučević,ORLANDO MAGIC,HOME,UTAH JAZZ,WIN,1809,5,14,1,3,4,4,2,17,5,0,2,2,3,15.4
gasolma01,Marc Gasol,MEMPHIS GRIZZLIES,HOME,HOUSTON ROCKETS,LOSS,1935,7,12,1,2,2,2,1,8,4,3,0,4,3,15.1
westbru01,Russell Westbrook,OKLAHOMA CITY THUNDER,HOME,LOS ANGELES CLIPPERS,WIN,2160,4,17,3,4,2,3,2,7,12,6,0,4,3,15.0
harremo01,Montrezl Harrell,LOS ANGELES CLIPPERS,AWAY,OKLAHOMA CITY THUNDER,LOSS,1537,8,14,1,1,4,7,3,3,3,0,1,3,3,14.8
belinma01,Marco Belinelli,SAN ANTONIO SPURS,HOME,CHICAGO BULLS,LOSS,1783,6,8,5,7,0,0,1,3,2,0,0,1,3,14.6
saricda01,Dario Šarić,MINNESOTA TIMBERWOLVES,AWAY,PHOENIX SUNS,LOSS,2096,6,12,2,5,1,1,3,8,2,1,0,1,2,14.1
favorde01,Derrick Favors,UTAH JAZZ,AWAY,ORLANDO MAGIC,LOSS,1495,8,16,0,0,5,6,4,4,2,0,0,3,3,13.8
warretj01,T.J. Warren,PHOENIX SUNS,HOME,MINNESOTA TIMBERWOLVES,WIN,1956,8,19,3,6,2,2,1,4,1,1,1,0,5,13.2
tatumja01,Jayson Tatum,BOSTON CELTICS,AWAY,DETROIT PISTONS,LOSS,1798,6,15,0,3,5,6,2,6,2,1,1,1,2,13.0
mitchdo01,Donovan Mitchell,UTAH JAZZ,AWAY,ORLANDO MAGIC,LOSS,2062,8,21,2,5,6,6,0,1,1,1,0,0,5,12.5
greenge01,Gerald Green,HOUSTON ROCKETS,AWAY,MEMPHIS GRIZZLIES,WIN,1295,5,6,4,4,3,3,0,1,0,0,0,1,5,12.1
bridgmi01,Mikal Bridges,PHOENIX SUNS,HOME,MINNESOTA TIMBERWOLVES,WIN,2420,4,12,2,7,2,2,2,3,2,2,3,1,0,12.0
monkma01,Malik Monk,CHARLOTTE HORNETS,HOME,LOS ANGELES LAKERS,LOSS,1646,7,14,2,5,3,3,2,3,1,0,0,2,3,11.8
goberru01,Rudy Gobert,UTAH JAZZ,AWAY,ORLANDO MAGIC,LOSS,1974,2,6,0,0,2,2,5,8,2,2,2,1,2,11.5
paulch01,Chris Paul,HOUSTON ROCKETS,AWAY,MEMPHIS GRIZZLIES,WIN,2173,3,10,2,7,2,2,0,1,10,2,0,2,1,11.1
stephla01,Lance Stephenson,LOS ANGELES LAKERS,AWAY,CHARLOTTE HORNETS,WIN,1376,5,8,1,3,0,0,0,5,4,2,0,2,2,10.9
greenja01,JaMychal Green,MEMPHIS GRIZZLIES,HOME,HOUSTON ROCKETS,LOSS,1504,5,7,0,0,3,4,1,5,3,0,0,2,3,10.8
lopezro01,Robin Lopez,CHICAGO BULLS,AWAY,SAN ANTONIO SPURS,WIN,1163,3,6,0,0,4,4,2,3,1,0,1,0,0,10.7
adamsst01,Steven Adams,OKLAHOMA CITY THUNDER,HOME,LOS ANGELES CLIPPERS,WIN,1904,6,14,0,0,4,6,3,2,2,0,0,1,1,10.5
jacksre01,Reggie Jackson,DETROIT PISTONS,HOME,BOSTON CELTICS,WIN,1439,3,5,0,1,6,7,1,1,4,0,1,3,1,10.4
zelleco01,Cody Zeller,CHARLOTTE HORNETS,HOME,LOS ANGELES LAKERS,LOSS,1213,3,7,0,0,2,2,3,4,3,0,3,1,1,10.4
kennalu01,Luke Kennard,DETROIT PISTONS,HOME,BOSTON CELTICS,WIN,1321,4,4,2,2,0,0,0,3,3,0,0,0,4,10.2
jacksja02,Jaren Jackson,MEMPHIS GRIZZLIES,HOME,HOUSTON ROCKETS,LOSS,1854,4,7,1,2,0,2,1,6,3,1,3,1,4,10.0
rubiori01,Ricky Rubio,UTAH JAZZ,AWAY,ORLANDO MAGIC,LOSS,1938,3,14,0,4,9,9,0,4,4,2,0,2,1,10.0
beverpa01,Patrick Beverley,LOS ANGELES CLIPPERS,AWAY,OKLAHOMA CITY THUNDER,LOSS,1786,2,2,2,2,3,3,0,3,2,2,0,1,5,9.7
crowdja01,Jae Crowder,UTAH JAZZ,AWAY,ORLANDO MAGIC,LOSS,1518,3,7,2,6,1,1,1,3,0,2,1,0,0,9.6
lambje01,Jeremy Lamb,CHARLOTTE HORNETS,HOME,LOS ANGELES LAKERS,LOSS,1388,4,9,1,3,3,3,2,3,0,0,0,0,0,9.6
teaguje01,Jeff Teague,MINNESOTA TIMBERWOLVES,AWAY,PHOENIX SUNS,LOSS,1897,3,9,0,2,4,5,1,0,11,0,0,3,1,9.5
wiggian01,Andrew Wiggins,MINNESOTA TIMBERWOLVES,AWAY,PHOENIX SUNS,LOSS,1997,6,15,1,6,1,2,2,4,3,0,0,0,2,9.4
tuckepj01,P.J. Tucker,HOUSTON ROCKETS,AWAY,MEMPHIS GRIZZLIES,WIN,2365,5,11,4,9,0,0,2,5,0,1,0,2,3,9.0
gayru01,Rudy Gay,SAN ANTONIO SPURS,HOME,CHICAGO BULLS,LOSS,1561,4,8,0,1,4,4,1,5,4,0,1,3,5,8.7
meltode01,De'Anthony Melton,PHOENIX SUNS,HOME,MINNESOTA TIMBERWOLVES,WIN,1272,4,6,1,2,0,0,0,3,5,2,0,3,3,8.6
mykhasv01,Sviatoslav Mykhailiuk,LOS ANGELES LAKERS,AWAY,CHARLOTTE HORNETS,WIN,1067,4,10,3,6,1,2,0,1,4,0,0,0,2,8.5
bacondw01,Dwayne Bacon,CHARLOTTE HORNETS,HOME,LOS ANGELES LAKERS,LOSS,755,4,4,1,1,0,0,0,3,1,0,0,1,0,8.4
diallha01,Hamidou Diallo,OKLAHOMA CITY THUNDER,HOME,LOS ANGELES CLIPPERS,WIN,685,4,5,0,0,2,2,0,1,0,0,1,0,2,8.3
caldejo01,José Calderón,DETROIT PISTONS,HOME,BOSTON CELTICS,WIN,1441,2,3,0,1,1,2,0,2,8,3,0,2,6,8.1
baynear01,Aron Baynes,BOSTON CELTICS,AWAY,DETROIT PISTONS,LOSS,1102,4,6,0,0,2,2,2,2,0,0,0,1,1,8.0
bambamo01,Mohamed Bamba,ORLANDO MAGIC,HOME,UTAH JAZZ,WIN,1060,3,7,1,3,2,2,1,3,2,0,4,2,3,7.9
bridgmi02,Miles Bridges,CHARLOTTE HORNETS,HOME,LOS ANGELES LAKERS,LOSS,1700,5,13,2,6,5,6,0,3,0,0,2,2,5,7.8
kuzmaky01,Kyle Kuzma,LOS ANGELES LAKERS,AWAY,CHARLOTTE HORNETS,WIN,1661,4,9,2,5,4,4,1,2,3,0,1,4,4,7.8
derozde01,DeMar DeRozan,SAN ANTONIO SPURS,HOME,CHICAGO BULLS,LOSS,2228,8,23,0,1,5,6,1,4,3,0,1,4,2,7.6
carteje01,Jevon Carter,MEMPHIS GRIZZLIES,HOME,HOUSTON ROCKETS,LOSS,1333,5,9,1,5,0,0,0,1,0,2,1,1,3,7.5
gallola01,Langston Galloway,DETROIT PISTONS,HOME,BOSTON CELTICS,WIN,1716,6,13,2,9,0,2,1,1,1,1,0,1,2,7.4
caldwke01,Kentavious Caldwell-Pope,LOS ANGELES LAKERS,AWAY,CHARLOTTE HORNETS,WIN,1271,4,9,2,4,1,1,1,1,0,0,0,0,0,7.3
brookma01,MarShon Brooks,MEMPHIS GRIZZLIES,HOME,HOUSTON ROCKETS,LOSS,791,3,4,1,1,0,0,1,2,1,1,0,0,3,7.2
hernawi01,Willy Hernangómez,CHARLOTTE HORNETS,HOME,LOS ANGELES LAKERS,LOSS,972,5,9,0,1,1,2,2,4,1,0,0,2,1,7.2
bullore01,Reggie Bullock,DETROIT PISTONS,HOME,BOSTON CELTICS,WIN,1802,5,11,4,10,1,2,0,3,1,0,0,3,1,7.1
inglejo01,Joe Ingles,UTAH JAZZ,AWAY,ORLANDO MAGIC,LOSS,1989,2,11,2,6,2,2,1,4,5,3,1,2,3,7.0
holmeri01,Richaun Holmes,PHOENIX SUNS,HOME,MINNESOTA TIMBERWOLVES,WIN,1350,4,6,0,0,1,1,1,3,0,0,0,0,3,6.8
augusdj01,D.J. Augustin,ORLANDO MAGIC,HOME,UTAH JAZZ,WIN,2056,4,8,2,3,1,2,0,2,5,0,0,4,2,5.9
bertada01,Dāvis Bertāns,SAN ANTONIO SPURS,HOME,CHICAGO BULLS,LOSS,1204,1,3,1,3,3,4,1,0,0,1,0,0,0,5.6
bradlav01,Avery Bradley,LOS ANGELES CLIPPERS,AWAY,OKLAHOMA CITY THUNDER,LOSS,2062,4,9,2,6,0,0,2,5,4,1,1,6,3,5.5
holidju01,Justin Holiday,CHICAGO BULLS,AWAY,SAN ANTONIO SPURS,WIN,2495,1,12,1,10,5,5,0,7,2,2,1,0,2,5.4
theisda01,Daniel Theis,BOSTON CELTICS,AWAY,DETROIT PISTONS,LOSS,1090,3,5,2,3,0,0,1,3,1,0,0,1,4,5.4
poeltja01,Jakob Poeltl,SAN ANTONIO SPURS,HOME,CHICAGO BULLS,LOSS,948,2,3,0,0,1,1,1,3,0,1,0,1,0,5.3
abrinal01,Álex Abrines,OKLAHOMA CITY THUNDER,HOME,LOS ANGELES CLIPPERS,WIN,1210,2,4,0,2,2,2,0,4,0,0,0,0,0,5.2
noelne01,Nerlens Noel,OKLAHOMA CITY THUNDER,HOME,LOS ANGELES CLIPPERS,WIN,976,2,4,0,0,0,0,2,2,0,2,2,1,3,5.2
morrima03,Marcus Morris,BOSTON CELTICS,AWAY,DETROIT PISTONS,LOSS,1645,3,10,0,6,3,4,0,3,3,1,1,0,6,5.1
grahade01,Devonte' Graham,CHARLOTTE HORNETS,HOME,LOS ANGELES LAKERS,LOSS,982,2,6,0,2,1,1,0,2,6,0,0,1,1,5.0
cartewe01,Wendell Carter,CHICAGO BULLS,AWAY,SAN ANTONIO SPURS,WIN,1257,3,5,0,0,2,4,1,1,0,0,2,0,6,4.9
zubaciv01,Ivica Zubac,LOS ANGELES LAKERS,AWAY,CHARLOTTE HORNETS,WIN,695,3,4,0,0,0,0,0,1,0,0,0,0,0,4.7
templga01,Garrett Temple,MEMPHIS GRIZZLIES,HOME,HOUSTON ROCKETS,LOSS,1668,4,8,0,4,0,0,0,2,0,1,1,1,2,4.5
johnsst04,Stanley Johnson,DETROIT PISTONS,HOME,BOSTON CELTICS,WIN,725,2,5,0,3,0,0,1,1,1,1,0,0,0,4.0
simmojo02,Jonathon Simmons,ORLANDO MAGIC,HOME,UTAH JAZZ,WIN,1266,3,6,0,1,2,2,0,3,0,1,1,3,2,3.8
payneca01,Cameron Payne,CHICAGO BULLS,AWAY,SAN ANTONIO SPURS,WIN,790,2,4,0,2,0,0,0,1,1,1,1,1,0,3.7
wagnemo01,Moritz Wagner,LOS ANGELES LAKERS,AWAY,CHARLOTTE HORNETS,WIN,414,2,4,1,2,0,0,0,3,0,0,0,0,1,3.5
bongais01,Isaac Bonga,LOS ANGELES LAKERS,AWAY,CHARLOTTE HORNETS,WIN,385,1,3,0,0,0,0,1,0,1,2,0,0,1,3.3
portibo01,Bobby Portis,CHICAGO BULLS,AWAY,SAN ANTONIO SPURS,WIN,1144,4,12,0,3,1,2,2,2,0,0,1,1,2,2.7
williro04,Robert Williams,BOSTON CELTICS,AWAY,DETROIT PISTONS,LOSS,601,1,1,0,0,0,0,0,1,0,0,1,0,0,2.7
leuerjo01,Jon Leuer,DETROIT PISTONS,HOME,BOSTON CELTICS,WIN,869,2,4,0,0,0,0,1,3,0,1,0,2,0,2.6
harrish01,Shaquille Harrison,CHICAGO BULLS,AWAY,SAN ANTONIO SPURS,WIN,619,0,2,0,0,0,0,0,3,2,2,0,0,1,2.5
gortama01,Marcin Gortat,LOS ANGELES CLIPPERS,AWAY,OKLAHOMA CITY THUNDER,LOSS,1343,1,5,0,0,3,4,0,8,0,0,1,1,3,2.4
batumni01,Nicolas Batum,CHARLOTTE HORNETS,HOME,LOS ANGELES LAKERS,LOSS,1642,3,7,1,5,0,0,0,1,2,1,0,3,2,2.2
evansja01,Jawun Evans,PHOENIX SUNS,HOME,MINNESOTA TIMBERWOLVES,WIN,831,0,2,0,1,0,0,1,5,4,0,0,1,1,2.2
grantje02,Jerian Grant,ORLANDO MAGIC,HOME,UTAH JAZZ,WIN,824,1,3,0,1,0,0,0,1,2,1,0,0,2,2.2
kaminfr01,Frank Kaminsky,CHARLOTTE HORNETS,HOME,LOS ANGELES LAKERS,LOSS,458,1,2,0,1,0,0,0,1,1,0,0,0,0,2.0
chandty01,Tyson Chandler,LOS ANGELES LAKERS,AWAY,CHARLOTTE HORNETS,WIN,989,1,1,0,0,1,2,1,4,0,0,1,1,5,1.9
haywago01,Gordon Hayward,BOSTON CELTICS,AWAY,DETROIT PISTONS,LOSS,1684,3,11,0,4,0,0,1,1,2,1,0,1,0,1.9
pattepa01,Patrick Patterson,OKLAHOMA CITY THUNDER,HOME,LOS ANGELES CLIPPERS,WIN,826,0,0,0,0,0,0,0,1,2,1,0,1,0,1.7
thornsi01,Sindarius Thornwell,LOS ANGELES CLIPPERS,AWAY,OKLAHOMA CITY THUNDER,LOSS,305,1,2,0,0,0,0,0,0,1,0,0,0,0,1.7
sefolth01,Thabo Sefolosha,UTAH JAZZ,AWAY,ORLANDO MAGIC,LOSS,752,0,1,0,0,0,0,0,1,0,3,0,1,0,1.6
willima02,Marvin Williams,CHARLOTTE HORNETS,HOME,LOS ANGELES LAKERS,LOSS,744,0,1,0,0,0,0,0,1,1,1,1,0,1,1.6
schrode01,Dennis Schröder,OKLAHOMA CITY THUNDER,HOME,LOS ANGELES CLIPPERS,WIN,1461,4,14,0,3,0,0,0,3,3,1,0,2,1,1.4
okogijo01,Josh Okogie,MINNESOTA TIMBERWOLVES,AWAY,PHOENIX SUNS,LOSS,269,1,3,0,2,0,0,0,1,0,0,1,0,0,1.3
parketo01,Tony Parker,CHARLOTTE HORNETS,HOME,LOS ANGELES LAKERS,LOSS,805,2,3,0,0,0,1,0,0,2,0,0,2,1,1.3
onealro01,Royce O'Neale,UTAH JAZZ,AWAY,ORLANDO MAGIC,LOSS,691,0,1,0,1,1,2,0,1,2,0,0,0,1,1.2
gilgesh01,Shai Gilgeous-Alexander,LOS ANGELES CLIPPERS,AWAY,OKLAHOMA CITY THUNDER,LOSS,1272,1,4,0,0,0,2,1,1,2,1,1,2,0,0.9
seldewa01,Wayne Selden,MEMPHIS GRIZZLIES,HOME,HOUSTON ROCKETS,LOSS,490,1,3,0,2,1,2,0,0,0,0,0,0,0,0.9
jonesty01,Tyus Jones,MINNESOTA TIMBERWOLVES,AWAY,PHOENIX SUNS,LOSS,983,0,4,0,2,1,2,0,1,1,2,0,0,0,0.8
casspom01,Omri Casspi,MEMPHIS GRIZZLIES,HOME,HOUSTON ROCKETS,LOSS,463,1,2,0,0,0,0,0,1,1,0,0,1,1,0.6
crawfja01,Jamal Crawford,PHOENIX SUNS,HOME,MINNESOTA TIMBERWOLVES,WIN,1532,2,8,0,4,0,0,0,3,7,0,0,4,1,0.6
macksh01,Shelvin Mack,MEMPHIS GRIZZLIES,HOME,HOUSTON ROCKETS,LOSS,1667,2,5,0,1,0,0,1,1,1,0,0,2,1,0.6
covinro01,Robert Covington,MINNESOTA TIMBERWOLVES,AWAY,PHOENIX SUNS,LOSS,1528,1,8,1,7,1,2,1,2,1,2,1,1,4,0.5
millspa02,Patty Mills,SAN ANTONIO SPURS,HOME,CHICAGO BULLS,LOSS,1517,1,4,1,4,0,0,0,3,4,0,0,3,2,0.5
fergute01,Terrance Ferguson,OKLAHOMA CITY THUNDER,HOME,LOS ANGELES CLIPPERS,WIN,929,1,2,0,1,0,0,0,2,0,0,0,0,3,0.4
gordoaa01,Aaron Gordon,ORLANDO MAGIC,HOME,UTAH JAZZ,WIN,1698,3,7,2,3,0,0,0,2,3,1,0,6,4,0.4
brownja02,Jaylen Brown,BOSTON CELTICS,AWAY,DETROIT PISTONS,LOSS,1351,1,4,0,1,0,0,0,2,2,2,1,3,3,0.1
cunnida01,Dante Cunningham,SAN ANTONIO SPURS,HOME,CHICAGO BULLS,LOSS,483,0,1,0,0,0,0,0,0,0,0,1,0,0,0.0
hartjo01,Josh Hart,LOS ANGELES LAKERS,AWAY,CHARLOTTE HORNETS,WIN,1567,2,8,1,4,0,1,1,2,1,1,0,2,2,0.0
isaacjo01,Jonathan Isaac,ORLANDO MAGIC,HOME,UTAH JAZZ,WIN,2029,0,3,0,0,0,0,0,7,1,1,3,3,2,0.0
kiddgmi01,Michael Kidd-Gilchrist,CHARLOTTE HORNETS,HOME,LOS ANGELES LAKERS,LOSS,576,1,4,0,0,0,0,0,3,1,1,0,1,3,0.0
knighbr03,Brandon Knight,HOUSTON ROCKETS,AWAY,MEMPHIS GRIZZLIES,WIN,233,0,0,0,0,0,0,0,0,0,0,0,0,0,0.0
jacksjo02,Josh Jackson,PHOENIX SUNS,HOME,MINNESOTA TIMBERWOLVES,WIN,1350,2,10,0,2,2,4,1,5,2,1,2,4,3,-0.2
scottmi01,Mike Scott,LOS ANGELES CLIPPERS,AWAY,OKLAHOMA CITY THUNDER,LOSS,904,1,5,1,2,0,0,0,2,1,0,0,1,1,-0.2
hilarne01,Nenê Hilário,HOUSTON ROCKETS,AWAY,MEMPHIS GRIZZLIES,WIN,798,1,5,0,0,0,0,0,2,2,0,0,0,3,-0.3
exumda01,Dante Exum,UTAH JAZZ,AWAY,ORLANDO MAGIC,LOSS,942,1,4,0,0,0,0,0,2,1,0,0,1,1,-0.5
noahjo01,Joakim Noah,MEMPHIS GRIZZLIES,HOME,HOUSTON ROCKETS,LOSS,467,0,1,0,0,1,2,1,1,1,0,1,2,2,-0.5
brownbr01,Bruce Brown,DETROIT PISTONS,HOME,BOSTON CELTICS,WIN,960,1,5,1,2,0,0,0,2,0,0,1,1,2,-0.6
roziete01,Terry Rozier,BOSTON CELTICS,AWAY,DETROIT PISTONS,LOSS,1370,1,6,0,3,1,2,1,3,2,0,0,2,1,-0.6
houseda01,Danuel House,HOUSTON ROCKETS,AWAY,MEMPHIS GRIZZLIES,WIN,1151,0,2,0,2,0,0,1,1,0,0,0,0,1,-0.8
forbebr01,Bryn Forbes,SAN ANTONIO SPURS,HOME,CHICAGO BULLS,LOSS,1400,0,4,0,4,0,0,0,6,3,0,1,2,4,-1.8
hutchch01,Chandler Hutchison,CHICAGO BULLS,AWAY,SAN ANTONIO SPURS,WIN,254,0,2,0,0,0,0,0,0,0,0,0,0,1,-1.8
tollian01,Anthony Tolliver,MINNESOTA TIMBERWOLVES,AWAY,PHOENIX SUNS,LOSS,784,0,1,0,1,0,0,0,0,1,1,0,2,2,-1.8
whitede01,Derrick White,SAN ANTONIO SPURS,HOME,CHICAGO BULLS,LOSS,1060,0,3,0,1,0,0,0,0,1,1,0,1,1,-1.8
dienggo01,Gorgui Dieng,MINNESOTA TIMBERWOLVES,AWAY,PHOENIX SUNS,LOSS,598,0,2,0,0,0,0,0,5,2,0,0,2,4,-2.1
martija01,Jarell Martin,ORLANDO MAGIC,HOME,UTAH JAZZ,WIN,289,0,0,0,0,0,0,0,0,0,0,0,1,3,-2.2
teodomi01,Miloš Teodosić,LOS ANGELES CLIPPERS,AWAY,OKLAHOMA CITY THUNDER,LOSS,640,1,4,0,2,0,0,0,0,2,0,0,2,3,-2.2
korveky01,Kyle Korver,UTAH JAZZ,AWAY,ORLANDO MAGIC,LOSS,1039,1,8,1,7,0,0,0,3,0,0,0,0,3,-2.5
gordoer01,Eric Gordon,HOUSTON ROCKETS,AWAY,MEMPHIS GRIZZLIES,WIN,1871,2,11,0,8,0,0,0,1,1,0,0,0,3,-3.1
walkeke02,Kemba Walker,CHARLOTTE HORNETS,HOME,LOS ANGELES LAKERS,LOSS,1519,2,13,0,5,0,0,0,1,3,0,0,3,1,-5.3
