slug,name,team,location,opponent,outcome,seconds_played,made_field_goals,attempted_field_goals,made_three_point_field_goals,attempted_three_point_field_goals,made_free_throws,attempted_free_throws,offensive_rebounds,defensive_rebounds,assists,steals,blocks,turnovers,personal_fouls,game_score
youngtr01,Trae Young,ATLANTA HAWKS,AWAY,NEW YORK KNICKS,LOSS,2480,16,29,7,13,3,4,0,4,8,0,0,3,1,31.1
barrerj01,RJ Barrett,NEW YORK KNICKS,HOME,ATLANTA HAWKS,WIN,1717,10,13,2,3,5,8,1,5,1,1,0,0,1,24.2
bogdabo02,Bojan Bogdanović,UTAH JAZZ,HOME,ORLANDO MAGIC,WIN,2200,11,22,6,11,2,2,0,5,5,1,0,1,1,23.6
monkma01,Malik Monk,CHARLOTTE HORNETS,HOME,SACRAMENTO KINGS,WIN,1601,9,12,2,4,3,4,2,8,4,1,0,2,1,23.0
robinmi01,Mitchell Robinson,NEW YORK KNICKS,HOME,ATLANTA HAWKS,WIN,1754,9,13,0,0,4,4,6,7,0,1,2,1,4,22.6
augusdj01,D.J. Augustin,ORLANDO MAGIC,AWAY,UTAH JAZZ,LOSS,1571,8,10,2,3,4,4,0,4,3,1,1,1,1,21.8
sabondo01,Domantas Sabonis,INDIANA PACERS,HOME,LOS ANGELES LAKERS,WIN,2074,10,15,1,2,5,8,4,6,4,0,0,2,5,21.7
mitchdo01,Donovan Mitchell,UTAH JAZZ,HOME,ORLANDO MAGIC,WIN,2126,13,23,2,7,2,2,1,2,4,0,0,1,4,20.6
dinwisp01,Spencer Dinwiddie,BROOKLYN NETS,AWAY,NEW ORLEANS PELICANS,WIN,2311,11,26,1,8,8,11,0,2,7,1,0,2,3,19.3
harrijo01,Joe Harris,BROOKLYN NETS,AWAY,NEW ORLEANS PELICANS,WIN,2237,8,15,5,9,3,4,1,5,3,0,1,2,1,18.9
morrima03,Marcus Morris,NEW YORK KNICKS,HOME,ATLANTA HAWKS,WIN,1291,6,11,3,5,7,7,0,4,2,0,0,1,2,17.5
inglejo01,Joe Ingles,UTAH JAZZ,HOME,ORLANDO MAGIC,WIN,2200,5,8,4,4,2,2,2,10,2,0,2,3,0,16.6
georgpa01,Paul George,LOS ANGELES CLIPPERS,HOME,PHOENIX SUNS,WIN,1478,8,17,3,7,5,5,0,3,1,3,0,3,2,16.1
foxde01,De'Aaron Fox,SACRAMENTO KINGS,AWAY,CHARLOTTE HORNETS,LOSS,1783,6,13,2,6,5,6,1,1,8,2,0,3,5,15.5
leonaka01,Kawhi Leonard,LOS ANGELES CLIPPERS,HOME,PHOENIX SUNS,WIN,1640,7,14,1,3,5,7,0,6,2,1,0,1,0,15.4
howardw01,Dwight Howard,LOS ANGELES LAKERS,AWAY,INDIANA PACERS,LOSS,1584,10,10,0,0,0,3,2,4,0,0,2,3,4,15.2
turnemy01,Myles Turner,INDIANA PACERS,HOME,LOS ANGELES LAKERS,WIN,1890,5,9,3,6,3,4,1,6,0,2,2,1,4,14.6
zelleco01,Cody Zeller,CHARLOTTE HORNETS,HOME,SACRAMENTO KINGS,WIN,1885,6,13,0,2,5,9,3,6,4,0,2,1,3,14.6
allenja01,Jarrett Allen,BROOKLYN NETS,AWAY,NEW ORLEANS PELICANS,WIN,2075,6,7,0,0,0,0,2,12,1,0,6,3,5,14.4
goberru01,Rudy Gobert,UTAH JAZZ,HOME,ORLANDO MAGIC,WIN,2248,6,10,0,0,0,0,4,15,5,0,0,3,2,14.4
aytonde01,Deandre Ayton,PHOENIX SUNS,AWAY,LOS ANGELES CLIPPERS,LOSS,1453,9,19,0,0,0,1,7,5,3,0,1,2,2,14.3
willima02,Marvin Williams,CHARLOTTE HORNETS,HOME,SACRAMENTO KINGS,WIN,1516,5,8,3,5,3,3,1,2,0,1,2,1,2,14.3
mccontj01,T.J. McConnell,INDIANA PACERS,HOME,LOS ANGELES LAKERS,WIN,1127,5,7,0,0,0,0,3,1,4,3,0,1,1,13.9
knoxke01,Kevin Knox,NEW YORK KNICKS,HOME,ATLANTA HAWKS,WIN,1414,7,14,3,9,0,0,0,2,2,3,1,1,3,13.5
willilo02,Lou Williams,LOS ANGELES CLIPPERS,HOME,PHOENIX SUNS,WIN,1374,7,13,5,7,1,2,0,2,8,0,0,6,0,13.5
randlju01,Julius Randle,NEW YORK KNICKS,HOME,ATLANTA HAWKS,WIN,1366,7,15,0,1,3,4,3,8,2,0,0,1,1,13.4
hayesja02,Jaxson Hayes,NEW ORLEANS PELICANS,HOME,BROOKLYN NETS,LOSS,1752,4,5,1,1,4,7,2,5,1,0,2,0,5,12.9
harremo01,Montrezl Harrell,LOS ANGELES CLIPPERS,HOME,PHOENIX SUNS,WIN,1364,7,13,0,0,1,1,2,3,3,1,1,2,1,12.4
portibo01,Bobby Portis,NEW YORK KNICKS,HOME,ATLANTA HAWKS,WIN,1235,4,7,2,4,1,2,1,6,2,1,0,0,0,12.2
huertke01,Kevin Huerter,ATLANTA HAWKS,AWAY,NEW YORK KNICKS,LOSS,1935,5,14,2,7,2,3,1,2,5,3,1,1,3,12.1
fultzma01,Markelle Fultz,ORLANDO MAGIC,AWAY,UTAH JAZZ,LOSS,1652,6,13,1,3,1,2,1,3,2,2,0,0,0,11.9
holidjr01,Jrue Holiday,NEW ORLEANS PELICANS,HOME,BROOKLYN NETS,LOSS,2260,9,28,2,7,1,1,2,3,6,1,2,0,5,11.9
holmeri01,Richaun Holmes,SACRAMENTO KINGS,AWAY,CHARLOTTE HORNETS,LOSS,1293,4,10,0,0,3,3,4,1,1,2,3,0,4,11.9
huntede01,De'Andre Hunter,ATLANTA HAWKS,AWAY,NEW YORK KNICKS,LOSS,1883,8,19,0,5,3,4,0,5,4,1,0,0,5,11.8
ingrabr01,Brandon Ingram,NEW ORLEANS PELICANS,HOME,BROOKLYN NETS,LOSS,2466,7,23,1,5,7,9,3,8,1,0,2,2,2,11.7
kaminfr01,Frank Kaminsky,PHOENIX SUNS,AWAY,LOS ANGELES CLIPPERS,LOSS,1368,4,13,2,5,2,2,2,7,5,2,0,1,2,11.7
carusal01,Alex Caruso,LOS ANGELES LAKERS,AWAY,INDIANA PACERS,LOSS,1507,4,8,2,5,1,1,1,3,3,2,0,0,3,11.5
grahade01,Devonte' Graham,CHARLOTTE HORNETS,HOME,SACRAMENTO KINGS,WIN,2280,4,15,4,11,3,4,1,3,7,1,1,2,1,11.5
mcgeeja01,JaVale McGee,LOS ANGELES LAKERS,AWAY,INDIANA PACERS,LOSS,1295,5,8,0,0,0,0,4,4,1,0,3,1,2,11.4
oubreke01,Kelly Oubre,PHOENIX SUNS,AWAY,LOS ANGELES CLIPPERS,LOSS,1762,8,14,3,5,0,1,1,3,1,3,1,5,4,11.4
cartevi01,Vince Carter,ATLANTA HAWKS,AWAY,NEW YORK KNICKS,LOSS,1430,5,9,4,7,1,3,0,0,1,0,2,0,2,11.2
jamesle01,LeBron James,LOS ANGELES LAKERS,AWAY,INDIANA PACERS,LOSS,2094,8,20,0,6,4,8,1,8,9,0,0,5,2,11.2
bjeline01,Nemanja Bjelica,SACRAMENTO KINGS,AWAY,CHARLOTTE HORNETS,LOSS,1829,4,10,2,7,2,2,1,4,3,2,1,1,3,11.1
cartemi01,Michael Carter-Williams,ORLANDO MAGIC,AWAY,UTAH JAZZ,LOSS,1096,5,8,0,3,0,0,0,3,1,3,0,0,1,10.6
nwabada01,David Nwaba,BROOKLYN NETS,AWAY,NEW ORLEANS PELICANS,WIN,1094,5,7,2,3,0,1,0,3,0,1,1,0,2,10.5
fournev01,Evan Fournier,ORLANDO MAGIC,AWAY,UTAH JAZZ,LOSS,2004,8,17,0,8,3,5,0,1,4,0,0,1,3,10.4
jordade01,DeAndre Jordan,BROOKLYN NETS,AWAY,NEW ORLEANS PELICANS,WIN,1100,2,3,0,0,2,2,1,5,5,1,1,1,2,10.3
warretj01,T.J. Warren,INDIANA PACERS,HOME,LOS ANGELES LAKERS,WIN,1973,5,12,0,2,2,2,2,3,1,1,3,1,1,10.3
brogdma01,Malcolm Brogdon,INDIANA PACERS,HOME,LOS ANGELES LAKERS,WIN,1998,6,16,2,4,0,0,2,3,6,0,1,2,1,10.0
baglema01,Marvin Bagley,SACRAMENTO KINGS,AWAY,CHARLOTTE HORNETS,LOSS,1336,6,13,1,2,1,1,2,5,1,0,0,0,3,9.7
biyombi01,Bismack Biyombo,CHARLOTTE HORNETS,HOME,SACRAMENTO KINGS,WIN,1482,4,7,0,0,2,2,5,7,2,0,0,3,3,9.5
favorde01,Derrick Favors,NEW ORLEANS PELICANS,HOME,BROOKLYN NETS,LOSS,1202,3,7,0,0,1,2,5,4,3,0,3,2,1,9.4
mcgruro01,Rodney McGruder,LOS ANGELES CLIPPERS,HOME,PHOENIX SUNS,WIN,1278,3,5,1,2,0,0,0,11,0,3,0,1,2,9.2
zubaciv01,Ivica Zubac,LOS ANGELES CLIPPERS,HOME,PHOENIX SUNS,WIN,1325,5,7,0,0,2,4,2,2,0,0,0,0,3,9.1
hieldbu01,Buddy Hield,SACRAMENTO KINGS,AWAY,CHARLOTTE HORNETS,LOSS,1769,5,13,4,8,0,0,0,2,2,1,0,1,0,8.9
vucevni01,Nikola Vučević,ORLANDO MAGIC,AWAY,UTAH JAZZ,LOSS,1999,4,15,2,8,2,2,1,10,4,0,0,0,2,8.8
beverpa01,Patrick Beverley,LOS ANGELES CLIPPERS,HOME,PHOENIX SUNS,WIN,1549,4,7,1,3,0,0,1,2,1,0,2,0,1,8.7
parkeja01,Jabari Parker,ATLANTA HAWKS,AWAY,NEW YORK KNICKS,LOSS,1140,4,9,0,3,2,2,2,3,2,2,0,2,1,8.6
smithde03,Dennis Smith,NEW YORK KNICKS,HOME,ATLANTA HAWKS,WIN,767,3,5,1,2,1,2,0,5,5,1,1,3,1,8.6
hartjo01,Josh Hart,NEW ORLEANS PELICANS,HOME,BROOKLYN NETS,LOSS,2423,5,14,4,10,0,0,1,8,0,1,0,1,2,8.5
alexani01,Nickeil Alexander-Walker,NEW ORLEANS PELICANS,HOME,BROOKLYN NETS,LOSS,1364,4,7,1,4,0,0,0,4,4,0,0,1,1,8.3
bradlav01,Avery Bradley,LOS ANGELES LAKERS,AWAY,INDIANA PACERS,LOSS,1393,6,14,1,4,0,0,1,2,2,1,0,1,0,8.3
jeromty01,Ty Jerome,PHOENIX SUNS,AWAY,LOS ANGELES CLIPPERS,LOSS,1118,4,10,1,4,1,1,0,1,3,2,0,1,0,8.0
bogdabo01,Bogdan Bogdanović,SACRAMENTO KINGS,AWAY,CHARLOTTE HORNETS,LOSS,1762,4,7,2,4,0,0,0,0,2,2,0,1,3,7.9
rondora01,Rajon Rondo,LOS ANGELES LAKERS,AWAY,INDIANA PACERS,LOSS,1531,2,9,1,4,2,4,2,3,7,1,0,1,1,7.5
carteje01,Jevon Carter,PHOENIX SUNS,AWAY,LOS ANGELES CLIPPERS,LOSS,1428,4,10,1,5,0,0,3,1,2,1,0,0,3,7.2
holidaa01,Aaron Holiday,INDIANA PACERS,HOME,LOS ANGELES LAKERS,WIN,1816,4,8,2,3,1,2,0,2,4,0,0,2,2,7.2
okoboel01,Elie Okobo,PHOENIX SUNS,AWAY,LOS ANGELES CLIPPERS,LOSS,1425,4,8,0,2,2,3,1,1,4,2,0,3,3,7.2
caldwke01,Kentavious Caldwell-Pope,LOS ANGELES LAKERS,AWAY,INDIANA PACERS,LOSS,1681,4,10,1,3,1,1,2,2,1,1,0,0,3,7.1
martico01,Cody Martin,CHARLOTTE HORNETS,HOME,SACRAMENTO KINGS,WIN,1513,3,4,1,1,0,1,1,5,3,0,0,1,3,7.1
paytoel01,Elfrid Payton,NEW YORK KNICKS,HOME,ATLANTA HAWKS,WIN,1210,2,7,0,0,1,2,0,0,9,0,1,0,3,6.3
onealro01,Royce O'Neale,UTAH JAZZ,HOME,ORLANDO MAGIC,WIN,2092,4,8,3,6,0,1,0,6,1,1,1,3,4,6.2
isaacjo01,Jonathan Isaac,ORLANDO MAGIC,AWAY,UTAH JAZZ,LOSS,1907,3,7,1,2,0,1,0,4,1,0,3,0,2,6.1
dotsoda01,Damyean Dotson,NEW YORK KNICKS,HOME,ATLANTA HAWKS,WIN,1442,3,6,1,3,2,2,0,1,1,0,0,1,0,6.0
bambamo01,Mohamed Bamba,ORLANDO MAGIC,AWAY,UTAH JAZZ,LOSS,881,2,5,0,1,0,0,2,5,3,0,1,0,4,5.4
barneha02,Harrison Barnes,SACRAMENTO KINGS,AWAY,CHARLOTTE HORNETS,LOSS,2243,6,17,1,6,1,1,1,3,1,0,0,1,1,5.4
balllo01,Lonzo Ball,NEW ORLEANS PELICANS,HOME,BROOKLYN NETS,LOSS,2123,4,13,1,5,1,3,1,7,4,0,0,2,0,5.3
kiddgmi01,Michael Kidd-Gilchrist,CHARLOTTE HORNETS,HOME,SACRAMENTO KINGS,WIN,867,2,3,1,1,2,2,0,0,0,0,0,0,1,5.3
conlemi01,Mike Conley,UTAH JAZZ,HOME,ORLANDO MAGIC,WIN,1155,2,8,0,4,3,3,0,0,6,1,0,1,3,5.2
roziete01,Terry Rozier,CHARLOTTE HORNETS,HOME,SACRAMENTO KINGS,WIN,1977,4,16,2,5,1,2,3,3,6,1,1,4,2,5.1
reddica01,Cam Reddish,ATLANTA HAWKS,AWAY,NEW YORK KNICKS,LOSS,1609,3,8,1,3,2,2,1,3,0,0,0,0,3,5.0
saricda01,Dario Šarić,PHOENIX SUNS,AWAY,LOS ANGELES CLIPPERS,LOSS,1422,3,7,2,4,0,0,1,5,1,0,0,1,3,5.0
harklma01,Maurice Harkless,LOS ANGELES CLIPPERS,HOME,PHOENIX SUNS,WIN,1365,0,2,0,1,0,0,1,2,2,4,1,1,1,4.6
lenal01,Alex Len,ATLANTA HAWKS,AWAY,NEW YORK KNICKS,LOSS,1488,4,5,1,2,0,0,1,4,0,0,0,4,1,4.6
arizatr01,Trevor Ariza,SACRAMENTO KINGS,AWAY,CHARLOTTE HORNETS,LOSS,1138,2,5,2,5,0,0,0,6,0,1,0,1,2,4.3
bridgmi01,Mikal Bridges,PHOENIX SUNS,AWAY,LOS ANGELES CLIPPERS,LOSS,1568,1,3,1,3,2,2,0,2,3,1,1,3,1,4.3
greenda02,Danny Green,LOS ANGELES LAKERS,AWAY,INDIANA PACERS,LOSS,1702,2,4,2,4,0,0,1,1,2,0,1,2,2,4.3
pattepa01,Patrick Patterson,LOS ANGELES CLIPPERS,HOME,PHOENIX SUNS,WIN,776,2,4,2,4,0,0,0,4,0,0,0,1,0,4.2
mcderdo01,Doug McDermott,INDIANA PACERS,HOME,LOS ANGELES LAKERS,WIN,1066,2,5,1,3,1,2,1,1,1,0,0,0,2,3.8
chandwi01,Wilson Chandler,BROOKLYN NETS,AWAY,NEW ORLEANS PELICANS,WIN,1080,3,6,1,3,0,0,0,5,2,0,0,2,3,3.7
holidju01,Justin Holiday,INDIANA PACERS,HOME,LOS ANGELES LAKERS,WIN,1557,2,8,1,4,1,2,0,7,2,0,0,0,2,3.5
luwawti01,Timothé Luwawu-Cabarrot,BROOKLYN NETS,AWAY,NEW ORLEANS PELICANS,WIN,943,2,5,0,1,2,2,0,2,0,0,0,0,1,3.5
josepco01,Cory Joseph,SACRAMENTO KINGS,AWAY,CHARLOTTE HORNETS,LOSS,1247,1,3,0,1,0,0,1,1,5,0,1,2,1,3.1
rosste01,Terrence Ross,ORLANDO MAGIC,AWAY,UTAH JAZZ,LOSS,1491,3,9,1,5,1,1,0,2,1,0,0,0,3,3.0
gibsota01,Taj Gibson,NEW YORK KNICKS,HOME,ATLANTA HAWKS,WIN,1126,1,2,0,0,0,0,2,1,3,0,1,1,4,2.9
robinje01,Jerome Robinson,LOS ANGELES CLIPPERS,HOME,PHOENIX SUNS,WIN,339,1,1,1,1,0,0,0,0,0,0,0,0,0,2.7
bridgmi02,Miles Bridges,CHARLOTTE HORNETS,HOME,SACRAMENTO KINGS,WIN,1279,2,3,0,1,0,0,0,1,0,1,2,2,2,2.6
jonesda03,Damian Jones,ATLANTA HAWKS,AWAY,NEW YORK KNICKS,LOSS,553,0,1,0,0,2,2,2,1,0,0,0,0,1,2.6
davised01,Ed Davis,UTAH JAZZ,HOME,ORLANDO MAGIC,WIN,632,1,4,0,0,1,2,1,4,1,0,0,0,1,2.4
ntilila01,Frank Ntilikina,NEW YORK KNICKS,HOME,ATLANTA HAWKS,WIN,1078,1,2,1,1,0,0,0,3,3,0,0,2,2,2.2
gordoaa01,Aaron Gordon,ORLANDO MAGIC,AWAY,UTAH JAZZ,LOSS,1799,3,9,0,2,0,0,0,5,2,0,0,1,2,2.0
shamela01,Landry Shamet,LOS ANGELES CLIPPERS,HOME,PHOENIX SUNS,WIN,1530,1,6,0,4,2,3,0,2,4,0,0,0,3,2.0
bembrde01,DeAndre' Bembry,ATLANTA HAWKS,AWAY,NEW YORK KNICKS,LOSS,740,0,1,0,0,0,0,2,2,0,1,0,0,1,1.9
motlejo01,Johnathan Motley,LOS ANGELES CLIPPERS,HOME,PHOENIX SUNS,WIN,191,0,0,0,0,0,0,0,0,1,2,0,0,2,1.9
princta02,Taurean Prince,BROOKLYN NETS,AWAY,NEW ORLEANS PELICANS,WIN,2105,1,9,1,6,0,0,1,10,2,0,1,0,3,1.7
templga01,Garrett Temple,BROOKLYN NETS,AWAY,NEW ORLEANS PELICANS,WIN,2369,2,14,1,6,2,3,1,4,5,0,0,1,1,1.6
dudleja01,Jared Dudley,LOS ANGELES LAKERS,AWAY,INDIANA PACERS,LOSS,881,1,5,1,4,0,0,0,1,2,0,0,0,1,1.2
diallch01,Cheick Diallo,PHOENIX SUNS,AWAY,LOS ANGELES CLIPPERS,LOSS,339,1,1,0,0,0,0,0,1,0,0,0,1,0,1.0
waltode01,Derrick Walton,LOS ANGELES CLIPPERS,HOME,PHOENIX SUNS,WIN,191,0,0,0,0,0,0,0,1,1,0,0,0,0,1.0
rubiori01,Ricky Rubio,PHOENIX SUNS,AWAY,LOS ANGELES CLIPPERS,LOSS,1455,2,12,0,3,0,0,1,4,8,0,0,2,3,0.7
willike04,Kenrich Williams,NEW ORLEANS PELICANS,HOME,BROOKLYN NETS,LOSS,1583,1,8,1,6,0,0,2,3,0,1,0,0,1,0.7
danietr01,Troy Daniels,LOS ANGELES LAKERS,AWAY,INDIANA PACERS,LOSS,732,1,3,0,1,0,0,0,0,1,0,0,0,1,0.6
mellini01,Nicolò Melli,NEW ORLEANS PELICANS,HOME,BROOKLYN NETS,LOSS,727,0,2,0,2,2,2,0,0,1,0,0,0,2,0.5
lambje01,Jeremy Lamb,INDIANA PACERS,HOME,LOS ANGELES LAKERS,WIN,899,2,5,0,1,0,0,0,1,0,3,0,3,3,0.4
fernabr01,Bruno Fernando,ATLANTA HAWKS,AWAY,NEW YORK KNICKS,LOSS,452,0,0,0,0,0,0,0,2,0,0,0,0,1,0.2
greenje02,Jeff Green,UTAH JAZZ,HOME,ORLANDO MAGIC,WIN,885,0,4,0,2,0,2,2,4,1,0,0,0,0,-0.3
baynear01,Aron Baynes,PHOENIX SUNS,AWAY,LOS ANGELES CLIPPERS,LOSS,1062,1,5,0,4,0,0,0,4,0,0,0,0,2,-0.7
niangge01,Georges Niang,UTAH JAZZ,HOME,ORLANDO MAGIC,WIN,215,0,2,0,2,0,0,0,0,0,0,0,0,0,-1.4
mudiaem01,Emmanuel Mudiay,UTAH JAZZ,HOME,ORLANDO MAGIC,WIN,647,0,1,0,0,0,2,0,2,2,0,0,2,1,-1.9
pinsoth01,Theo Pinson,BROOKLYN NETS,AWAY,NEW ORLEANS PELICANS,WIN,586,0,4,0,3,0,0,0,0,0,0,0,0,1,-3.2
crabbal01,Allen Crabbe,ATLANTA HAWKS,AWAY,NEW YORK KNICKS,LOSS,690,0,4,0,3,0,0,0,1,0,0,0,0,2,-3.3
