slug,name,team,location,opponent,outcome,seconds_played,made_field_goals,attempted_field_goals,made_three_point_field_goals,attempted_three_point_field_goals,made_free_throws,attempted_free_throws,offensive_rebounds,defensive_rebounds,assists,steals,blocks,turnovers,personal_fouls,game_score
davisan02,Anthony Davis,NEW ORLEANS PELICANS,AWAY,CHICAGO BULLS,LOSS,2351,14,23,0,0,8,10,3,11,2,1,3,3,3,30.4
leonaka01,Kawhi Leonard,SAN ANTONIO SPURS,AWAY,PHOENIX SUNS,LOSS,1943,12,20,2,5,12,14,1,3,3,1,0,3,2,28.9
paytoel01,Elfrid Payton,ORLANDO MAGIC,AWAY,UTAH JAZZ,LOSS,2361,10,17,1,3,7,11,3,6,9,2,1,1,4,28.8
jordade01,DeAndre Jordan,LOS ANGELES CLIPPERS,HOME,LOS ANGELES LAKERS,WIN,2126,12,13,0,0,0,1,3,18,0,1,2,0,2,28.4
butleji01,Jimmy Butler,CHICAGO BULLS,HOME,NEW ORLEANS PELICANS,WIN,2351,9,16,3,4,7,10,1,7,6,4,2,3,1,28.2
bookede01,Devin Booker,PHOENIX SUNS,HOME,SAN ANTONIO SPURS,WIN,2223,12,22,3,5,12,12,2,0,2,0,0,3,4,26.6
goberru01,Rudy Gobert,UTAH JAZZ,HOME,ORLANDO MAGIC,WIN,2162,7,9,0,0,5,7,5,14,2,0,2,0,1,24.8
haywago01,Gordon Hayward,UTAH JAZZ,HOME,ORLANDO MAGIC,WIN,2313,7,10,2,3,7,9,0,5,7,1,0,1,3,23.2
walljo01,John Wall,WASHINGTON WIZARDS,HOME,PHILADELPHIA 76ERS,WIN,1802,9,17,3,4,4,5,2,5,7,2,0,3,1,22.7
paulch01,Chris Paul,LOS ANGELES CLIPPERS,HOME,LOS ANGELES LAKERS,WIN,1833,7,15,2,6,4,4,2,3,13,2,0,4,2,20.9
okafoja01,Jahlil Okafor,PHILADELPHIA 76ERS,AWAY,WASHINGTON WIZARDS,LOSS,2128,10,16,0,0,6,11,5,4,0,1,1,3,2,19.4
gordoaa01,Aaron Gordon,ORLANDO MAGIC,AWAY,UTAH JAZZ,LOSS,2359,8,14,3,6,2,3,0,4,2,1,0,0,3,16.4
ilyaser01,Ersan İlyasova,PHILADELPHIA 76ERS,AWAY,WASHINGTON WIZARDS,LOSS,1532,7,13,3,5,1,2,3,4,1,1,0,0,1,15.9
clarkjo01,Jordan Clarkson,LOS ANGELES LAKERS,AWAY,LOS ANGELES CLIPPERS,LOSS,1684,8,14,3,4,2,2,1,3,3,0,0,2,3,14.9
bealbr01,Bradley Beal,WASHINGTON WIZARDS,HOME,PHILADELPHIA 76ERS,WIN,1616,8,15,2,3,2,2,0,4,1,1,0,1,1,14.2
ingrabr01,Brandon Ingram,LOS ANGELES LAKERS,AWAY,LOS ANGELES CLIPPERS,LOSS,1883,4,8,2,2,4,6,0,5,5,1,0,1,0,14.2
feltora01,Raymond Felton,LOS ANGELES CLIPPERS,HOME,LOS ANGELES LAKERS,WIN,1510,7,11,1,2,0,0,0,2,4,0,1,0,1,13.8
bledser01,Eric Bledsoe,PHOENIX SUNS,HOME,SAN ANTONIO SPURS,WIN,2302,5,17,1,3,6,8,2,4,10,1,0,3,2,13.1
mooreet01,E'Twaun Moore,NEW ORLEANS PELICANS,AWAY,CHICAGO BULLS,LOSS,1598,6,9,4,5,0,0,0,1,2,0,1,1,2,12.7
wadedw01,Dwyane Wade,CHICAGO BULLS,HOME,NEW ORLEANS PELICANS,WIN,1893,9,24,1,4,3,5,1,4,5,2,0,1,5,12.4
gibsota01,Taj Gibson,CHICAGO BULLS,HOME,NEW ORLEANS PELICANS,WIN,1939,7,14,0,2,1,4,4,11,1,0,2,3,2,11.2
ginobma01,Manu Ginóbili,SAN ANTONIO SPURS,AWAY,PHOENIX SUNS,LOSS,1506,3,7,2,4,8,8,0,2,3,0,0,3,2,11.2
riverau01,Austin Rivers,LOS ANGELES CLIPPERS,HOME,LOS ANGELES LAKERS,WIN,1855,7,14,1,5,0,0,0,1,2,2,1,1,1,11.0
chandty01,Tyson Chandler,PHOENIX SUNS,HOME,SAN ANTONIO SPURS,WIN,1878,4,7,0,0,0,0,8,7,1,1,0,2,3,10.9
favorde01,Derrick Favors,UTAH JAZZ,HOME,ORLANDO MAGIC,WIN,1909,7,12,0,0,3,3,1,5,1,0,0,3,1,10.9
joneste01,Terrence Jones,NEW ORLEANS PELICANS,AWAY,CHICAGO BULLS,LOSS,2067,4,6,0,0,1,2,1,7,2,0,2,0,2,10.8
gortama01,Marcin Gortat,WASHINGTON WIZARDS,HOME,PHILADELPHIA 76ERS,WIN,1371,6,9,0,0,0,1,2,8,0,0,1,1,2,10.4
vucevni01,Nikola Vučević,ORLANDO MAGIC,AWAY,UTAH JAZZ,LOSS,1978,7,15,1,3,0,0,2,6,3,3,0,4,4,10.0
meeksjo01,Jodie Meeks,ORLANDO MAGIC,AWAY,UTAH JAZZ,LOSS,2287,3,8,3,8,3,4,0,3,6,1,0,2,4,9.7
evansty01,Tyreke Evans,NEW ORLEANS PELICANS,AWAY,CHICAGO BULLS,LOSS,1343,6,15,0,3,2,3,0,1,6,1,0,1,1,9.6
feliccr01,Cristiano Felício,CHICAGO BULLS,HOME,NEW ORLEANS PELICANS,WIN,1275,4,4,0,0,1,2,3,4,0,0,0,0,3,9.5
hillge01,George Hill,UTAH JAZZ,HOME,ORLANDO MAGIC,WIN,2017,4,13,0,5,6,8,0,0,7,2,0,2,3,9.4
parketo01,Tony Parker,SAN ANTONIO SPURS,AWAY,PHOENIX SUNS,LOSS,1868,5,10,2,3,2,4,1,0,2,1,0,2,1,8.9
lopezro01,Robin Lopez,CHICAGO BULLS,HOME,NEW ORLEANS PELICANS,WIN,1605,3,12,0,0,0,0,9,2,3,0,2,0,1,8.8
ibakase01,Serge Ibaka,ORLANDO MAGIC,AWAY,UTAH JAZZ,LOSS,1954,5,10,2,7,1,1,0,5,2,0,0,1,3,8.7
aldrila01,LaMarcus Aldridge,SAN ANTONIO SPURS,AWAY,PHOENIX SUNS,LOSS,2011,6,14,1,1,0,0,2,2,2,0,0,0,1,8.6
morrima02,Markieff Morris,WASHINGTON WIZARDS,HOME,PHILADELPHIA 76ERS,WIN,1815,6,10,2,2,0,0,0,9,1,0,0,3,4,8.2
burksal01,Alec Burks,UTAH JAZZ,HOME,ORLANDO MAGIC,WIN,886,3,5,1,1,1,3,2,4,1,1,0,1,1,7.8
tuckepj01,P.J. Tucker,PHOENIX SUNS,HOME,SAN ANTONIO SPURS,WIN,1791,2,7,1,5,2,2,0,5,2,4,0,1,3,7.6
porteot01,Otto Porter,WASHINGTON WIZARDS,HOME,PHILADELPHIA 76ERS,WIN,1819,4,12,0,2,2,4,3,3,1,1,0,0,0,7.1
luwawti01,Timothé Luwawu-Cabarrot,PHILADELPHIA 76ERS,AWAY,WASHINGTON WIZARDS,LOSS,1539,5,10,2,3,0,2,2,4,2,0,0,3,1,6.8
mcderdo01,Doug McDermott,CHICAGO BULLS,HOME,NEW ORLEANS PELICANS,WIN,1211,3,9,2,6,0,0,2,5,0,1,0,0,0,6.8
youngni01,Nick Young,LOS ANGELES LAKERS,AWAY,LOS ANGELES CLIPPERS,LOSS,1716,4,8,2,5,1,2,0,0,0,1,0,0,2,6.8
inglejo01,Joe Ingles,UTAH JAZZ,HOME,ORLANDO MAGIC,WIN,632,3,3,2,2,0,0,0,1,1,0,0,1,1,6.7
speigma01,Marreese Speights,LOS ANGELES CLIPPERS,HOME,LOS ANGELES LAKERS,WIN,921,3,4,2,3,1,1,0,2,0,0,1,0,5,6.7
willilo02,Lou Williams,LOS ANGELES LAKERS,AWAY,LOS ANGELES CLIPPERS,LOSS,1337,4,12,2,5,3,4,0,2,1,1,0,1,1,6.7
mozgoti01,Timofey Mozgov,LOS ANGELES LAKERS,AWAY,LOS ANGELES CLIPPERS,LOSS,1246,4,6,0,0,0,1,2,3,2,0,1,2,2,6.6
satorto01,Tomáš Satoranský,WASHINGTON WIZARDS,HOME,PHILADELPHIA 76ERS,WIN,1264,0,3,0,0,4,4,2,2,2,1,0,0,0,6.3
mbahalu01,Luc Mbah a Moute,LOS ANGELES CLIPPERS,HOME,LOS ANGELES LAKERS,WIN,1287,3,6,0,0,2,2,2,2,1,0,0,0,4,6.1
warretj01,T.J. Warren,PHOENIX SUNS,HOME,SAN ANTONIO SPURS,WIN,1575,6,10,0,0,0,0,0,1,0,2,0,2,4,6.1
hoodro01,Rodney Hood,UTAH JAZZ,HOME,ORLANDO MAGIC,WIN,1956,6,14,2,7,0,1,0,4,2,1,0,3,2,6.0
cartemi01,Michael Carter-Williams,CHICAGO BULLS,HOME,NEW ORLEANS PELICANS,WIN,1711,5,12,0,1,1,2,0,3,2,1,0,0,5,5.5
greenje02,Jeff Green,ORLANDO MAGIC,AWAY,UTAH JAZZ,LOSS,1057,4,9,1,3,2,4,1,4,0,0,0,2,0,5.4
blackta01,Tarik Black,LOS ANGELES LAKERS,AWAY,LOS ANGELES CLIPPERS,LOSS,1262,3,4,0,0,2,3,1,5,0,0,1,2,4,5.3
oubreke01,Kelly Oubre,WASHINGTON WIZARDS,HOME,PHILADELPHIA 76ERS,WIN,1647,3,6,0,2,0,0,0,2,0,2,0,0,1,5.2
hillso01,Solomon Hill,NEW ORLEANS PELICANS,AWAY,CHICAGO BULLS,LOSS,2182,3,8,2,6,2,4,0,6,2,0,0,1,5,5.0
saricda01,Dario Šarić,PHILADELPHIA 76ERS,AWAY,WASHINGTON WIZARDS,LOSS,1548,3,7,2,5,1,2,0,4,1,1,0,2,2,5.0
cunnida01,Dante Cunningham,NEW ORLEANS PELICANS,AWAY,CHICAGO BULLS,LOSS,1111,3,7,1,4,0,0,1,4,1,0,0,0,3,4.7
rondora01,Rajon Rondo,CHICAGO BULLS,HOME,NEW ORLEANS PELICANS,WIN,1169,2,7,2,3,0,0,0,2,5,1,0,2,1,4.6
bendedr01,Dragan Bender,PHOENIX SUNS,HOME,SAN ANTONIO SPURS,WIN,1233,2,4,2,3,0,0,0,6,1,0,0,0,5,4.5
covinro01,Robert Covington,PHILADELPHIA 76ERS,AWAY,WASHINGTON WIZARDS,LOSS,1341,2,6,1,4,2,2,0,4,1,0,0,1,0,4.5
anderky01,Kyle Anderson,SAN ANTONIO SPURS,AWAY,PHOENIX SUNS,LOSS,554,1,1,1,1,0,0,0,0,1,1,0,0,0,4.4
smithja02,Jason Smith,WASHINGTON WIZARDS,HOME,PHILADELPHIA 76ERS,WIN,792,3,6,1,1,0,0,2,2,1,0,1,1,5,4.4
burketr01,Trey Burke,WASHINGTON WIZARDS,HOME,PHILADELPHIA 76ERS,WIN,1078,2,5,0,2,0,0,0,3,4,0,0,1,0,4.0
chrisma01,Marquese Chriss,PHOENIX SUNS,HOME,SAN ANTONIO SPURS,WIN,905,2,6,1,4,0,0,2,3,1,2,0,1,4,4.0
dedmode01,Dewayne Dedmon,SAN ANTONIO SPURS,AWAY,PHOENIX SUNS,LOSS,847,1,1,0,0,0,0,1,2,1,2,1,2,1,4.0
randlch01,Chasson Randle,PHILADELPHIA 76ERS,AWAY,WASHINGTON WIZARDS,LOSS,331,1,1,1,1,0,0,0,0,0,1,0,0,0,3.7
ulisty01,Tyler Ulis,PHOENIX SUNS,HOME,SAN ANTONIO SPURS,WIN,846,4,6,0,0,0,0,0,0,0,0,0,1,2,3.6
johnswe01,Wesley Johnson,LOS ANGELES CLIPPERS,HOME,LOS ANGELES LAKERS,WIN,820,1,2,1,1,0,0,0,4,0,0,1,0,1,3.5
redicjj01,J.J. Redick,LOS ANGELES CLIPPERS,HOME,LOS ANGELES LAKERS,WIN,1774,4,12,2,7,0,0,0,1,2,1,0,1,4,3.3
mccontj01,T.J. McConnell,PHILADELPHIA 76ERS,AWAY,WASHINGTON WIZARDS,LOSS,1348,2,8,0,1,0,0,0,3,6,1,0,1,3,3.1
bassbr01,Brandon Bass,LOS ANGELES CLIPPERS,HOME,LOS ANGELES LAKERS,WIN,558,2,3,0,0,0,0,0,2,0,0,0,0,1,2.9
noelne01,Nerlens Noel,PHILADELPHIA 76ERS,AWAY,WASHINGTON WIZARDS,LOSS,752,3,7,0,0,0,0,5,7,0,0,0,3,5,2.9
caldejo01,José Calderón,LOS ANGELES LAKERS,AWAY,LOS ANGELES CLIPPERS,LOSS,390,2,3,1,2,0,0,0,0,0,0,0,1,0,2.7
russeda01,D'Angelo Russell,LOS ANGELES LAKERS,AWAY,LOS ANGELES CLIPPERS,LOSS,1671,1,7,0,1,3,5,1,4,5,0,0,2,1,2.7
hendege02,Gerald Henderson,PHILADELPHIA 76ERS,AWAY,WASHINGTON WIZARDS,LOSS,926,1,4,0,2,1,2,0,1,4,0,1,1,1,2.6
leeda02,David Lee,SAN ANTONIO SPURS,AWAY,PHOENIX SUNS,LOSS,793,1,1,0,0,0,0,1,2,0,0,0,0,1,2.6
lenal01,Alex Len,PHOENIX SUNS,HOME,SAN ANTONIO SPURS,WIN,1261,1,2,0,1,2,2,1,3,0,0,0,1,3,2.4
holidjr01,Jrue Holiday,NEW ORLEANS PELICANS,AWAY,CHICAGO BULLS,LOSS,1761,0,7,0,4,1,2,0,3,12,0,0,2,2,2.2
nichoan01,Andrew Nicholson,WASHINGTON WIZARDS,HOME,PHILADELPHIA 76ERS,WIN,600,2,5,0,0,0,0,1,0,0,1,0,0,2,2.2
simmojo02,Jonathon Simmons,SAN ANTONIO SPURS,AWAY,PHOENIX SUNS,LOSS,958,2,4,1,1,1,2,0,3,1,3,0,4,5,2.2
greenda02,Danny Green,SAN ANTONIO SPURS,AWAY,PHOENIX SUNS,LOSS,1706,3,7,0,4,0,0,0,2,0,0,0,0,2,2.1
gallola01,Langston Galloway,NEW ORLEANS PELICANS,AWAY,CHICAGO BULLS,LOSS,829,1,2,0,0,0,0,0,0,0,1,0,0,0,2.0
netora01,Raul Neto,UTAH JAZZ,HOME,ORLANDO MAGIC,WIN,410,0,0,0,0,0,0,0,1,3,0,0,0,1,2.0
huertma01,Marcelo Huertas,LOS ANGELES LAKERS,AWAY,LOS ANGELES CLIPPERS,LOSS,723,2,4,0,0,0,2,0,0,2,0,0,0,2,1.8
biyombi01,Bismack Biyombo,ORLANDO MAGIC,AWAY,UTAH JAZZ,LOSS,902,0,2,0,0,4,4,1,3,0,0,1,2,3,1.7
zubaciv01,Ivica Zubac,LOS ANGELES LAKERS,AWAY,LOS ANGELES CLIPPERS,LOSS,152,1,1,0,0,0,0,0,0,0,0,0,0,0,1.7
forbebr01,Bryn Forbes,SAN ANTONIO SPURS,AWAY,PHOENIX SUNS,LOSS,312,1,1,0,0,0,0,0,1,0,0,0,0,1,1.6
diawbo01,Boris Diaw,UTAH JAZZ,HOME,ORLANDO MAGIC,WIN,834,2,8,0,3,2,3,1,0,2,0,0,1,1,1.5
portibo01,Bobby Portis,CHICAGO BULLS,HOME,NEW ORLEANS PELICANS,WIN,921,1,3,0,0,0,0,1,4,0,1,0,1,2,1.4
anderal01,Alan Anderson,LOS ANGELES CLIPPERS,HOME,LOS ANGELES LAKERS,WIN,425,1,3,1,3,0,0,0,0,1,0,0,0,2,1.2
gasolpa01,Pau Gasol,SAN ANTONIO SPURS,AWAY,PHOENIX SUNS,LOSS,1648,1,4,0,0,1,6,0,10,2,0,0,1,2,1.2
rodrise01,Sergio Rodríguez,PHILADELPHIA 76ERS,AWAY,WASHINGTON WIZARDS,LOSS,1201,1,6,1,3,0,0,0,1,2,1,0,0,2,1.1
motiedo01,Donatas Motiejūnas,NEW ORLEANS PELICANS,AWAY,CHICAGO BULLS,LOSS,418,1,2,0,0,0,0,1,1,0,0,0,1,0,1.0
hezonma01,Mario Hezonja,ORLANDO MAGIC,AWAY,UTAH JAZZ,LOSS,253,1,1,1,1,0,0,0,0,0,0,0,1,2,0.9
mcclesh01,Sheldon Mac,WASHINGTON WIZARDS,HOME,PHILADELPHIA 76ERS,WIN,412,0,2,0,1,1,2,0,0,1,1,0,0,0,0.9
witheje01,Jeff Withey,UTAH JAZZ,HOME,ORLANDO MAGIC,WIN,1,0,0,0,0,1,2,0,0,0,0,0,0,1,0.2
valende01,Denzel Valentine,CHICAGO BULLS,HOME,NEW ORLEANS PELICANS,WIN,325,0,0,0,0,0,0,0,0,0,0,0,0,0,0.0
ochefda01,Daniel Ochefu,WASHINGTON WIZARDS,HOME,PHILADELPHIA 76ERS,WIN,184,1,1,0,0,0,0,0,0,0,0,0,1,2,-0.1
artesro01,Metta World Peace,LOS ANGELES LAKERS,AWAY,LOS ANGELES CLIPPERS,LOSS,152,0,2,0,2,0,0,0,2,1,0,0,0,0,-0.1
barbole01,Leandro Barbosa,PHOENIX SUNS,HOME,SAN ANTONIO SPURS,WIN,386,1,4,0,0,0,0,0,1,1,0,0,1,0,-0.4
randlju01,Julius Randle,LOS ANGELES LAKERS,AWAY,LOS ANGELES CLIPPERS,LOSS,1651,2,7,0,0,0,0,1,7,2,0,0,3,4,-0.5
robinth01,Thomas Robinson,LOS ANGELES LAKERS,AWAY,LOS ANGELES CLIPPERS,LOSS,533,1,4,0,0,0,2,0,3,0,0,0,0,1,-0.7
exumda01,Dante Exum,UTAH JAZZ,HOME,ORLANDO MAGIC,WIN,453,1,4,0,2,0,0,0,0,1,0,0,0,3,-0.9
lylestr01,Trey Lyles,UTAH JAZZ,HOME,ORLANDO MAGIC,WIN,827,1,5,0,3,0,0,0,1,1,1,0,1,2,-0.9
watsocj01,C.J. Watson,ORLANDO MAGIC,AWAY,UTAH JAZZ,LOSS,502,0,2,0,1,0,0,0,0,0,2,0,1,2,-1.2
augusdj01,D.J. Augustin,ORLANDO MAGIC,AWAY,UTAH JAZZ,LOSS,747,0,4,0,2,0,0,0,2,1,1,0,0,3,-1.7
bertada01,Dāvis Bertāns,SAN ANTONIO SPURS,AWAY,PHOENIX SUNS,LOSS,255,0,1,0,1,0,0,0,0,0,0,0,1,0,-1.7
crawfja01,Jamal Crawford,LOS ANGELES CLIPPERS,HOME,LOS ANGELES LAKERS,WIN,1291,1,9,0,1,0,0,0,0,5,0,0,1,1,-1.8
hieldbu01,Buddy Hield,NEW ORLEANS PELICANS,AWAY,CHICAGO BULLS,LOSS,740,1,5,0,1,0,0,0,2,0,0,0,2,1,-2.9
stausni01,Nik Stauskas,PHILADELPHIA 76ERS,AWAY,WASHINGTON WIZARDS,LOSS,1754,1,9,0,7,0,0,0,2,3,0,0,2,2,-4.0
