slug,name,team,location,opponent,outcome,seconds_played,made_field_goals,attempted_field_goals,made_three_point_field_goals,attempted_three_point_field_goals,made_free_throws,attempted_free_throws,offensive_rebounds,defensive_rebounds,assists,steals,blocks,turnovers,personal_fouls,game_score
clarkjo01,Jordan Clarkson,LOS ANGELES LAKERS,HOME,INDIANA PACERS,WIN,2018,14,19,3,6,2,3,0,7,7,0,0,4,0,27.9
carrode01,DeMarre Carroll,BROOKLYN NETS,HOME,MIAMI HEAT,WIN,1848,9,12,3,5,5,5,4,2,1,2,1,1,2,26.2
murraja01,Jamal Murray,DENVER NUGGETS,HOME,PHOENIX SUNS,LOSS,2120,10,17,5,8,5,5,2,3,2,1,2,1,6,24.8
hardati02,Tim Hardaway,NEW YORK KNICKS,AWAY,UTAH JAZZ,WIN,1628,11,17,6,7,3,5,0,5,3,0,0,2,0,24.3
bealbr01,Bradley Beal,WASHINGTON WIZARDS,AWAY,DETROIT PISTONS,WIN,2420,7,12,4,7,8,9,1,2,3,1,1,2,2,22.3
drumman01,Andre Drummond,DETROIT PISTONS,HOME,WASHINGTON WIZARDS,LOSS,2559,4,5,0,0,6,8,6,15,8,2,2,5,6,21.6
whiteha01,Hassan Whiteside,MIAMI HEAT,AWAY,BROOKLYN NETS,LOSS,1964,9,17,0,0,4,5,5,8,2,0,4,1,2,21.6
bookede01,Devin Booker,PHOENIX SUNS,AWAY,DENVER NUGGETS,WIN,2080,11,23,4,11,4,4,0,5,5,1,1,3,2,21.2
goberru01,Rudy Gobert,UTAH JAZZ,HOME,NEW YORK KNICKS,LOSS,1786,7,10,0,0,9,15,5,9,1,0,3,3,5,20.4
porteot01,Otto Porter,WASHINGTON WIZARDS,AWAY,DETROIT PISTONS,WIN,2272,5,9,4,5,2,2,3,4,3,4,0,0,3,19.9
oubreke01,Kelly Oubre,WASHINGTON WIZARDS,AWAY,DETROIT PISTONS,WIN,1883,9,14,5,9,3,3,0,5,1,0,0,1,4,19.4
warretj01,T.J. Warren,PHOENIX SUNS,AWAY,DENVER NUGGETS,WIN,2053,11,17,0,1,3,6,0,3,1,2,1,1,1,19.2
nancela02,Larry Nance,LOS ANGELES LAKERS,HOME,INDIANA PACERS,WIN,1659,5,5,0,0,0,2,3,8,3,3,2,0,1,18.3
brookdi01,Dillon Brooks,MEMPHIS GRIZZLIES,HOME,SACRAMENTO KINGS,WIN,1674,8,13,3,6,3,4,1,2,0,3,0,2,1,17.6
mclembe01,Ben McLemore,MEMPHIS GRIZZLIES,HOME,SACRAMENTO KINGS,WIN,1615,6,13,3,7,6,6,2,0,2,1,0,0,2,17.3
lowryky01,Kyle Lowry,TORONTO RAPTORS,HOME,SAN ANTONIO SPURS,WIN,2079,8,16,4,9,4,5,0,3,3,1,1,2,3,17.1
sabondo01,Domantas Sabonis,INDIANA PACERS,AWAY,LOS ANGELES LAKERS,LOSS,2073,6,10,0,1,3,5,3,11,1,0,2,0,2,16.3
derozde01,DeMar DeRozan,TORONTO RAPTORS,HOME,SAN ANTONIO SPURS,WIN,2168,9,19,0,1,3,5,0,7,6,1,0,1,3,15.6
leeco01,Courtney Lee,NEW YORK KNICKS,AWAY,UTAH JAZZ,WIN,2144,6,13,2,3,4,4,0,5,1,2,0,0,2,14.7
smithis01,Ish Smith,DETROIT PISTONS,HOME,WASHINGTON WIZARDS,LOSS,2073,7,11,0,2,1,2,0,2,7,1,0,1,2,14.4
oladivi01,Victor Oladipo,INDIANA PACERS,AWAY,LOS ANGELES LAKERS,LOSS,2149,11,26,1,5,2,2,1,4,4,1,0,2,2,14.1
rubiori01,Ricky Rubio,UTAH JAZZ,HOME,NEW YORK KNICKS,LOSS,1939,6,11,1,2,4,6,1,4,5,1,0,2,3,14.1
kennalu01,Luke Kennard,DETROIT PISTONS,HOME,WASHINGTON WIZARDS,LOSS,1320,4,7,3,5,5,5,0,1,2,0,0,0,3,13.2
gasolpa01,Pau Gasol,SAN ANTONIO SPURS,AWAY,TORONTO RAPTORS,LOSS,2044,6,11,0,0,3,4,2,7,3,1,0,2,2,13.1
harriga01,Gary Harris,DENVER NUGGETS,HOME,PHOENIX SUNS,LOSS,2126,6,16,4,11,0,0,1,4,4,3,0,2,0,12.9
olynyke01,Kelly Olynyk,MIAMI HEAT,AWAY,BROOKLYN NETS,LOSS,1480,4,6,2,3,2,2,0,5,3,0,1,1,1,12.3
valanjo01,Jonas Valančiūnas,TORONTO RAPTORS,HOME,SAN ANTONIO SPURS,WIN,1801,7,10,1,1,0,0,4,7,0,1,0,3,4,12.1
hieldbu01,Buddy Hield,SACRAMENTO KINGS,AWAY,MEMPHIS GRIZZLIES,LOSS,1558,4,11,2,4,3,3,1,6,2,2,0,0,2,12.0
inglejo01,Joe Ingles,UTAH JAZZ,HOME,NEW YORK KNICKS,LOSS,1754,3,5,2,4,1,2,2,5,4,0,0,0,0,12.0
richajo01,Josh Richardson,MIAMI HEAT,AWAY,BROOKLYN NETS,LOSS,2227,4,12,1,4,3,4,2,2,7,3,0,2,2,11.9
leverca01,Caris LeVert,BROOKLYN NETS,HOME,MIAMI HEAT,WIN,1620,4,12,1,6,3,4,0,4,5,3,1,1,1,11.8
porzikr01,Kristaps Porziņģis,NEW YORK KNICKS,AWAY,UTAH JAZZ,WIN,1844,6,14,1,3,5,7,1,1,1,1,3,1,5,11.6
aldrila01,LaMarcus Aldridge,SAN ANTONIO SPURS,AWAY,TORONTO RAPTORS,LOSS,2240,6,25,1,3,4,5,6,8,2,1,2,0,1,11.5
kanteen01,Enes Kanter,NEW YORK KNICKS,AWAY,UTAH JAZZ,WIN,1557,5,13,0,0,2,3,4,5,3,1,1,0,3,11.4
lylestr01,Trey Lyles,DENVER NUGGETS,HOME,PHOENIX SUNS,LOSS,1704,5,8,1,3,4,4,0,7,2,0,0,2,4,11.3
walljo01,John Wall,WASHINGTON WIZARDS,AWAY,DETROIT PISTONS,WIN,2239,6,15,2,5,2,3,0,3,11,1,0,5,2,11.3
randlju01,Julius Randle,LOS ANGELES LAKERS,HOME,INDIANA PACERS,WIN,1221,7,12,0,0,0,2,1,3,2,1,1,0,3,11.1
anderky01,Kyle Anderson,SAN ANTONIO SPURS,AWAY,TORONTO RAPTORS,LOSS,1804,2,5,1,1,0,0,4,7,3,2,3,2,1,11.0
harrian01,Andrew Harrison,MEMPHIS GRIZZLIES,HOME,SACRAMENTO KINGS,WIN,1344,4,6,2,3,2,2,0,1,2,2,0,1,3,10.9
canaais01,Isaiah Canaan,PHOENIX SUNS,AWAY,DENVER NUGGETS,WIN,1540,6,12,4,6,0,0,0,1,6,1,0,4,2,10.7
dragigo01,Goran Dragić,MIAMI HEAT,AWAY,BROOKLYN NETS,LOSS,1905,6,16,0,2,5,8,1,3,4,0,1,1,2,10.3
jacksjo02,Josh Jackson,PHOENIX SUNS,AWAY,DENVER NUGGETS,WIN,853,6,9,2,4,2,2,0,1,0,0,0,1,3,10.2
johnsjo02,Joe Johnson,UTAH JAZZ,HOME,NEW YORK KNICKS,LOSS,1613,5,12,2,6,3,3,1,4,1,0,1,1,2,10.1
davisde01,Deyonta Davis,MEMPHIS GRIZZLIES,HOME,SACRAMENTO KINGS,WIN,1159,2,3,0,0,1,4,3,5,5,1,1,1,1,9.9
jokicni01,Nikola Jokić,DENVER NUGGETS,HOME,PHOENIX SUNS,LOSS,2077,5,12,2,3,2,2,3,14,5,0,0,6,4,9.8
foxde01,De'Aaron Fox,SACRAMENTO KINGS,AWAY,MEMPHIS GRIZZLIES,LOSS,1940,5,12,1,3,5,5,0,2,6,0,1,4,4,9.5
hoodro01,Rodney Hood,UTAH JAZZ,HOME,NEW YORK KNICKS,LOSS,1766,8,15,2,5,0,0,1,4,0,1,1,4,2,9.5
cartevi01,Vince Carter,SACRAMENTO KINGS,AWAY,MEMPHIS GRIZZLIES,LOSS,1402,5,9,5,6,0,0,0,1,0,1,0,1,4,9.4
harrijo01,Joe Harris,BROOKLYN NETS,HOME,MIAMI HEAT,WIN,1354,4,5,2,3,2,2,0,1,1,0,0,1,2,9.3
morrima02,Markieff Morris,WASHINGTON WIZARDS,AWAY,DETROIT PISTONS,WIN,1915,4,14,1,5,4,4,3,6,2,1,1,1,4,9.2
bogdabo01,Bogdan Bogdanović,SACRAMENTO KINGS,AWAY,MEMPHIS GRIZZLIES,LOSS,1717,7,13,1,7,0,0,1,3,3,1,0,4,1,9.0
dinwisp01,Spencer Dinwiddie,BROOKLYN NETS,HOME,MIAMI HEAT,WIN,1754,6,12,1,5,2,2,1,5,3,0,0,4,2,8.5
templga01,Garrett Temple,SACRAMENTO KINGS,AWAY,MEMPHIS GRIZZLIES,LOSS,1219,4,6,1,2,2,4,1,2,0,1,0,1,1,8.5
forbebr01,Bryn Forbes,SAN ANTONIO SPURS,AWAY,TORONTO RAPTORS,LOSS,1146,3,3,2,2,2,3,0,1,1,0,0,1,1,8.3
chandty01,Tyson Chandler,PHOENIX SUNS,AWAY,DENVER NUGGETS,WIN,1593,1,2,0,0,1,2,4,5,2,1,1,0,2,8.2
tollian01,Anthony Tolliver,DETROIT PISTONS,HOME,WASHINGTON WIZARDS,LOSS,1276,2,4,1,3,6,6,0,4,2,0,0,3,1,8.2
labissk01,Skal Labissière,SACRAMENTO KINGS,AWAY,MEMPHIS GRIZZLIES,LOSS,1732,2,8,0,2,0,0,3,3,3,3,1,0,0,8.0
acyqu01,Quincy Acy,BROOKLYN NETS,HOME,MIAMI HEAT,WIN,1478,2,2,2,2,1,2,2,2,0,0,1,0,2,7.9
gortama01,Marcin Gortat,WASHINGTON WIZARDS,AWAY,DETROIT PISTONS,WIN,1118,4,7,0,0,2,2,0,2,2,0,0,0,2,7.9
evansty01,Tyreke Evans,MEMPHIS GRIZZLIES,HOME,SACRAMENTO KINGS,WIN,1673,4,15,1,5,5,6,2,4,5,1,0,4,0,7.8
gasolma01,Marc Gasol,MEMPHIS GRIZZLIES,HOME,SACRAMENTO KINGS,WIN,1602,3,6,0,1,0,0,0,8,2,1,1,0,2,7.7
bradlav01,Avery Bradley,DETROIT PISTONS,HOME,WASHINGTON WIZARDS,LOSS,1767,7,16,1,3,0,0,1,2,1,0,0,1,0,7.6
bogdabo02,Bojan Bogdanović,INDIANA PACERS,AWAY,LOS ANGELES LAKERS,LOSS,1894,5,12,1,6,0,0,3,3,1,2,0,2,2,7.5
bullore01,Reggie Bullock,DETROIT PISTONS,HOME,WASHINGTON WIZARDS,LOSS,1417,3,6,3,5,0,0,0,0,2,0,1,0,2,7.3
harrito02,Tobias Harris,DETROIT PISTONS,HOME,WASHINGTON WIZARDS,LOSS,1866,7,19,1,7,2,2,0,3,1,1,0,1,2,7.3
carusal01,Alex Caruso,LOS ANGELES LAKERS,HOME,INDIANA PACERS,WIN,1682,2,3,1,2,0,0,0,2,4,1,0,1,0,7.1
adebaba01,Bam Adebayo,MIAMI HEAT,AWAY,BROOKLYN NETS,LOSS,858,3,5,0,0,3,4,1,2,2,0,0,1,3,6.8
martija01,Jarell Martin,MEMPHIS GRIZZLIES,HOME,SACRAMENTO KINGS,WIN,1243,3,7,0,1,1,1,3,4,0,0,2,1,1,6.6
mitchdo01,Donovan Mitchell,UTAH JAZZ,HOME,NEW YORK KNICKS,LOSS,2193,7,21,3,11,0,0,1,3,7,1,1,5,5,6.3
meeksjo01,Jodie Meeks,WASHINGTON WIZARDS,AWAY,DETROIT PISTONS,WIN,456,3,5,0,2,0,0,0,0,2,1,0,0,0,6.1
ennisty01,Tyler Ennis,LOS ANGELES LAKERS,HOME,INDIANA PACERS,WIN,1198,3,5,1,1,0,2,0,1,5,0,0,0,5,5.7
holliro01,Rondae Hollis-Jefferson,BROOKLYN NETS,HOME,MIAMI HEAT,WIN,1950,2,9,0,0,3,4,1,5,4,0,2,1,2,5.7
johnsja01,James Johnson,MIAMI HEAT,AWAY,BROOKLYN NETS,LOSS,1446,3,7,1,3,1,2,0,4,2,1,0,1,2,5.7
burketr01,Trey Burke,NEW YORK KNICKS,AWAY,UTAH JAZZ,WIN,901,3,4,1,1,0,0,0,2,2,1,0,2,2,5.6
scottmi01,Mike Scott,WASHINGTON WIZARDS,AWAY,DETROIT PISTONS,WIN,925,2,3,0,1,3,4,1,3,2,0,0,2,2,5.5
siakapa01,Pascal Siakam,TORONTO RAPTORS,HOME,SAN ANTONIO SPURS,WIN,1069,2,6,2,4,0,0,1,5,1,1,0,1,0,5.5
lenal01,Alex Len,PHOENIX SUNS,AWAY,DENVER NUGGETS,WIN,1283,1,2,0,0,1,2,0,6,3,1,1,1,2,5.4
danietr01,Troy Daniels,PHOENIX SUNS,AWAY,DENVER NUGGETS,WIN,804,2,2,2,2,0,0,0,1,0,0,0,0,1,5.3
jackja01,Jarrett Jack,NEW YORK KNICKS,AWAY,UTAH JAZZ,WIN,1684,3,6,0,1,0,0,0,1,6,0,0,1,3,5.3
josepco01,Cory Joseph,INDIANA PACERS,AWAY,LOS ANGELES LAKERS,LOSS,1731,4,8,0,3,0,0,0,1,1,1,0,0,2,5.2
thomala01,Lance Thomas,NEW YORK KNICKS,AWAY,UTAH JAZZ,WIN,402,3,3,1,1,0,0,0,0,0,0,0,0,3,4.9
jeffeal01,Al Jefferson,INDIANA PACERS,AWAY,LOS ANGELES LAKERS,LOSS,807,3,6,0,0,0,0,1,4,1,0,0,0,2,4.8
murrade01,Dejounte Murray,SAN ANTONIO SPURS,AWAY,TORONTO RAPTORS,LOSS,1549,4,10,0,0,2,2,4,3,1,0,0,3,3,4.8
beaslmi01,Michael Beasley,NEW YORK KNICKS,AWAY,UTAH JAZZ,WIN,1459,5,13,0,1,0,0,1,4,2,0,1,1,3,4.7
allenja01,Jarrett Allen,BROOKLYN NETS,HOME,MIAMI HEAT,WIN,792,2,2,0,0,2,4,1,6,0,0,0,2,2,4.3
jefferi01,Richard Jefferson,DENVER NUGGETS,HOME,PHOENIX SUNS,LOSS,854,2,3,1,1,0,0,0,1,1,0,0,0,1,4.3
favorde01,Derrick Favors,UTAH JAZZ,HOME,NEW YORK KNICKS,LOSS,1620,3,8,0,1,1,2,4,3,1,0,0,2,1,4.2
ulisty01,Tyler Ulis,PHOENIX SUNS,AWAY,DENVER NUGGETS,WIN,1314,0,5,0,3,3,4,0,1,5,2,0,0,2,4.1
youngth01,Thaddeus Young,INDIANA PACERS,AWAY,LOS ANGELES LAKERS,LOSS,2124,5,11,0,2,0,0,2,2,0,1,0,2,3,4.1
bartowi01,Will Barton,DENVER NUGGETS,HOME,PHOENIX SUNS,LOSS,1384,3,10,0,4,2,4,0,3,4,1,1,2,2,4.0
bendedr01,Dragan Bender,PHOENIX SUNS,AWAY,DENVER NUGGETS,WIN,1710,1,3,1,2,0,0,0,8,3,0,1,1,4,3.9
chalmma01,Mario Chalmers,MEMPHIS GRIZZLIES,HOME,SACRAMENTO KINGS,WIN,1282,2,8,1,5,0,0,1,1,5,1,0,1,2,3.9
millspa02,Patty Mills,SAN ANTONIO SPURS,AWAY,TORONTO RAPTORS,LOSS,1706,4,14,1,9,4,4,0,4,1,0,0,2,2,3.9
oquinky01,Kyle O'Quinn,NEW YORK KNICKS,AWAY,UTAH JAZZ,WIN,926,1,1,0,0,2,2,1,1,3,0,1,2,4,3.9
zellety01,Tyler Zeller,BROOKLYN NETS,HOME,MIAMI HEAT,WIN,686,3,6,0,2,0,0,1,2,0,0,0,0,1,3.9
bertada01,Dāvis Bertāns,SAN ANTONIO SPURS,AWAY,TORONTO RAPTORS,LOSS,1168,2,5,0,3,0,0,0,2,1,2,0,0,2,3.8
crabbal01,Allen Crabbe,BROOKLYN NETS,HOME,MIAMI HEAT,WIN,1606,2,9,0,6,1,1,0,5,4,0,2,1,1,3.8
johnsst04,Stanley Johnson,DETROIT PISTONS,HOME,WASHINGTON WIZARDS,LOSS,720,1,3,1,2,2,2,0,0,1,2,0,1,3,3.8
milescj01,C.J. Miles,TORONTO RAPTORS,HOME,SAN ANTONIO SPURS,WIN,1288,2,7,1,4,1,2,0,4,0,1,0,0,0,3.7
ellinwa01,Wayne Ellington,MIAMI HEAT,AWAY,BROOKLYN NETS,LOSS,1963,4,11,2,7,0,0,1,2,1,2,1,3,5,3.6
hartjo01,Josh Hart,LOS ANGELES LAKERS,HOME,INDIANA PACERS,WIN,1974,4,8,1,4,0,0,0,5,1,0,0,3,2,3.4
kuzmaky01,Kyle Kuzma,LOS ANGELES LAKERS,HOME,INDIANA PACERS,WIN,1929,5,15,3,9,0,3,0,5,3,0,1,3,3,3.4
rabbiv01,Ivan Rabb,MEMPHIS GRIZZLIES,HOME,SACRAMENTO KINGS,WIN,220,2,2,0,0,0,0,0,0,0,0,0,0,0,3.4
greenda02,Danny Green,SAN ANTONIO SPURS,AWAY,TORONTO RAPTORS,LOSS,1418,2,8,0,2,0,0,1,5,2,0,2,1,0,3.2
greenja01,JaMychal Green,MEMPHIS GRIZZLIES,HOME,SACRAMENTO KINGS,WIN,1536,3,9,0,4,0,0,1,9,0,0,1,1,2,3.2
netora01,Raul Neto,UTAH JAZZ,HOME,NEW YORK KNICKS,LOSS,494,2,4,0,1,0,0,0,2,0,1,0,0,1,3.2
beaslma01,Malik Beasley,DENVER NUGGETS,HOME,PHOENIX SUNS,LOSS,779,1,2,1,2,0,0,0,0,0,1,0,0,0,3.0
collida01,Darren Collison,INDIANA PACERS,AWAY,LOS ANGELES LAKERS,LOSS,1509,1,9,0,4,3,4,0,2,4,3,1,2,2,3.0
dudleja01,Jared Dudley,PHOENIX SUNS,AWAY,DENVER NUGGETS,WIN,1170,1,6,1,4,0,0,0,2,3,1,1,0,2,2.8
breweco01,Corey Brewer,LOS ANGELES LAKERS,HOME,INDIANA PACERS,WIN,1768,2,6,0,2,0,0,2,5,0,2,0,2,2,2.7
satorto01,Tomáš Satoranský,WASHINGTON WIZARDS,AWAY,DETROIT PISTONS,WIN,698,0,1,0,1,0,0,0,1,2,1,1,0,0,2.7
winslju01,Justise Winslow,MIAMI HEAT,AWAY,BROOKLYN NETS,LOSS,1502,2,6,1,2,0,0,0,4,1,1,0,1,2,2.7
bakerro01,Ron Baker,NEW YORK KNICKS,AWAY,UTAH JAZZ,WIN,781,0,2,0,2,2,2,0,2,2,1,0,1,0,2.6
moreler01,Eric Moreland,DETROIT PISTONS,HOME,WASHINGTON WIZARDS,LOSS,294,2,2,0,0,0,1,0,0,0,1,0,1,1,2.6
mudiaem01,Emmanuel Mudiay,DENVER NUGGETS,HOME,PHOENIX SUNS,LOSS,513,2,6,0,2,2,2,0,1,1,0,0,1,0,2.6
wrighde01,Delon Wright,TORONTO RAPTORS,HOME,SAN ANTONIO SPURS,WIN,1308,2,6,1,1,0,0,0,3,3,1,0,3,0,2.6
okafoja01,Jahlil Okafor,BROOKLYN NETS,HOME,MIAMI HEAT,WIN,452,2,2,0,0,0,0,0,2,0,0,1,1,3,2.5
seldewa01,Wayne Selden,MEMPHIS GRIZZLIES,HOME,SACRAMENTO KINGS,WIN,1052,2,6,0,2,0,0,1,1,3,2,0,2,3,2.5
caulewi01,Willie Cauley-Stein,SACRAMENTO KINGS,AWAY,MEMPHIS GRIZZLIES,LOSS,1599,2,10,0,0,3,4,2,9,0,2,0,3,3,2.3
chandwi01,Wilson Chandler,DENVER NUGGETS,HOME,PHOENIX SUNS,LOSS,1960,1,3,0,2,0,0,0,1,3,0,1,1,1,2.0
gallola01,Langston Galloway,DETROIT PISTONS,HOME,WASHINGTON WIZARDS,LOSS,679,2,5,0,3,0,0,0,1,1,0,0,0,1,1.9
leaftj01,T.J. Leaf,INDIANA PACERS,AWAY,LOS ANGELES LAKERS,LOSS,546,1,2,0,1,1,1,0,0,0,0,1,0,2,1.9
lauvejo01,Joffrey Lauvergne,SAN ANTONIO SPURS,AWAY,TORONTO RAPTORS,LOSS,308,1,1,0,0,0,0,0,0,0,0,0,0,0,1.7
parketo01,Tony Parker,SAN ANTONIO SPURS,AWAY,TORONTO RAPTORS,LOSS,1017,1,9,0,0,1,2,0,2,4,3,0,1,1,1.7
lopezbr01,Brook Lopez,LOS ANGELES LAKERS,HOME,INDIANA PACERS,WIN,951,2,7,0,4,0,2,0,5,1,0,2,1,1,1.3
jerebjo01,Jonas Jerebko,UTAH JAZZ,HOME,NEW YORK KNICKS,LOSS,741,1,3,1,1,0,0,0,1,0,0,0,0,1,1.2
mcderdo01,Doug McDermott,NEW YORK KNICKS,AWAY,UTAH JAZZ,WIN,779,1,3,0,1,0,0,0,3,0,0,0,0,0,1.2
onealro01,Royce O'Neale,UTAH JAZZ,HOME,NEW YORK KNICKS,LOSS,494,0,2,0,0,2,2,0,2,0,0,0,0,0,1.2
buyckdw01,Dwight Buycks,DETROIT PISTONS,HOME,WASHINGTON WIZARDS,LOSS,402,1,2,0,0,0,0,0,0,0,1,0,1,0,1.0
poeltja01,Jakob Poeltl,TORONTO RAPTORS,HOME,SAN ANTONIO SPURS,WIN,1070,1,3,0,0,1,2,1,2,0,0,0,0,3,1.0
ibakase01,Serge Ibaka,TORONTO RAPTORS,HOME,SAN ANTONIO SPURS,WIN,1820,2,7,0,3,0,0,0,7,2,0,0,1,4,0.8
plumlma01,Mason Plumlee,DENVER NUGGETS,HOME,PHOENIX SUNS,LOSS,775,0,1,0,0,1,4,1,1,1,1,1,1,2,0.7
mahinia01,Ian Mahinmi,WASHINGTON WIZARDS,AWAY,DETROIT PISTONS,WIN,474,1,2,0,0,0,0,0,0,0,1,1,2,1,0.3
craigto01,Torrey Craig,DENVER NUGGETS,HOME,PHOENIX SUNS,LOSS,108,0,0,0,0,0,0,0,0,0,0,0,0,0,0.0
poythal01,Alex Poythress,INDIANA PACERS,AWAY,LOS ANGELES LAKERS,LOSS,31,0,0,0,0,0,0,0,0,0,0,0,0,0,0.0
stephla01,Lance Stephenson,INDIANA PACERS,AWAY,LOS ANGELES LAKERS,LOSS,964,1,12,0,3,1,1,1,4,3,1,0,0,0,0.0
jacksju01,Justin Jackson,SACRAMENTO KINGS,AWAY,MEMPHIS GRIZZLIES,LOSS,1128,1,3,1,3,0,2,0,1,0,0,0,1,0,-0.2
ellenhe01,Henry Ellenson,DETROIT PISTONS,HOME,WASHINGTON WIZARDS,LOSS,27,0,0,0,0,0,0,0,0,0,0,0,0,1,-0.4
powelno01,Norman Powell,TORONTO RAPTORS,HOME,SAN ANTONIO SPURS,WIN,651,1,4,0,0,0,0,0,1,1,0,0,1,1,-0.8
randoza01,Zach Randolph,SACRAMENTO KINGS,AWAY,MEMPHIS GRIZZLIES,LOSS,1134,2,5,0,0,0,0,2,4,1,0,0,4,4,-1.0
youngjo01,Joe Young,INDIANA PACERS,AWAY,LOS ANGELES LAKERS,LOSS,572,0,1,0,0,0,0,1,1,0,0,0,1,1,-1.1
papagge01,Georgios Papagiannis,SACRAMENTO KINGS,AWAY,MEMPHIS GRIZZLIES,LOSS,971,0,3,0,0,0,0,1,2,3,0,1,3,1,-1.4
anunoog01,OG Anunoby,TORONTO RAPTORS,HOME,SAN ANTONIO SPURS,WIN,1146,0,7,0,3,0,0,3,2,0,2,0,1,1,-1.6
jonesde02,Derrick Jones,MIAMI HEAT,AWAY,BROOKLYN NETS,LOSS,1054,0,4,0,1,0,0,2,1,0,0,0,0,3,-2.3
ntilila01,Frank Ntilikina,NEW YORK KNICKS,AWAY,UTAH JAZZ,WIN,295,0,0,0,0,0,0,0,0,0,0,0,2,1,-2.4
russeda01,D'Angelo Russell,BROOKLYN NETS,HOME,MIAMI HEAT,WIN,860,0,5,0,3,1,2,0,0,2,0,0,2,0,-3.5
