slug,name,team,location,opponent,outcome,seconds_played,made_field_goals,attempted_field_goals,made_three_point_field_goals,attempted_three_point_field_goals,made_free_throws,attempted_free_throws,offensive_rebounds,defensive_rebounds,assists,steals,blocks,turnovers,personal_fouls,game_score
couside01,DeMarcus Cousins,SACRAMENTO KINGS,AWAY,CHICAGO BULLS,LOSS,2123,16,28,2,7,8,9,2,12,3,1,2,2,4,34.3
hardeja01,James Harden,HOUSTON ROCKETS,AWAY,MEMPHIS GRIZZLIES,WIN,2033,7,9,4,6,11,12,1,5,10,3,2,6,3,31.5
wadedw01,Dwyane Wade,CHICAGO BULLS,HOME,SACRAMENTO KINGS,WIN,2116,9,20,0,2,12,15,3,3,4,4,4,2,0,29.0
mccolcj01,CJ McCollum,PORTLAND TRAIL BLAZERS,AWAY,BOSTON CELTICS,WIN,2739,11,21,3,6,10,13,0,2,3,3,0,0,2,28.4
anthoca01,Carmelo Anthony,NEW YORK KNICKS,HOME,PHOENIX SUNS,LOSS,2440,9,17,5,6,8,10,1,6,6,1,0,3,2,25.8
leonaka01,Kawhi Leonard,SAN ANTONIO SPURS,AWAY,CLEVELAND CAVALIERS,WIN,2759,15,30,3,8,8,8,0,6,5,1,1,6,3,25.8
hillge01,George Hill,UTAH JAZZ,HOME,INDIANA PACERS,WIN,2061,9,16,3,5,9,11,1,5,5,1,0,1,4,25.7
thomais02,Isaiah Thomas,BOSTON CELTICS,HOME,PORTLAND TRAIL BLAZERS,LOSS,2612,14,28,4,11,9,11,1,2,6,0,0,6,1,25.3
irvinky01,Kyrie Irving,CLEVELAND CAVALIERS,HOME,SAN ANTONIO SPURS,LOSS,2462,13,22,3,8,0,1,1,2,9,2,0,2,2,25.2
waitedi01,Dion Waiters,MIAMI HEAT,HOME,MILWAUKEE BUCKS,WIN,1988,12,18,5,7,4,8,0,3,3,1,0,3,1,24.2
dekkesa01,Sam Dekker,HOUSTON ROCKETS,AWAY,MEMPHIS GRIZZLIES,WIN,2101,12,19,6,11,0,0,0,5,0,2,0,0,4,23.4
bledser01,Eric Bledsoe,PHOENIX SUNS,AWAY,NEW YORK KNICKS,WIN,2320,6,14,1,4,10,10,1,4,7,0,1,0,0,23.1
morrima03,Marcus Morris,DETROIT PISTONS,HOME,WASHINGTON WIZARDS,WIN,2260,7,17,3,6,8,9,6,5,3,1,0,1,3,22.1
jamesle01,LeBron James,CLEVELAND CAVALIERS,HOME,SAN ANTONIO SPURS,LOSS,2720,11,16,2,5,5,7,0,6,7,2,0,7,5,21.1
dragigo01,Goran Dragić,MIAMI HEAT,HOME,MILWAUKEE BUCKS,WIN,2002,8,13,3,5,6,7,0,1,6,1,0,3,2,20.4
gasolma01,Marc Gasol,MEMPHIS GRIZZLIES,HOME,HOUSTON ROCKETS,LOSS,2191,12,20,2,5,6,11,2,3,1,1,3,5,4,20.3
haywago01,Gordon Hayward,UTAH JAZZ,HOME,INDIANA PACERS,WIN,1869,8,13,2,3,9,10,0,2,0,0,0,1,1,19.9
butleji01,Jimmy Butler,CHICAGO BULLS,HOME,SACRAMENTO KINGS,WIN,2345,6,14,1,3,10,10,0,5,7,0,0,2,1,19.6
teaguje01,Jeff Teague,INDIANA PACERS,AWAY,UTAH JAZZ,LOSS,2253,6,13,1,1,6,8,0,4,7,3,0,1,2,18.8
lillada01,Damian Lillard,PORTLAND TRAIL BLAZERS,AWAY,BOSTON CELTICS,WIN,2239,9,21,2,7,8,8,0,1,7,0,1,3,3,18.6
antetgi01,Giannis Antetokounmpo,MILWAUKEE BUCKS,AWAY,MIAMI HEAT,LOSS,2276,8,20,2,5,6,8,4,6,3,2,0,2,2,18.3
millspa01,Paul Millsap,ATLANTA HAWKS,HOME,PHILADELPHIA 76ERS,WIN,2150,9,14,1,2,3,6,2,8,1,1,2,3,1,18.1
goberru01,Rudy Gobert,UTAH JAZZ,HOME,INDIANA PACERS,WIN,2006,8,10,0,0,3,5,5,6,0,0,1,2,1,18.0
whiteha01,Hassan Whiteside,MIAMI HEAT,HOME,MILWAUKEE BUCKS,WIN,1819,7,8,0,0,2,4,2,13,0,1,2,1,3,17.9
rosede01,Derrick Rose,NEW YORK KNICKS,HOME,PHOENIX SUNS,LOSS,2165,12,26,0,1,2,2,3,0,5,0,0,0,2,17.4
aldrila01,LaMarcus Aldridge,SAN ANTONIO SPURS,AWAY,CLEVELAND CAVALIERS,WIN,2515,7,14,0,0,2,4,4,8,6,0,2,1,2,17.2
kiddgmi01,Michael Kidd-Gilchrist,CHARLOTTE HORNETS,HOME,BROOKLYN NETS,WIN,2114,7,11,0,0,3,4,6,8,1,0,2,2,3,17.2
gordoer01,Eric Gordon,HOUSTON ROCKETS,AWAY,MEMPHIS GRIZZLIES,WIN,1804,7,16,3,11,4,4,0,3,5,1,1,1,2,16.9
walljo01,John Wall,WASHINGTON WIZARDS,AWAY,DETROIT PISTONS,LOSS,2319,6,15,0,2,7,9,2,5,10,2,0,4,3,16.8
ilyaser01,Ersan İlyasova,PHILADELPHIA 76ERS,AWAY,ATLANTA HAWKS,LOSS,1819,8,15,3,6,2,3,2,1,4,0,1,1,2,16.7
jokicni01,Nikola Jokić,DENVER NUGGETS,HOME,LOS ANGELES CLIPPERS,WIN,1279,8,11,2,3,1,1,3,7,3,0,0,3,3,16.6
bartowi01,Will Barton,DENVER NUGGETS,HOME,LOS ANGELES CLIPPERS,WIN,1719,8,13,2,4,0,0,1,2,3,1,0,0,1,16.1
lopezbr01,Brook Lopez,BROOKLYN NETS,AWAY,CHARLOTTE HORNETS,LOSS,1862,10,21,3,7,1,1,0,5,4,0,2,2,3,15.8
gallida01,Danilo Gallinari,DENVER NUGGETS,HOME,LOS ANGELES CLIPPERS,WIN,1901,5,8,2,3,6,6,0,4,2,0,0,1,1,15.6
batumni01,Nicolas Batum,CHARLOTTE HORNETS,HOME,BROOKLYN NETS,WIN,2099,6,16,3,6,1,1,0,9,6,4,0,2,2,15.3
jordade01,DeAndre Jordan,LOS ANGELES CLIPPERS,AWAY,DENVER NUGGETS,LOSS,1632,6,10,0,0,2,2,8,5,3,0,1,2,5,15.3
youngth01,Thaddeus Young,INDIANA PACERS,AWAY,UTAH JAZZ,LOSS,2301,8,11,2,2,1,2,2,7,3,1,1,5,3,15.2
dellama01,Matthew Dellavedova,MILWAUKEE BUCKS,AWAY,MIAMI HEAT,LOSS,2148,5,8,2,3,3,3,0,2,7,0,0,1,2,15.1
chandwi01,Wilson Chandler,DENVER NUGGETS,HOME,LOS ANGELES CLIPPERS,WIN,1350,8,12,2,2,0,0,2,5,1,1,0,2,1,15.0
acyqu01,Quincy Acy,BROOKLYN NETS,AWAY,CHARLOTTE HORNETS,LOSS,1024,5,7,3,4,1,1,0,4,1,2,1,0,2,14.9
speigma01,Marreese Speights,LOS ANGELES CLIPPERS,AWAY,DENVER NUGGETS,LOSS,1676,7,10,2,4,2,2,0,3,2,1,0,1,4,14.5
chrisma01,Marquese Chriss,PHOENIX SUNS,AWAY,NEW YORK KNICKS,WIN,1305,6,10,2,5,1,3,3,2,0,3,1,1,2,14.2
howardw01,Dwight Howard,ATLANTA HAWKS,HOME,PHILADELPHIA 76ERS,WIN,1927,5,7,0,0,3,7,5,10,3,0,1,2,4,14.2
leeda02,David Lee,SAN ANTONIO SPURS,AWAY,CLEVELAND CAVALIERS,WIN,2179,7,11,0,0,0,0,3,8,3,0,1,1,3,14.2
zelleco01,Cody Zeller,CHARLOTTE HORNETS,HOME,BROOKLYN NETS,WIN,1850,5,7,0,0,2,2,0,9,3,0,1,0,1,14.2
chandty01,Tyson Chandler,PHOENIX SUNS,AWAY,NEW YORK KNICKS,WIN,1899,2,5,0,0,5,5,4,12,0,1,0,0,0,13.7
riverau01,Austin Rivers,LOS ANGELES CLIPPERS,AWAY,DENVER NUGGETS,LOSS,1554,7,12,2,4,0,0,1,1,5,0,0,0,3,13.7
bealbr01,Bradley Beal,WASHINGTON WIZARDS,AWAY,DETROIT PISTONS,LOSS,2252,4,16,0,7,9,11,1,4,4,2,1,0,1,13.6
farieke01,Kenneth Faried,DENVER NUGGETS,HOME,LOS ANGELES CLIPPERS,WIN,1455,5,7,0,0,3,4,3,4,2,0,0,0,2,13.6
sessira01,Ramon Sessions,CHARLOTTE HORNETS,HOME,BROOKLYN NETS,WIN,1153,3,8,3,4,8,8,0,2,2,0,0,1,0,13.6
smithja02,Jason Smith,WASHINGTON WIZARDS,AWAY,DETROIT PISTONS,LOSS,1165,6,9,2,3,2,2,1,3,0,0,1,0,2,13.6
horfoal01,Al Horford,BOSTON CELTICS,HOME,PORTLAND TRAIL BLAZERS,LOSS,2289,6,13,2,2,3,5,2,8,5,0,0,1,6,13.4
leoname01,Meyers Leonard,PORTLAND TRAIL BLAZERS,AWAY,BOSTON CELTICS,WIN,1471,6,7,4,4,1,1,1,3,0,1,0,3,2,13.3
morrima02,Markieff Morris,WASHINGTON WIZARDS,AWAY,DETROIT PISTONS,LOSS,2308,7,17,2,5,3,4,4,5,2,2,1,3,5,12.9
harrito02,Tobias Harris,DETROIT PISTONS,HOME,WASHINGTON WIZARDS,WIN,2383,8,16,2,8,0,1,1,8,5,0,0,3,1,12.8
covinro01,Robert Covington,PHILADELPHIA 76ERS,AWAY,ATLANTA HAWKS,LOSS,1889,5,12,3,6,2,2,2,8,2,1,1,2,2,12.7
gortama01,Marcin Gortat,WASHINGTON WIZARDS,AWAY,DETROIT PISTONS,LOSS,1524,4,6,0,0,4,5,1,6,2,2,0,1,3,12.7
schrode01,Dennis Schröder,ATLANTA HAWKS,HOME,PHILADELPHIA 76ERS,WIN,1841,6,18,1,2,2,2,0,1,9,2,1,1,1,12.7
bookede01,Devin Booker,PHOENIX SUNS,AWAY,NEW YORK KNICKS,WIN,2232,10,21,3,4,3,3,1,0,2,1,1,5,4,12.5
leeco01,Courtney Lee,NEW YORK KNICKS,HOME,PHOENIX SUNS,LOSS,2233,5,9,3,3,0,0,2,2,3,0,1,0,3,12.3
mccontj01,T.J. McConnell,PHILADELPHIA 76ERS,AWAY,ATLANTA HAWKS,LOSS,2220,3,7,0,0,2,2,1,5,11,3,0,4,3,12.0
murrade01,Dejounte Murray,SAN ANTONIO SPURS,AWAY,CLEVELAND CAVALIERS,WIN,1324,7,10,0,0,0,0,0,2,5,0,0,2,0,11.9
tuckepj01,P.J. Tucker,PHOENIX SUNS,AWAY,NEW YORK KNICKS,WIN,2167,6,10,2,5,1,2,1,2,2,3,0,3,2,11.9
leuerjo01,Jon Leuer,DETROIT PISTONS,HOME,WASHINGTON WIZARDS,WIN,1471,4,6,1,1,1,1,2,3,2,2,2,2,2,11.7
plumlma01,Mason Plumlee,PORTLAND TRAIL BLAZERS,AWAY,BOSTON CELTICS,WIN,1650,4,8,0,0,2,4,3,8,8,1,0,3,4,11.7
belinma01,Marco Belinelli,CHARLOTTE HORNETS,HOME,BROOKLYN NETS,WIN,1334,5,10,2,6,2,2,0,1,5,0,0,0,3,11.6
smartma01,Marcus Smart,BOSTON CELTICS,HOME,PORTLAND TRAIL BLAZERS,LOSS,2480,5,15,1,7,6,6,2,3,6,2,0,4,4,11.4
thomptr01,Tristan Thompson,CLEVELAND CAVALIERS,HOME,SAN ANTONIO SPURS,LOSS,2321,7,13,0,0,0,4,5,7,1,0,1,1,2,11.3
georgpa01,Paul George,INDIANA PACERS,AWAY,UTAH JAZZ,LOSS,1747,8,16,3,5,0,0,0,4,2,0,0,0,6,11.2
ellinwa01,Wayne Ellington,MIAMI HEAT,HOME,MILWAUKEE BUCKS,WIN,2127,6,12,3,9,0,0,0,5,0,1,0,0,1,11.1
parsoch01,Chandler Parsons,MEMPHIS GRIZZLIES,HOME,HOUSTON ROCKETS,LOSS,1313,4,11,1,4,3,4,0,2,4,3,0,0,2,11.1
crowdja01,Jae Crowder,BOSTON CELTICS,HOME,PORTLAND TRAIL BLAZERS,LOSS,2412,5,12,3,7,3,3,0,4,2,1,0,1,3,11.0
hilarne01,Nenê Hilário,HOUSTON ROCKETS,AWAY,MEMPHIS GRIZZLIES,WIN,983,4,5,0,0,4,6,0,3,0,3,1,1,5,10.9
parkeja01,Jabari Parker,MILWAUKEE BUCKS,AWAY,MIAMI HEAT,LOSS,1926,7,18,0,4,2,3,2,5,4,1,1,2,1,10.8
leverca01,Caris LeVert,BROOKLYN NETS,AWAY,CHARLOTTE HORNETS,LOSS,1105,2,4,0,2,5,6,0,1,4,2,0,1,0,10.7
turnemy01,Myles Turner,INDIANA PACERS,AWAY,UTAH JAZZ,LOSS,1971,5,9,1,2,2,2,1,6,2,1,0,2,3,10.4
millspa02,Patty Mills,SAN ANTONIO SPURS,AWAY,CLEVELAND CAVALIERS,WIN,1842,4,11,3,5,2,2,2,1,5,1,0,2,2,10.3
nurkiju01,Jusuf Nurkić,DENVER NUGGETS,HOME,LOS ANGELES CLIPPERS,WIN,1226,4,7,0,0,4,7,0,5,3,0,0,0,2,10.3
shumpim01,Iman Shumpert,CLEVELAND CAVALIERS,HOME,SAN ANTONIO SPURS,LOSS,2267,4,8,3,5,0,0,1,2,2,2,0,1,1,10.3
bazemke01,Kent Bazemore,ATLANTA HAWKS,HOME,PHILADELPHIA 76ERS,WIN,1452,7,12,2,4,0,0,0,2,2,1,0,2,3,10.2
bogdabo02,Bojan Bogdanović,BROOKLYN NETS,AWAY,CHARLOTTE HORNETS,LOSS,1709,4,12,4,8,4,4,0,3,3,0,0,2,0,10.2
burksal01,Alec Burks,UTAH JAZZ,HOME,INDIANA PACERS,WIN,1159,5,8,1,4,2,2,1,3,1,1,0,1,4,10.1
ellismo01,Monta Ellis,INDIANA PACERS,AWAY,UTAH JAZZ,LOSS,2009,6,10,2,2,1,2,1,3,1,2,0,3,3,10.1
conlemi01,Mike Conley,MEMPHIS GRIZZLIES,HOME,HOUSTON ROCKETS,LOSS,2076,6,17,3,8,0,0,1,3,6,0,0,1,1,9.9
oubreke01,Kelly Oubre,WASHINGTON WIZARDS,AWAY,DETROIT PISTONS,LOSS,1620,5,9,1,2,0,0,2,2,0,2,0,0,2,9.9
redicjj01,J.J. Redick,LOS ANGELES CLIPPERS,AWAY,DENVER NUGGETS,LOSS,1538,6,15,2,7,0,0,0,1,3,2,0,0,1,9.9
greenja01,JaMychal Green,MEMPHIS GRIZZLIES,HOME,HOUSTON ROCKETS,LOSS,1804,3,6,1,1,0,0,6,3,2,2,0,2,2,9.7
turneev01,Evan Turner,PORTLAND TRAIL BLAZERS,AWAY,BOSTON CELTICS,WIN,2400,4,9,0,1,4,4,0,4,4,1,2,2,5,9.7
aminual01,Al-Farouq Aminu,PORTLAND TRAIL BLAZERS,AWAY,BOSTON CELTICS,WIN,2203,2,6,1,4,6,6,1,6,0,1,1,1,3,9.6
lopezro01,Robin Lopez,CHICAGO BULLS,HOME,SACRAMENTO KINGS,WIN,1744,4,8,0,0,1,2,4,4,2,0,1,0,3,9.5
jacksre01,Reggie Jackson,DETROIT PISTONS,HOME,WASHINGTON WIZARDS,WIN,1900,8,21,1,4,2,2,0,3,8,1,0,4,4,9.4
kaminfr01,Frank Kaminsky,CHARLOTTE HORNETS,HOME,BROOKLYN NETS,WIN,1486,4,5,2,2,0,0,0,1,2,3,0,2,4,9.2
okafoja01,Jahlil Okafor,PHILADELPHIA 76ERS,AWAY,ATLANTA HAWKS,LOSS,1783,5,8,0,0,2,2,0,4,1,1,3,3,3,9.2
kilpase01,Sean Kilpatrick,BROOKLYN NETS,AWAY,CHARLOTTE HORNETS,LOSS,1634,5,14,3,7,0,0,0,4,5,2,0,2,2,9.1
hensojo01,John Henson,MILWAUKEE BUCKS,AWAY,MIAMI HEAT,LOSS,1340,4,6,0,0,3,4,2,7,0,0,1,2,3,9.0
koufoko01,Kosta Koufos,SACRAMENTO KINGS,AWAY,CHICAGO BULLS,LOSS,1506,3,4,0,0,1,1,1,5,1,1,1,0,3,8.8
roziete01,Terry Rozier,BOSTON CELTICS,HOME,PORTLAND TRAIL BLAZERS,LOSS,1324,6,13,3,6,0,0,0,3,3,0,0,1,4,8.7
porzikr01,Kristaps Porziņģis,NEW YORK KNICKS,HOME,PHOENIX SUNS,LOSS,1981,7,13,0,3,0,0,1,0,2,1,1,2,3,8.3
delanma01,Malcolm Delaney,ATLANTA HAWKS,HOME,PHILADELPHIA 76ERS,WIN,1114,6,9,1,3,0,1,0,0,1,1,0,1,3,8.2
zipsepa01,Paul Zipser,CHICAGO BULLS,HOME,SACRAMENTO KINGS,WIN,1386,4,8,3,6,2,2,2,2,0,0,0,2,2,8.2
hardati02,Tim Hardaway,ATLANTA HAWKS,HOME,PHILADELPHIA 76ERS,WIN,1641,5,14,2,7,0,0,2,1,6,2,0,4,0,8.1
mirotni01,Nikola Mirotić,CHICAGO BULLS,HOME,SACRAMENTO KINGS,WIN,1338,5,11,1,2,0,0,2,3,1,1,0,0,3,8.1
johnsst04,Stanley Johnson,DETROIT PISTONS,HOME,WASHINGTON WIZARDS,WIN,952,4,4,1,1,0,0,0,0,1,1,1,1,3,8.0
booketr01,Trevor Booker,BROOKLYN NETS,AWAY,CHARLOTTE HORNETS,LOSS,1615,4,6,0,1,0,0,3,6,0,2,0,3,1,7.9
porteot01,Otto Porter,WASHINGTON WIZARDS,AWAY,DETROIT PISTONS,LOSS,2023,4,13,2,6,1,2,1,6,3,2,0,1,2,7.9
afflaar01,Arron Afflalo,SACRAMENTO KINGS,AWAY,CHICAGO BULLS,LOSS,2097,3,9,3,4,0,0,1,0,4,1,1,0,4,7.5
anderky01,Kyle Anderson,SAN ANTONIO SPURS,AWAY,CLEVELAND CAVALIERS,WIN,1078,1,3,0,2,0,0,0,4,2,4,2,0,2,7.5
breweco01,Corey Brewer,HOUSTON ROCKETS,AWAY,MEMPHIS GRIZZLIES,WIN,1437,2,3,1,2,1,1,0,5,2,0,1,0,2,7.5
foyera01,Randy Foye,BROOKLYN NETS,AWAY,CHARLOTTE HORNETS,LOSS,1415,4,12,3,7,0,0,0,2,5,0,0,0,2,7.5
randoza01,Zach Randolph,MEMPHIS GRIZZLIES,HOME,HOUSTON ROCKETS,LOSS,1451,4,11,0,2,3,5,1,7,1,0,0,0,1,7.2
feltora01,Raymond Felton,LOS ANGELES CLIPPERS,AWAY,DENVER NUGGETS,LOSS,1780,6,17,2,6,0,0,0,3,3,0,0,0,1,7.1
knighbr03,Brandon Knight,PHOENIX SUNS,AWAY,NEW YORK KNICKS,WIN,1204,5,12,1,4,0,0,1,4,2,1,0,1,2,7.1
olynyke01,Kelly Olynyk,BOSTON CELTICS,HOME,PORTLAND TRAIL BLAZERS,LOSS,1510,4,4,0,0,2,2,2,6,1,0,0,4,4,7.1
sefolth01,Thabo Sefolosha,ATLANTA HAWKS,HOME,PHILADELPHIA 76ERS,WIN,1923,3,6,0,0,2,3,1,3,1,1,0,0,2,7.1
walkeke02,Kemba Walker,CHARLOTTE HORNETS,HOME,BROOKLYN NETS,WIN,1961,6,17,2,6,2,3,0,4,6,0,0,4,1,7.1
nelsoja01,Jameer Nelson,DENVER NUGGETS,HOME,LOS ANGELES CLIPPERS,WIN,1755,3,8,0,2,0,0,0,2,8,0,0,0,2,7.0
smithis01,Ish Smith,DETROIT PISTONS,HOME,WASHINGTON WIZARDS,WIN,980,4,8,0,0,1,2,0,2,4,1,0,2,0,7.0
humphkr01,Kris Humphries,ATLANTA HAWKS,HOME,PHILADELPHIA 76ERS,WIN,953,2,4,0,0,3,4,1,8,0,0,0,0,2,6.9
favorde01,Derrick Favors,UTAH JAZZ,HOME,INDIANA PACERS,WIN,1458,3,7,0,0,2,4,2,5,3,1,1,3,1,6.8
diawbo01,Boris Diaw,UTAH JAZZ,HOME,INDIANA PACERS,WIN,1147,3,7,0,0,0,0,1,2,4,0,0,0,0,6.4
arthuda01,Darrell Arthur,DENVER NUGGETS,HOME,LOS ANGELES CLIPPERS,WIN,800,3,5,1,3,0,0,0,2,0,1,0,0,0,6.3
caulewi01,Willie Cauley-Stein,SACRAMENTO KINGS,AWAY,CHICAGO BULLS,LOSS,757,2,3,0,0,1,2,2,2,0,1,0,0,0,6.3
lawsoty01,Ty Lawson,SACRAMENTO KINGS,AWAY,CHICAGO BULLS,LOSS,1401,2,7,0,0,4,5,1,2,6,1,0,3,2,6.2
inglejo01,Joe Ingles,UTAH JAZZ,HOME,INDIANA PACERS,WIN,1960,1,6,0,3,0,0,0,4,6,3,1,0,3,6.1
jeffeal01,Al Jefferson,INDIANA PACERS,AWAY,UTAH JAZZ,LOSS,821,3,4,0,0,1,1,0,4,0,1,1,1,3,6.1
vonleno01,Noah Vonleh,PORTLAND TRAIL BLAZERS,AWAY,BOSTON CELTICS,WIN,1017,4,8,0,0,0,0,4,2,0,3,0,2,6,6.0
hendege02,Gerald Henderson,PHILADELPHIA 76ERS,AWAY,ATLANTA HAWKS,LOSS,1163,3,8,2,6,2,3,0,2,2,0,0,1,1,5.8
baynear01,Aron Baynes,DETROIT PISTONS,HOME,WASHINGTON WIZARDS,WIN,987,3,4,0,0,3,3,1,2,0,0,0,1,5,5.7
cartevi01,Vince Carter,MEMPHIS GRIZZLIES,HOME,HOUSTON ROCKETS,LOSS,1193,1,6,0,3,6,6,1,2,2,0,0,0,3,5.7
korveky01,Kyle Korver,CLEVELAND CAVALIERS,HOME,SAN ANTONIO SPURS,LOSS,1312,2,3,2,3,0,0,1,1,0,0,0,0,0,5.7
capelca01,Clint Capela,HOUSTON ROCKETS,AWAY,MEMPHIS GRIZZLIES,WIN,960,2,4,0,0,1,2,2,2,2,0,1,0,3,5.5
monrogr01,Greg Monroe,MILWAUKEE BUCKS,AWAY,MIAMI HEAT,LOSS,1033,3,7,0,0,3,4,3,3,0,0,0,2,1,5.5
snellto01,Tony Snell,MILWAUKEE BUCKS,AWAY,MIAMI HEAT,LOSS,1505,2,2,1,1,2,2,0,2,1,0,0,1,3,5.5
hernawi01,Willy Hernangómez,NEW YORK KNICKS,HOME,PHOENIX SUNS,LOSS,835,2,4,0,0,2,2,0,8,1,0,0,1,2,5.3
johnsam01,Amir Johnson,BOSTON CELTICS,HOME,PORTLAND TRAIL BLAZERS,LOSS,1745,1,2,0,1,1,2,5,2,2,1,2,3,3,5.3
loveke01,Kevin Love,CLEVELAND CAVALIERS,HOME,SAN ANTONIO SPURS,LOSS,2151,4,15,3,11,2,3,1,10,3,0,0,3,3,5.3
babbilu01,Luke Babbitt,MIAMI HEAT,HOME,MILWAUKEE BUCKS,WIN,1106,2,4,1,2,0,0,1,3,0,2,0,0,4,5.0
beverpa01,Patrick Beverley,HOUSTON ROCKETS,AWAY,MEMPHIS GRIZZLIES,WIN,1815,3,10,1,5,0,0,0,7,4,1,0,1,3,4.9
burketr01,Trey Burke,WASHINGTON WIZARDS,AWAY,DETROIT PISTONS,LOSS,561,3,5,1,1,0,0,1,1,2,0,0,1,3,4.9
makerth01,Thon Maker,MILWAUKEE BUCKS,AWAY,MIAMI HEAT,LOSS,1086,1,3,1,2,3,4,1,0,0,1,0,0,2,4.8
whiteis01,Isaiah Whitehead,BROOKLYN NETS,AWAY,CHARLOTTE HORNETS,LOSS,1361,1,2,1,1,0,0,0,4,4,0,0,0,3,4.8
feliccr01,Cristiano Felício,CHICAGO BULLS,HOME,SACRAMENTO KINGS,WIN,914,1,2,0,0,2,2,2,8,1,0,0,2,2,4.7
willima02,Marvin Williams,CHARLOTTE HORNETS,HOME,BROOKLYN NETS,WIN,1548,2,6,2,6,2,2,0,6,1,0,1,2,3,4.6
crabbal01,Allen Crabbe,PORTLAND TRAIL BLAZERS,AWAY,BOSTON CELTICS,WIN,1410,3,10,0,2,0,0,0,2,3,2,0,0,1,4.5
luwawti01,Timothé Luwawu-Cabarrot,PHILADELPHIA 76ERS,AWAY,ATLANTA HAWKS,LOSS,1241,2,3,1,1,5,6,0,1,2,1,0,5,4,4.4
bullore01,Reggie Bullock,DETROIT PISTONS,HOME,WASHINGTON WIZARDS,WIN,2113,3,8,3,8,0,0,0,5,1,0,0,1,4,4.2
collida01,Darren Collison,SACRAMENTO KINGS,AWAY,CHICAGO BULLS,LOSS,1479,4,11,0,2,0,0,2,1,2,0,0,0,2,4.2
crawfja01,Jamal Crawford,LOS ANGELES CLIPPERS,AWAY,DENVER NUGGETS,LOSS,1528,3,13,0,4,2,2,0,2,7,1,0,2,1,4.2
liggide01,DeAndre Liggins,CLEVELAND CAVALIERS,HOME,SAN ANTONIO SPURS,LOSS,718,2,4,0,0,1,2,0,1,1,1,0,0,1,4.2
templga01,Garrett Temple,SACRAMENTO KINGS,AWAY,CHICAGO BULLS,LOSS,1803,3,9,1,4,1,2,0,3,3,2,1,2,5,4.2
holliro01,Rondae Hollis-Jefferson,BROOKLYN NETS,AWAY,CHARLOTTE HORNETS,LOSS,1266,3,6,0,3,1,3,0,3,2,1,0,2,1,4.1
greenda02,Danny Green,SAN ANTONIO SPURS,AWAY,CLEVELAND CAVALIERS,WIN,1947,2,5,2,5,0,0,0,2,2,0,0,0,4,3.7
holidju01,Justin Holiday,NEW YORK KNICKS,HOME,PHOENIX SUNS,LOSS,279,1,1,1,1,0,0,1,1,0,0,0,0,0,3.7
stausni01,Nik Stauskas,PHILADELPHIA 76ERS,AWAY,ATLANTA HAWKS,LOSS,2111,3,11,1,4,0,0,0,6,3,0,1,1,1,3.7
drumman01,Andre Drummond,DETROIT PISTONS,HOME,WASHINGTON WIZARDS,WIN,1059,1,2,0,0,1,4,3,7,1,3,1,4,5,3.4
fryech01,Channing Frye,CLEVELAND CAVALIERS,HOME,SAN ANTONIO SPURS,LOSS,1017,2,8,0,2,4,5,1,3,0,0,0,1,0,3.4
ginobma01,Manu Ginóbili,SAN ANTONIO SPURS,AWAY,CLEVELAND CAVALIERS,WIN,1194,3,9,2,6,0,0,1,1,3,0,0,1,4,3.4
harremo01,Montrezl Harrell,HOUSTON ROCKETS,AWAY,MEMPHIS GRIZZLIES,WIN,937,3,6,0,1,0,0,2,0,2,0,0,2,1,3.4
millemi01,Mike Miller,DENVER NUGGETS,HOME,LOS ANGELES CLIPPERS,WIN,300,0,0,0,0,2,2,0,2,1,0,0,0,0,3.3
noelne01,Nerlens Noel,PHILADELPHIA 76ERS,AWAY,ATLANTA HAWKS,LOSS,771,2,2,0,0,0,0,1,2,1,0,0,1,3,3.2
harrian01,Andrew Harrison,MEMPHIS GRIZZLIES,HOME,HOUSTON ROCKETS,LOSS,874,2,5,1,4,2,2,0,0,0,0,0,0,3,3.1
mcgruro01,Rodney McGruder,MIAMI HEAT,HOME,MILWAUKEE BUCKS,WIN,1101,2,6,1,3,1,2,0,0,3,0,0,0,3,3.1
noahjo01,Joakim Noah,NEW YORK KNICKS,HOME,PHOENIX SUNS,LOSS,1227,0,4,0,0,0,0,7,8,3,0,1,3,3,3.1
gibsota01,Taj Gibson,CHICAGO BULLS,HOME,SACRAMENTO KINGS,WIN,1750,3,9,0,0,1,2,0,3,0,1,2,1,2,3.0
dunlemi02,Mike Dunleavy,ATLANTA HAWKS,HOME,PHILADELPHIA 76ERS,WIN,1062,2,5,0,0,0,0,0,2,1,0,1,0,1,2.9
kuzmimi01,Mindaugas Kuzminskas,NEW YORK KNICKS,HOME,PHOENIX SUNS,LOSS,1050,3,7,1,3,0,0,0,1,0,1,0,1,2,2.8
bakerro01,Ron Baker,NEW YORK KNICKS,HOME,PHOENIX SUNS,LOSS,1151,1,4,1,1,0,0,0,3,0,2,0,1,0,2.5
lenal01,Alex Len,PHOENIX SUNS,AWAY,NEW YORK KNICKS,WIN,588,0,3,0,0,4,4,0,3,0,0,1,1,0,2.5
rondora01,Rajon Rondo,CHICAGO BULLS,HOME,SACRAMENTO KINGS,WIN,378,0,0,0,0,0,0,0,0,4,1,0,1,1,2.4
hernaju01,Juan Hernangómez,DENVER NUGGETS,HOME,LOS ANGELES CLIPPERS,WIN,300,0,0,0,0,2,2,0,0,1,0,0,0,1,2.3
johnsja01,James Johnson,MIAMI HEAT,HOME,MILWAUKEE BUCKS,WIN,2063,3,12,0,4,1,1,1,2,6,1,0,2,5,2.3
mickejo01,Jordan Mickey,BOSTON CELTICS,HOME,PORTLAND TRAIL BLAZERS,LOSS,760,1,3,0,0,0,0,2,1,1,0,0,0,1,2.3
beaslmi01,Michael Beasley,MILWAUKEE BUCKS,AWAY,MIAMI HEAT,LOSS,620,2,4,0,0,1,2,0,2,0,0,0,1,0,2.2
richama01,Malachi Richardson,SACRAMENTO KINGS,AWAY,CHICAGO BULLS,LOSS,468,1,2,0,1,1,2,0,2,0,0,0,0,0,2.2
warretj01,T.J. Warren,PHOENIX SUNS,AWAY,NEW YORK KNICKS,WIN,1750,2,6,0,0,0,0,2,1,2,0,0,0,4,2.1
simmojo02,Jonathon Simmons,SAN ANTONIO SPURS,AWAY,CLEVELAND CAVALIERS,WIN,475,1,1,0,0,0,0,0,0,1,0,0,0,1,2.0
arizatr01,Trevor Ariza,HOUSTON ROCKETS,AWAY,MEMPHIS GRIZZLIES,WIN,2153,1,8,1,6,0,0,1,9,2,0,0,0,2,1.8
dedmode01,Dewayne Dedmon,SAN ANTONIO SPURS,AWAY,CLEVELAND CAVALIERS,WIN,587,1,2,0,0,0,0,0,4,0,0,0,0,1,1.8
johnswe01,Wesley Johnson,LOS ANGELES CLIPPERS,AWAY,DENVER NUGGETS,LOSS,1482,1,4,0,2,0,0,1,6,0,0,0,0,1,1.7
randlch01,Chasson Randle,PHILADELPHIA 76ERS,AWAY,ATLANTA HAWKS,LOSS,171,1,1,1,1,0,0,0,0,0,0,0,1,0,1.7
brownja02,Jaylen Brown,BOSTON CELTICS,HOME,PORTLAND TRAIL BLAZERS,LOSS,768,0,2,0,1,2,2,0,4,0,2,0,1,3,1.6
reedwi02,Willie Reed,MIAMI HEAT,HOME,MILWAUKEE BUCKS,WIN,1061,1,2,0,0,0,0,1,4,0,0,1,1,3,1.4
mcdankj01,K.J. McDaniels,HOUSTON ROCKETS,AWAY,MEMPHIS GRIZZLIES,WIN,59,0,0,0,0,0,0,0,1,0,1,0,0,0,1.3
allento01,Tony Allen,MEMPHIS GRIZZLIES,HOME,HOUSTON ROCKETS,LOSS,1475,0,6,0,1,0,0,2,2,2,4,0,2,0,1.2
anderal01,Alan Anderson,LOS ANGELES CLIPPERS,AWAY,DENVER NUGGETS,LOSS,632,1,6,1,4,2,2,0,0,0,0,0,0,0,1.2
marjabo01,Boban Marjanović,DETROIT PISTONS,HOME,WASHINGTON WIZARDS,WIN,295,1,1,0,0,0,0,0,1,0,0,0,1,0,1.0
mbahalu01,Luc Mbah a Moute,LOS ANGELES CLIPPERS,AWAY,DENVER NUGGETS,LOSS,1489,1,3,1,1,0,0,0,1,0,1,0,0,4,1.0
tollian01,Anthony Tolliver,SACRAMENTO KINGS,AWAY,CHICAGO BULLS,LOSS,1497,2,7,2,6,0,0,0,1,0,0,0,1,1,0.8
davisde01,Deyonta Davis,MEMPHIS GRIZZLIES,HOME,HOUSTON ROCKETS,LOSS,179,0,0,0,0,0,0,0,2,0,0,0,0,0,0.6
hibbero01,Roy Hibbert,CHARLOTTE HORNETS,HOME,BROOKLYN NETS,WIN,855,1,2,0,0,0,0,0,0,0,0,0,0,1,0.6
milescj01,C.J. Miles,INDIANA PACERS,AWAY,UTAH JAZZ,LOSS,1657,2,8,1,5,1,2,0,2,1,1,1,2,3,0.6
barnema02,Matt Barnes,SACRAMENTO KINGS,AWAY,CHICAGO BULLS,LOSS,1269,1,4,1,2,0,0,0,3,1,0,0,1,2,0.4
allenla01,Lavoy Allen,INDIANA PACERS,AWAY,UTAH JAZZ,LOSS,352,0,0,0,0,0,0,0,1,0,0,0,0,0,0.3
martija01,Jarell Martin,MEMPHIS GRIZZLIES,HOME,HOUSTON ROCKETS,LOSS,179,0,1,0,1,0,0,0,1,1,0,0,0,0,0.3
serapke01,Kevin Séraphin,INDIANA PACERS,AWAY,UTAH JAZZ,LOSS,40,0,0,0,0,0,0,0,1,0,0,0,0,0,0.3
witheje01,Jeff Withey,UTAH JAZZ,HOME,INDIANA PACERS,WIN,40,0,0,0,0,0,0,0,1,0,0,0,0,0,0.3
mcderdo01,Doug McDermott,CHICAGO BULLS,HOME,SACRAMENTO KINGS,WIN,1239,1,5,1,3,0,0,0,0,1,0,0,0,1,0.2
brookaa01,Aaron Brooks,INDIANA PACERS,AWAY,UTAH JAZZ,LOSS,338,1,3,0,2,0,0,0,0,1,0,0,1,0,0.0
brownbo02,Bobby Brown,HOUSTON ROCKETS,AWAY,MEMPHIS GRIZZLIES,WIN,59,0,0,0,0,0,0,0,0,0,0,0,0,0,0.0
napiesh01,Shabazz Napier,PORTLAND TRAIL BLAZERS,AWAY,BOSTON CELTICS,WIN,2,0,0,0,0,0,0,0,0,0,0,0,0,0,0.0
niangge01,Georges Niang,INDIANA PACERS,AWAY,UTAH JAZZ,LOSS,40,0,0,0,0,0,0,0,0,0,0,0,0,0,0.0
beaslma01,Malik Beasley,DENVER NUGGETS,HOME,LOS ANGELES CLIPPERS,WIN,157,0,1,0,1,0,0,0,0,0,1,0,0,1,-0.1
cartemi01,Michael Carter-Williams,CHICAGO BULLS,HOME,SACRAMENTO KINGS,WIN,1190,1,6,0,1,0,0,1,6,2,0,0,1,3,-0.1
mcclesh01,Sheldon Mac,WASHINGTON WIZARDS,AWAY,DETROIT PISTONS,LOSS,275,0,1,0,0,0,0,0,2,0,0,0,0,0,-0.1
murraja01,Jamal Murray,DENVER NUGGETS,HOME,LOS ANGELES CLIPPERS,WIN,1161,2,7,1,3,0,0,0,1,3,0,0,3,1,-0.1
johnsjo02,Joe Johnson,UTAH JAZZ,HOME,INDIANA PACERS,WIN,1274,1,6,0,3,0,0,0,2,2,1,0,1,1,-0.2
oquinky01,Kyle O'Quinn,NEW YORK KNICKS,HOME,PHOENIX SUNS,LOSS,324,0,1,0,0,0,0,0,1,0,1,0,0,2,-0.2
brogdma01,Malcolm Brogdon,MILWAUKEE BUCKS,AWAY,MIAMI HEAT,LOSS,1820,1,10,0,2,2,2,0,2,2,1,0,0,2,-0.4
lylestr01,Trey Lyles,UTAH JAZZ,HOME,INDIANA PACERS,WIN,698,1,8,0,4,0,0,0,2,3,2,0,2,0,-0.5
vaughra01,Rashad Vaughn,MILWAUKEE BUCKS,AWAY,MIAMI HEAT,LOSS,646,0,1,0,1,0,0,0,0,0,1,0,0,2,-0.5
dinwisp01,Spencer Dinwiddie,BROOKLYN NETS,AWAY,CHARLOTTE HORNETS,LOSS,1409,0,4,0,1,0,0,1,4,2,0,0,0,3,-0.7
harklma01,Maurice Harkless,PORTLAND TRAIL BLAZERS,AWAY,BOSTON CELTICS,WIN,769,0,2,0,1,0,0,0,0,1,0,0,0,0,-0.7
bassbr01,Brandon Bass,LOS ANGELES CLIPPERS,AWAY,DENVER NUGGETS,LOSS,1089,2,6,0,0,0,0,0,3,0,0,1,2,3,-1.0
ennisty01,Tyler Ennis,HOUSTON ROCKETS,AWAY,MEMPHIS GRIZZLIES,WIN,59,0,0,0,0,0,0,0,0,0,0,0,1,0,-1.0
holmeri01,Richaun Holmes,PHILADELPHIA 76ERS,AWAY,ATLANTA HAWKS,LOSS,326,0,1,0,0,0,0,1,0,0,0,0,1,0,-1.0
ennisja01,James Ennis,MEMPHIS GRIZZLIES,HOME,HOUSTON ROCKETS,LOSS,1665,1,6,1,5,0,0,1,2,0,0,1,2,1,-1.2
jennibr01,Brandon Jennings,NEW YORK KNICKS,HOME,PHOENIX SUNS,LOSS,715,0,3,0,3,2,2,0,1,0,0,0,1,1,-1.2
mudiaem01,Emmanuel Mudiay,DENVER NUGGETS,HOME,LOS ANGELES CLIPPERS,WIN,997,0,8,0,3,3,4,1,1,3,0,0,1,1,-1.3
whiteok01,Okaro White,MIAMI HEAT,HOME,MILWAUKEE BUCKS,WIN,1133,0,2,0,0,0,0,0,3,0,1,0,1,2,-1.3
satorto01,Tomáš Satoranský,WASHINGTON WIZARDS,AWAY,DETROIT PISTONS,LOSS,353,0,0,0,0,0,0,0,0,0,0,0,1,1,-1.4
ulisty01,Tyler Ulis,PHOENIX SUNS,AWAY,NEW YORK KNICKS,WIN,312,0,2,0,0,0,0,1,1,0,0,0,1,0,-1.4
scottmi01,Mike Scott,ATLANTA HAWKS,HOME,PHILADELPHIA 76ERS,WIN,338,0,2,0,2,0,0,0,1,0,0,0,0,1,-1.5
jefferi01,Richard Jefferson,CLEVELAND CAVALIERS,HOME,SAN ANTONIO SPURS,LOSS,932,0,2,0,0,0,0,1,4,2,0,0,3,2,-1.9
saricda01,Dario Šarić,PHILADELPHIA 76ERS,AWAY,ATLANTA HAWKS,LOSS,906,1,10,1,5,0,0,0,3,1,2,0,2,0,-2.0
robingl02,Glenn Robinson,INDIANA PACERS,AWAY,UTAH JAZZ,LOSS,871,0,3,0,1,0,0,0,0,0,1,0,1,0,-2.1
netora01,Raul Neto,UTAH JAZZ,HOME,INDIANA PACERS,WIN,728,0,3,0,2,0,0,0,0,0,2,0,3,0,-3.1
bendedr01,Dragan Bender,PHOENIX SUNS,AWAY,NEW YORK KNICKS,WIN,623,0,2,0,2,0,0,0,1,0,0,0,1,4,-3.7
