slug,name,team,location,opponent,outcome,seconds_played,made_field_goals,attempted_field_goals,made_three_point_field_goals,attempted_three_point_field_goals,made_free_throws,attempted_free_throws,offensive_rebounds,defensive_rebounds,assists,steals,blocks,turnovers,personal_fouls,game_score
davisan02,Anthony Davis,NEW ORLEANS PELICANS,HOME,CLEVELAND CAVALIERS,WIN,2207,11,17,1,1,15,16,6,7,7,2,4,1,1,44.7
embiijo01,Joel Embiid,PHILADELPHIA 76ERS,AWAY,WASHINGTON WIZARDS,LOSS,2029,11,17,1,4,12,14,4,10,2,1,3,7,3,28.8
kuzmaky01,Kyle Kuzma,LOS ANGELES LAKERS,HOME,DETROIT PISTONS,WIN,1754,16,24,5,10,4,6,1,1,0,0,0,2,2,28.0
antetgi01,Giannis Antetokounmpo,MILWAUKEE BUCKS,AWAY,HOUSTON ROCKETS,WIN,2192,8,16,0,1,11,14,4,17,5,1,0,3,2,26.4
mitchdo01,Donovan Mitchell,UTAH JAZZ,HOME,ORLANDO MAGIC,WIN,2235,12,21,4,7,5,6,0,4,7,1,0,2,4,26.2
hardeja01,James Harden,HOUSTON ROCKETS,HOME,MILWAUKEE BUCKS,LOSS,2454,13,30,6,16,10,11,1,10,6,2,1,9,4,25.8
bealbr01,Bradley Beal,WASHINGTON WIZARDS,HOME,PHILADELPHIA 76ERS,WIN,2241,13,21,6,11,2,2,1,1,5,1,1,4,3,25.5
collijo01,John Collins,ATLANTA HAWKS,AWAY,BROOKLYN NETS,LOSS,2098,12,21,1,2,5,6,9,5,1,1,0,3,2,25.4
doncilu01,Luka Dončić,DALLAS MAVERICKS,HOME,PHOENIX SUNS,WIN,2153,8,14,4,9,10,16,0,5,5,3,0,4,1,24.6
gasolma01,Marc Gasol,MEMPHIS GRIZZLIES,HOME,SAN ANTONIO SPURS,WIN,2207,9,16,3,5,5,7,1,13,3,1,1,1,2,24.2
morrima03,Marcus Morris,BOSTON CELTICS,HOME,INDIANA PACERS,WIN,1405,6,8,3,3,7,7,2,6,2,0,0,0,1,23.0
cartewe01,Wendell Carter,CHICAGO BULLS,AWAY,PORTLAND TRAIL BLAZERS,LOSS,1714,7,9,1,1,7,7,2,4,1,0,0,0,2,21.0
mccolcj01,CJ McCollum,PORTLAND TRAIL BLAZERS,HOME,CHICAGO BULLS,WIN,1847,10,14,2,4,2,2,1,2,4,0,0,1,1,20.9
sabondo01,Domantas Sabonis,INDIANA PACERS,AWAY,BOSTON CELTICS,LOSS,1631,6,9,0,0,8,8,3,4,5,0,0,1,3,20.7
butleji01,Jimmy Butler,PHILADELPHIA 76ERS,AWAY,WASHINGTON WIZARDS,LOSS,2165,7,18,0,2,9,10,6,3,2,2,0,1,0,20.3
augusdj01,D.J. Augustin,ORLANDO MAGIC,AWAY,UTAH JAZZ,LOSS,1784,7,11,3,6,6,7,3,0,6,0,0,4,0,20.0
brownja02,Jaylen Brown,BOSTON CELTICS,HOME,INDIANA PACERS,WIN,1724,7,12,2,5,6,8,0,7,3,1,1,0,4,19.9
brogdma01,Malcolm Brogdon,MILWAUKEE BUCKS,AWAY,HOUSTON ROCKETS,WIN,2155,9,12,0,1,6,6,0,5,3,1,0,3,3,19.6
holmeri01,Richaun Holmes,PHOENIX SUNS,AWAY,DALLAS MAVERICKS,LOSS,1664,7,8,0,0,2,3,2,4,5,2,1,0,5,19.6
dellama01,Matthew Dellavedova,CLEVELAND CAVALIERS,AWAY,NEW ORLEANS PELICANS,LOSS,1224,6,8,3,5,2,2,1,3,7,0,0,1,2,18.5
holidjr01,Jrue Holiday,NEW ORLEANS PELICANS,HOME,CLEVELAND CAVALIERS,WIN,2165,8,13,0,3,2,2,1,6,5,3,0,2,3,17.9
porteot01,Otto Porter,WASHINGTON WIZARDS,HOME,PHILADELPHIA 76ERS,WIN,1996,8,15,1,3,6,6,1,5,0,3,0,2,4,17.3
randlju01,Julius Randle,NEW ORLEANS PELICANS,HOME,CLEVELAND CAVALIERS,WIN,1623,4,8,0,2,9,9,1,7,4,0,2,2,2,17.2
colliza01,Zach Collins,PORTLAND TRAIL BLAZERS,HOME,CHICAGO BULLS,WIN,1584,6,9,2,3,2,2,2,7,4,1,1,1,6,16.7
clarkjo01,Jordan Clarkson,CLEVELAND CAVALIERS,AWAY,NEW ORLEANS PELICANS,LOSS,1791,9,16,2,5,1,2,0,4,2,3,2,2,4,16.4
jacksfr01,Frank Jackson,NEW ORLEANS PELICANS,HOME,CLEVELAND CAVALIERS,WIN,1167,4,5,4,4,7,7,0,1,1,0,0,1,2,16.3
matthwe02,Wesley Matthews,DALLAS MAVERICKS,HOME,PHOENIX SUNS,WIN,1712,4,5,2,2,4,4,0,2,5,0,0,0,0,16.2
beaslmi01,Michael Beasley,LOS ANGELES LAKERS,HOME,DETROIT PISTONS,WIN,1126,9,13,1,2,0,0,0,2,4,0,2,2,2,15.5
lillada01,Damian Lillard,PORTLAND TRAIL BLAZERS,HOME,CHICAGO BULLS,WIN,2003,4,12,2,5,6,6,0,1,10,1,0,2,0,15.5
jacksjo02,Josh Jackson,PHOENIX SUNS,AWAY,DALLAS MAVERICKS,LOSS,1798,7,13,1,4,2,2,2,4,3,3,1,2,5,15.1
russeda01,D'Angelo Russell,BROOKLYN NETS,HOME,ATLANTA HAWKS,WIN,1530,11,20,1,4,0,0,0,3,4,1,0,3,1,14.7
barneha02,Harrison Barnes,DALLAS MAVERICKS,HOME,PHOENIX SUNS,WIN,2095,3,11,1,8,10,10,0,4,3,2,0,1,1,14.4
vucevni01,Nikola Vučević,ORLANDO MAGIC,AWAY,UTAH JAZZ,LOSS,1837,8,17,3,4,1,2,1,7,3,2,0,2,4,14.2
korkmfu01,Furkan Korkmaz,PHILADELPHIA 76ERS,AWAY,WASHINGTON WIZARDS,LOSS,1554,5,10,4,8,2,3,3,2,2,2,0,2,2,13.9
tatumja01,Jayson Tatum,BOSTON CELTICS,HOME,INDIANA PACERS,WIN,1515,9,15,2,5,0,0,0,4,0,1,0,1,1,13.9
gallola01,Langston Galloway,DETROIT PISTONS,AWAY,LOS ANGELES LAKERS,LOSS,871,5,7,5,6,0,0,0,3,1,0,0,0,0,13.7
klebima01,Maxi Kleber,DALLAS MAVERICKS,HOME,PHOENIX SUNS,WIN,2021,4,7,2,4,3,3,1,8,1,1,2,1,3,13.7
goberru01,Rudy Gobert,UTAH JAZZ,HOME,ORLANDO MAGIC,WIN,2165,4,8,0,0,4,4,2,12,2,1,1,1,4,13.5
burksal01,Alec Burks,CLEVELAND CAVALIERS,AWAY,NEW ORLEANS PELICANS,LOSS,1598,4,7,2,3,7,8,0,0,2,1,0,1,4,13.1
mahinia01,Ian Mahinmi,WASHINGTON WIZARDS,HOME,PHILADELPHIA 76ERS,WIN,1513,2,2,0,0,2,4,4,4,1,5,0,1,1,12.9
nurkiju01,Jusuf Nurkić,PORTLAND TRAIL BLAZERS,HOME,CHICAGO BULLS,WIN,1233,7,11,0,1,4,5,0,8,1,1,1,3,4,12.9
greenja01,JaMychal Green,MEMPHIS GRIZZLIES,HOME,SAN ANTONIO SPURS,WIN,1663,5,8,2,4,0,0,3,8,2,2,0,2,4,12.7
caldwke01,Kentavious Caldwell-Pope,LOS ANGELES LAKERS,HOME,DETROIT PISTONS,WIN,1576,6,10,1,4,2,2,0,6,4,0,0,2,1,12.6
capelca01,Clint Capela,HOUSTON ROCKETS,HOME,MILWAUKEE BUCKS,LOSS,2103,4,16,0,0,10,12,7,6,1,0,2,3,2,12.6
theisda01,Daniel Theis,BOSTON CELTICS,HOME,INDIANA PACERS,WIN,1066,4,7,0,2,4,4,3,3,1,0,2,0,3,12.6
middlkh01,Khris Middleton,MILWAUKEE BUCKS,AWAY,HOUSTON ROCKETS,WIN,2073,5,14,2,5,3,4,0,3,4,3,0,0,3,12.3
harrijo01,Joe Harris,BROOKLYN NETS,HOME,ATLANTA HAWKS,WIN,1829,6,12,4,7,0,0,3,6,2,0,1,3,2,12.2
payneca01,Cameron Payne,CLEVELAND CAVALIERS,AWAY,NEW ORLEANS PELICANS,LOSS,1337,6,8,3,5,1,2,0,0,2,0,0,1,2,12.0
roziete01,Terry Rozier,BOSTON CELTICS,HOME,INDIANA PACERS,WIN,1199,4,8,3,5,1,1,1,4,5,0,0,1,1,12.0
allenja01,Jarrett Allen,BROOKLYN NETS,HOME,ATLANTA HAWKS,WIN,1528,4,4,0,0,3,4,1,4,1,1,3,2,3,11.9
davised01,Ed Davis,BROOKLYN NETS,HOME,ATLANTA HAWKS,WIN,1352,2,6,0,0,4,7,8,8,1,1,0,0,3,11.9
dunnkr01,Kris Dunn,CHICAGO BULLS,AWAY,PORTLAND TRAIL BLAZERS,LOSS,1783,7,14,1,2,0,0,0,5,7,2,0,3,4,11.8
gordoaa01,Aaron Gordon,ORLANDO MAGIC,AWAY,UTAH JAZZ,LOSS,2163,7,17,2,6,2,3,1,9,3,0,0,1,3,11.8
jacksre01,Reggie Jackson,DETROIT PISTONS,AWAY,LOS ANGELES LAKERS,LOSS,1900,5,11,3,8,2,2,0,2,5,1,0,1,4,11.8
macksh01,Shelvin Mack,MEMPHIS GRIZZLIES,HOME,SAN ANTONIO SPURS,WIN,982,3,8,1,4,3,3,0,3,7,0,0,0,0,11.4
bryanth01,Thomas Bryant,WASHINGTON WIZARDS,HOME,PHILADELPHIA 76ERS,WIN,849,4,6,1,1,0,0,3,3,2,1,0,0,2,11.0
mcgeeja01,JaVale McGee,LOS ANGELES LAKERS,HOME,DETROIT PISTONS,WIN,1476,4,6,0,0,2,2,2,3,1,0,2,0,2,11.0
mirotni01,Nikola Mirotić,NEW ORLEANS PELICANS,HOME,CLEVELAND CAVALIERS,WIN,1310,6,11,4,7,1,3,1,3,1,0,0,1,3,11.0
zubaciv01,Ivica Zubac,LOS ANGELES LAKERS,HOME,DETROIT PISTONS,WIN,1404,4,8,0,0,3,4,3,6,1,1,0,0,3,11.0
brownst02,Sterling Brown,MILWAUKEE BUCKS,AWAY,HOUSTON ROCKETS,WIN,1276,5,12,3,8,0,0,1,2,4,1,0,0,2,10.9
haywago01,Gordon Hayward,BOSTON CELTICS,HOME,INDIANA PACERS,WIN,1323,5,7,2,2,2,3,0,5,4,1,0,4,3,10.8
inglejo01,Joe Ingles,UTAH JAZZ,HOME,ORLANDO MAGIC,WIN,2084,6,15,4,8,0,0,0,2,7,1,1,4,1,10.7
millspa02,Patty Mills,SAN ANTONIO SPURS,AWAY,MEMPHIS GRIZZLIES,LOSS,1837,5,11,3,7,0,0,0,3,3,2,0,1,2,10.5
simmobe01,Ben Simmons,PHILADELPHIA 76ERS,AWAY,WASHINGTON WIZARDS,LOSS,2087,7,15,0,0,1,4,3,7,8,2,0,7,1,10.5
balllo01,Lonzo Ball,LOS ANGELES LAKERS,HOME,DETROIT PISTONS,WIN,2080,2,6,1,4,0,0,0,5,11,2,1,2,3,10.3
oladivi01,Victor Oladipo,INDIANA PACERS,AWAY,BOSTON CELTICS,LOSS,1582,6,13,3,7,2,6,1,2,0,1,0,0,2,10.2
satorto01,Tomáš Satoranský,WASHINGTON WIZARDS,HOME,PHILADELPHIA 76ERS,WIN,1757,1,6,0,0,2,2,0,5,11,3,0,2,1,10.0
kennalu01,Luke Kennard,DETROIT PISTONS,AWAY,LOS ANGELES LAKERS,LOSS,1160,5,9,1,4,1,2,0,5,2,0,0,0,1,9.8
johnsst04,Stanley Johnson,DETROIT PISTONS,AWAY,LOS ANGELES LAKERS,LOSS,1077,4,7,1,3,0,0,0,0,2,3,0,0,1,9.7
riverau01,Austin Rivers,HOUSTON ROCKETS,HOME,MILWAUKEE BUCKS,LOSS,2356,4,8,3,7,2,2,1,3,2,0,1,1,5,9.7
youngtr01,Trae Young,ATLANTA HAWKS,AWAY,BROOKLYN NETS,LOSS,1739,6,15,2,9,3,3,0,2,7,2,0,6,2,9.6
carrode01,DeMarre Carroll,BROOKLYN NETS,HOME,ATLANTA HAWKS,WIN,1283,5,10,2,4,5,6,0,3,0,0,0,1,5,9.5
dekkesa01,Sam Dekker,WASHINGTON WIZARDS,HOME,PHILADELPHIA 76ERS,WIN,1125,4,6,2,2,1,4,0,2,1,1,0,0,0,9.5
stausni01,Nik Stauskas,PORTLAND TRAIL BLAZERS,HOME,CHICAGO BULLS,WIN,931,3,4,2,3,0,0,0,3,3,0,0,0,0,9.4
oquinky01,Kyle O'Quinn,INDIANA PACERS,AWAY,BOSTON CELTICS,LOSS,1249,5,7,1,1,0,0,2,3,3,0,0,2,3,9.3
greenge01,Gerald Green,HOUSTON ROCKETS,HOME,MILWAUKEE BUCKS,LOSS,1971,5,13,3,10,3,3,1,1,1,1,0,2,1,9.2
anderky01,Kyle Anderson,MEMPHIS GRIZZLIES,HOME,SAN ANTONIO SPURS,WIN,1999,3,7,0,1,3,4,1,2,2,1,3,0,4,9.1
conlemi01,Mike Conley,MEMPHIS GRIZZLIES,HOME,SAN ANTONIO SPURS,WIN,1898,6,19,0,6,3,4,0,2,6,1,0,0,1,9.1
napiesh01,Shabazz Napier,BROOKLYN NETS,HOME,ATLANTA HAWKS,WIN,1364,4,11,1,5,2,2,0,3,3,3,0,1,2,9.1
birchkh01,Khem Birch,ORLANDO MAGIC,AWAY,UTAH JAZZ,LOSS,1043,2,4,0,0,3,4,2,2,0,1,2,0,0,9.0
huertke01,Kevin Huerter,ATLANTA HAWKS,AWAY,BROOKLYN NETS,LOSS,2203,6,15,0,4,2,2,2,8,3,0,0,2,2,9.0
curryse01,Seth Curry,PORTLAND TRAIL BLAZERS,HOME,CHICAGO BULLS,WIN,1409,7,11,3,5,0,0,0,1,0,1,0,3,4,8.8
griffbl01,Blake Griffin,DETROIT PISTONS,AWAY,LOS ANGELES LAKERS,LOSS,2236,6,14,2,8,2,2,0,0,6,1,0,4,3,8.6
portibo01,Bobby Portis,CHICAGO BULLS,AWAY,PORTLAND TRAIL BLAZERS,LOSS,1136,6,12,3,6,0,0,3,3,0,0,0,3,1,8.6
ingrabr01,Brandon Ingram,LOS ANGELES LAKERS,HOME,DETROIT PISTONS,WIN,1770,4,10,0,0,2,4,3,6,6,0,0,3,1,8.5
aldrila01,LaMarcus Aldridge,SAN ANTONIO SPURS,AWAY,MEMPHIS GRIZZLIES,LOSS,1778,4,12,0,0,5,6,2,5,1,0,1,1,2,8.3
belinma01,Marco Belinelli,SAN ANTONIO SPURS,AWAY,MEMPHIS GRIZZLIES,LOSS,1744,5,11,3,6,1,2,0,3,1,0,0,0,3,8.3
tuckepj01,P.J. Tucker,HOUSTON ROCKETS,HOME,MILWAUKEE BUCKS,LOSS,2606,2,9,2,7,2,4,3,5,7,1,1,2,4,8.3
irvinky01,Kyrie Irving,BOSTON CELTICS,HOME,INDIANA PACERS,WIN,1439,5,9,1,2,1,1,1,1,2,1,0,3,0,8.1
warretj01,T.J. Warren,PHOENIX SUNS,AWAY,DALLAS MAVERICKS,LOSS,2338,7,20,2,6,4,7,1,6,1,0,0,2,2,8.0
dinwisp01,Spencer Dinwiddie,BROOKLYN NETS,HOME,ATLANTA HAWKS,WIN,1760,5,14,0,3,6,7,1,3,5,2,0,5,5,7.9
horfoal01,Al Horford,BOSTON CELTICS,HOME,INDIANA PACERS,WIN,1094,3,6,0,0,0,0,0,3,8,1,0,1,4,7.9
bullore01,Reggie Bullock,DETROIT PISTONS,AWAY,LOS ANGELES LAKERS,LOSS,1952,5,12,2,8,1,2,0,3,1,0,0,0,0,7.8
dedmode01,Dewayne Dedmon,ATLANTA HAWKS,AWAY,BROOKLYN NETS,LOSS,1620,3,7,2,4,0,0,2,4,1,0,4,1,4,7.8
evansty01,Tyreke Evans,INDIANA PACERS,AWAY,BOSTON CELTICS,LOSS,1337,6,16,2,6,1,3,0,3,5,0,0,2,0,7.8
kurucro01,Rodions Kurucs,BROOKLYN NETS,HOME,ATLANTA HAWKS,WIN,1742,5,9,1,2,0,0,2,2,2,1,1,2,5,7.8
markkla01,Lauri Markkanen,CHICAGO BULLS,AWAY,PORTLAND TRAIL BLAZERS,LOSS,1949,4,12,0,3,2,2,1,4,2,1,3,1,2,7.8
zizican01,Ante Žižić,CLEVELAND CAVALIERS,AWAY,NEW ORLEANS PELICANS,LOSS,1213,5,9,0,0,0,0,1,3,2,0,1,0,4,7.8
arizatr01,Trevor Ariza,WASHINGTON WIZARDS,HOME,PHILADELPHIA 76ERS,WIN,1857,7,17,0,4,3,3,2,3,1,2,0,4,3,7.7
aminual01,Al-Farouq Aminu,PORTLAND TRAIL BLAZERS,HOME,CHICAGO BULLS,WIN,1625,2,6,0,2,4,4,0,4,1,0,3,1,0,7.6
blakean01,Antonio Blakeney,CHICAGO BULLS,AWAY,PORTLAND TRAIL BLAZERS,LOSS,1193,5,10,0,1,2,2,0,1,1,0,0,0,1,7.6
gasolpa01,Pau Gasol,SAN ANTONIO SPURS,AWAY,MEMPHIS GRIZZLIES,LOSS,1196,2,5,0,0,3,4,1,11,1,0,0,1,0,7.6
linje01,Jeremy Lin,ATLANTA HAWKS,AWAY,BROOKLYN NETS,LOSS,1691,5,18,0,5,6,6,1,4,3,3,0,4,2,7.6
isaacjo01,Jonathan Isaac,ORLANDO MAGIC,AWAY,UTAH JAZZ,LOSS,1577,3,7,2,4,1,2,0,5,1,0,1,0,1,7.4
lenal01,Alex Len,ATLANTA HAWKS,AWAY,BROOKLYN NETS,LOSS,1156,2,7,0,1,6,6,2,2,0,0,1,0,3,7.4
leoname01,Meyers Leonard,PORTLAND TRAIL BLAZERS,HOME,CHICAGO BULLS,WIN,1137,4,4,0,0,0,0,0,6,1,1,1,2,4,7.4
forbebr01,Bryn Forbes,SAN ANTONIO SPURS,AWAY,MEMPHIS GRIZZLIES,LOSS,1950,5,14,3,8,1,1,0,4,1,0,0,1,1,6.7
korveky01,Kyle Korver,UTAH JAZZ,HOME,ORLANDO MAGIC,WIN,1422,4,12,3,7,0,0,1,6,2,0,0,1,1,6.7
rosste01,Terrence Ross,ORLANDO MAGIC,AWAY,UTAH JAZZ,LOSS,1733,5,13,3,7,0,0,0,5,0,1,0,1,2,6.6
collida01,Darren Collison,INDIANA PACERS,AWAY,BOSTON CELTICS,LOSS,1307,3,7,1,3,0,0,0,0,2,3,0,1,1,6.3
ilyaser01,Ersan İlyasova,MILWAUKEE BUCKS,AWAY,HOUSTON ROCKETS,WIN,999,4,8,2,2,0,0,2,5,0,0,0,1,4,6.3
williro04,Robert Williams,BOSTON CELTICS,HOME,INDIANA PACERS,WIN,720,3,3,0,0,0,0,1,2,1,0,2,1,3,6.3
bridgmi01,Mikal Bridges,PHOENIX SUNS,AWAY,DALLAS MAVERICKS,LOSS,1367,2,4,2,4,0,0,1,3,2,0,2,1,3,6.2
bledser01,Eric Bledsoe,MILWAUKEE BUCKS,AWAY,HOUSTON ROCKETS,WIN,1685,5,11,0,3,0,0,1,3,5,2,1,4,5,6.1
hillge01,George Hill,MILWAUKEE BUCKS,AWAY,HOUSTON ROCKETS,WIN,1427,3,7,0,2,0,0,1,1,3,1,0,0,1,6.0
okafoja01,Jahlil Okafor,NEW ORLEANS PELICANS,HOME,CLEVELAND CAVALIERS,WIN,696,3,6,0,0,0,0,1,1,1,1,1,0,1,6.0
drumman01,Andre Drummond,DETROIT PISTONS,AWAY,LOS ANGELES LAKERS,LOSS,1934,2,12,0,3,2,6,5,11,1,3,2,2,2,5.9
sextoco01,Collin Sexton,CLEVELAND CAVALIERS,AWAY,NEW ORLEANS PELICANS,LOSS,1496,2,12,1,4,8,8,1,2,4,0,0,2,4,5.9
blossja01,Jaron Blossomgame,CLEVELAND CAVALIERS,AWAY,NEW ORLEANS PELICANS,LOSS,304,3,3,0,0,0,0,1,0,0,0,0,0,0,5.8
thomptr01,Tristan Thompson,CLEVELAND CAVALIERS,AWAY,NEW ORLEANS PELICANS,LOSS,1731,2,9,0,0,2,2,4,6,5,0,0,2,2,5.8
lopezbr01,Brook Lopez,MILWAUKEE BUCKS,AWAY,HOUSTON ROCKETS,WIN,2007,3,7,1,4,0,0,0,3,1,2,4,2,5,5.7
oubreke01,Kelly Oubre,PHOENIX SUNS,AWAY,DALLAS MAVERICKS,LOSS,1955,6,14,0,4,2,4,0,1,1,2,1,3,2,5.7
youngth01,Thaddeus Young,INDIANA PACERS,AWAY,BOSTON CELTICS,LOSS,1582,4,10,0,0,2,2,4,4,1,0,0,2,4,5.7
bogdabo02,Bojan Bogdanović,INDIANA PACERS,AWAY,BOSTON CELTICS,LOSS,1450,3,9,1,4,0,2,1,2,3,1,0,0,0,5.5
crowdja01,Jae Crowder,UTAH JAZZ,HOME,ORLANDO MAGIC,WIN,2040,4,9,0,4,1,2,0,2,2,0,0,0,1,5.5
hutchch01,Chandler Hutchison,CHICAGO BULLS,AWAY,PORTLAND TRAIL BLAZERS,LOSS,1824,3,7,0,2,0,0,2,6,1,0,0,0,2,5.4
lopezro01,Robin Lopez,CHICAGO BULLS,AWAY,PORTLAND TRAIL BLAZERS,LOSS,398,2,3,0,0,0,0,1,1,1,1,0,0,0,5.4
meltode01,De'Anthony Melton,PHOENIX SUNS,AWAY,DALLAS MAVERICKS,LOSS,1490,2,5,0,0,0,0,0,3,6,2,2,2,6,5.4
jordade01,DeAndre Jordan,DALLAS MAVERICKS,HOME,PHOENIX SUNS,WIN,1899,4,8,0,0,3,6,2,5,1,0,2,4,4,5.2
favorde01,Derrick Favors,UTAH JAZZ,HOME,ORLANDO MAGIC,WIN,1255,4,5,0,1,0,0,0,3,1,1,0,2,4,5.1
leaftj01,T.J. Leaf,INDIANA PACERS,AWAY,BOSTON CELTICS,LOSS,1062,3,4,0,1,2,5,0,2,1,0,0,1,1,5.1
lavinza01,Zach LaVine,CHICAGO BULLS,AWAY,PORTLAND TRAIL BLAZERS,LOSS,2004,6,19,2,5,4,5,1,1,3,0,0,4,2,5.0
niangge01,Georges Niang,UTAH JAZZ,HOME,ORLANDO MAGIC,WIN,304,2,2,1,1,0,0,0,2,0,0,0,0,0,5.0
whitede01,Derrick White,SAN ANTONIO SPURS,AWAY,MEMPHIS GRIZZLIES,LOSS,942,4,7,1,2,3,5,0,2,2,0,0,3,5,4.9
brownbr01,Bruce Brown,DETROIT PISTONS,AWAY,LOS ANGELES LAKERS,LOSS,1420,4,7,0,2,0,0,1,0,2,0,0,1,3,4.6
fraziti01,Tim Frazier,NEW ORLEANS PELICANS,HOME,CLEVELAND CAVALIERS,WIN,936,3,5,1,2,0,0,0,3,2,0,0,2,1,4.6
grahatr01,Treveon Graham,BROOKLYN NETS,HOME,ATLANTA HAWKS,WIN,1071,1,7,1,3,0,0,3,2,2,1,2,0,1,4.6
harrish01,Shaquille Harrison,CHICAGO BULLS,AWAY,PORTLAND TRAIL BLAZERS,LOSS,891,2,5,1,1,1,1,0,1,3,1,0,1,3,4.5
paytoel01,Elfrid Payton,NEW ORLEANS PELICANS,HOME,CLEVELAND CAVALIERS,WIN,1689,3,9,0,2,0,0,0,3,9,1,0,3,4,4.5
jacksja02,Jaren Jackson,MEMPHIS GRIZZLIES,HOME,SAN ANTONIO SPURS,WIN,1088,5,9,2,5,0,0,0,2,0,0,1,3,4,4.4
netora01,Raul Neto,UTAH JAZZ,HOME,ORLANDO MAGIC,WIN,1834,4,11,0,5,2,2,0,3,3,1,0,2,4,4.3
turneev01,Evan Turner,PORTLAND TRAIL BLAZERS,HOME,CHICAGO BULLS,WIN,1249,1,5,0,0,0,0,2,4,4,1,1,1,2,4.2
jonesja04,Jalen Jones,CLEVELAND CAVALIERS,AWAY,NEW ORLEANS PELICANS,LOSS,1104,1,4,0,2,3,4,0,0,1,3,0,1,2,4.1
holidaa01,Aaron Holiday,INDIANA PACERS,AWAY,BOSTON CELTICS,LOSS,370,0,2,0,1,4,4,0,0,2,0,0,0,0,4.0
okoboel01,Elie Okobo,PHOENIX SUNS,AWAY,DALLAS MAVERICKS,LOSS,1390,4,10,2,5,0,0,0,4,3,0,0,2,5,3.9
randlch01,Chasson Randle,WASHINGTON WIZARDS,HOME,PHILADELPHIA 76ERS,WIN,1123,3,3,1,1,0,0,0,0,0,0,0,1,3,3.9
clarkga01,Gary Clark,HOUSTON ROCKETS,HOME,MILWAUKEE BUCKS,LOSS,328,1,1,1,1,0,0,0,1,1,0,0,0,0,3.7
onealro01,Royce O'Neale,UTAH JAZZ,HOME,ORLANDO MAGIC,WIN,1061,1,1,0,0,0,0,1,6,0,0,1,1,1,3.5
snellto01,Tony Snell,MILWAUKEE BUCKS,AWAY,HOUSTON ROCKETS,WIN,416,2,3,0,1,0,0,0,0,1,0,0,0,0,3.4
brunsja01,Jalen Brunson,DALLAS MAVERICKS,HOME,PHOENIX SUNS,WIN,885,3,6,1,2,0,0,0,0,1,0,0,1,1,3.3
greenje02,Jeff Green,WASHINGTON WIZARDS,HOME,PHILADELPHIA 76ERS,WIN,1474,3,8,2,5,0,0,0,5,3,0,1,3,4,3.3
ennisja01,James Ennis,HOUSTON ROCKETS,HOME,MILWAUKEE BUCKS,LOSS,649,1,1,1,1,0,0,0,1,0,0,0,0,0,3.0
osmande01,Cedi Osman,CLEVELAND CAVALIERS,AWAY,NEW ORLEANS PELICANS,LOSS,1972,3,9,2,5,2,2,1,3,1,0,0,3,3,3.0
wanambr01,Brad Wanamaker,BOSTON CELTICS,HOME,INDIANA PACERS,WIN,370,1,2,1,2,0,0,0,0,2,0,0,0,1,3.0
smartma01,Marcus Smart,BOSTON CELTICS,HOME,INDIANA PACERS,WIN,1335,1,3,0,2,0,0,0,2,3,1,1,1,2,2.9
finnedo01,Dorian Finney-Smith,DALLAS MAVERICKS,HOME,PHOENIX SUNS,WIN,1063,1,6,1,3,1,2,4,2,1,1,1,2,2,2.8
chandwi01,Wilson Chandler,PHILADELPHIA 76ERS,AWAY,WASHINGTON WIZARDS,LOSS,1534,2,7,1,4,0,0,0,1,3,1,0,0,4,2.7
seldewa01,Wayne Selden,CHICAGO BULLS,AWAY,PORTLAND TRAIL BLAZERS,LOSS,274,1,1,1,1,0,0,0,0,0,0,0,0,0,2.7
willike04,Kenrich Williams,NEW ORLEANS PELICANS,HOME,CLEVELAND CAVALIERS,WIN,418,1,2,0,1,2,2,1,0,0,0,0,1,0,2.7
cartevi01,Vince Carter,ATLANTA HAWKS,AWAY,BROOKLYN NETS,LOSS,886,1,4,1,3,0,0,1,1,0,1,1,0,2,2.5
josepco01,Cory Joseph,INDIANA PACERS,AWAY,BOSTON CELTICS,LOSS,1203,2,6,0,2,0,0,0,3,4,0,0,1,2,2.5
knighbr03,Brandon Knight,HOUSTON ROCKETS,HOME,MILWAUKEE BUCKS,LOSS,426,1,2,1,2,0,0,0,1,0,0,0,0,0,2.3
muscami01,Mike Muscala,PHILADELPHIA 76ERS,AWAY,WASHINGTON WIZARDS,LOSS,851,1,2,1,2,0,0,0,1,0,1,0,1,0,2.3
houseda01,Danuel House,HOUSTON ROCKETS,HOME,MILWAUKEE BUCKS,LOSS,1507,1,5,1,4,0,0,1,4,1,0,2,1,2,2.1
leuerjo01,Jon Leuer,DETROIT PISTONS,AWAY,LOS ANGELES LAKERS,LOSS,946,2,3,0,1,0,0,1,2,1,0,0,1,4,2.1
mcderdo01,Doug McDermott,INDIANA PACERS,AWAY,BOSTON CELTICS,LOSS,995,1,5,1,2,1,1,0,2,0,1,0,0,1,2.1
mccontj01,T.J. McConnell,PHILADELPHIA 76ERS,AWAY,WASHINGTON WIZARDS,LOSS,1458,1,5,0,0,0,0,1,0,5,1,0,1,3,1.9
poeltja01,Jakob Poeltl,SAN ANTONIO SPURS,AWAY,MEMPHIS GRIZZLIES,LOSS,819,0,0,0,0,1,2,1,2,1,0,1,1,1,1.9
stephla01,Lance Stephenson,LOS ANGELES LAKERS,HOME,DETROIT PISTONS,WIN,1302,0,1,0,1,0,0,0,2,2,1,0,0,1,1.9
holidju01,Justin Holiday,MEMPHIS GRIZZLIES,HOME,SAN ANTONIO SPURS,WIN,1237,3,8,0,3,0,0,0,3,0,0,1,1,1,1.8
poweldw01,Dwight Powell,DALLAS MAVERICKS,HOME,PHOENIX SUNS,WIN,981,1,2,0,0,0,2,1,3,2,0,0,1,1,1.8
milleda01,Darius Miller,NEW ORLEANS PELICANS,HOME,CLEVELAND CAVALIERS,WIN,2189,3,8,2,7,0,0,0,2,3,0,0,3,4,1.7
robinde01,Devin Robinson,WASHINGTON WIZARDS,HOME,PHILADELPHIA 76ERS,WIN,155,1,2,0,0,0,0,0,0,1,0,0,0,0,1.7
browntr01,Troy Brown,WASHINGTON WIZARDS,HOME,PHILADELPHIA 76ERS,WIN,155,1,1,0,0,0,0,0,0,1,0,0,1,0,1.4
derozde01,DeMar DeRozan,SAN ANTONIO SPURS,AWAY,MEMPHIS GRIZZLIES,LOSS,1886,4,15,0,0,1,3,2,3,4,1,0,4,0,1.4
bertada01,Dāvis Bertāns,SAN ANTONIO SPURS,AWAY,MEMPHIS GRIZZLIES,LOSS,1084,1,3,1,3,0,0,1,5,0,0,0,1,3,1.3
noahjo01,Joakim Noah,MEMPHIS GRIZZLIES,HOME,SAN ANTONIO SPURS,WIN,673,0,4,0,0,0,0,1,3,2,0,2,0,1,1.2
fryech01,Channing Frye,CLEVELAND CAVALIERS,AWAY,NEW ORLEANS PELICANS,LOSS,630,1,3,1,1,0,0,0,1,1,0,0,0,3,1.1
arcidry01,Ryan Arcidiacono,CHICAGO BULLS,AWAY,PORTLAND TRAIL BLAZERS,LOSS,960,0,1,0,0,0,0,0,0,3,0,0,0,1,1.0
casspom01,Omri Casspi,MEMPHIS GRIZZLIES,HOME,SAN ANTONIO SPURS,WIN,1010,2,5,0,1,0,2,2,3,0,0,0,1,2,1.0
hartjo01,Josh Hart,LOS ANGELES LAKERS,HOME,DETROIT PISTONS,WIN,1578,1,3,0,1,0,0,0,7,1,0,1,2,2,1.0
mykhasv01,Sviatoslav Mykhailiuk,LOS ANGELES LAKERS,HOME,DETROIT PISTONS,WIN,167,0,0,0,0,0,0,0,0,0,1,0,0,0,1.0
feliccr01,Cristiano Felício,CHICAGO BULLS,AWAY,PORTLAND TRAIL BLAZERS,LOSS,274,0,0,0,0,1,2,0,1,0,0,0,0,0,0.9
ojelese01,Semi Ojeleye,BOSTON CELTICS,HOME,INDIANA PACERS,WIN,840,1,5,0,3,0,0,0,1,1,1,0,0,0,0.9
aytonde01,Deandre Ayton,PHOENIX SUNS,AWAY,DALLAS MAVERICKS,LOSS,1216,1,7,0,0,4,4,1,4,1,1,1,3,5,0.8
cunnida01,Dante Cunningham,SAN ANTONIO SPURS,AWAY,MEMPHIS GRIZZLIES,LOSS,546,0,4,0,1,0,0,1,6,0,1,0,0,0,0.7
simonan01,Anfernee Simons,PORTLAND TRAIL BLAZERS,HOME,CHICAGO BULLS,WIN,181,2,3,0,1,0,0,0,0,0,0,0,2,0,0.7
caldejo01,José Calderón,DETROIT PISTONS,AWAY,LOS ANGELES LAKERS,LOSS,756,1,3,0,1,0,0,0,0,1,0,0,0,1,0.6
laymaja01,Jake Layman,PORTLAND TRAIL BLAZERS,HOME,CHICAGO BULLS,WIN,1020,1,4,0,2,0,0,1,1,0,0,0,0,0,0.6
trentga02,Gary Trent,PORTLAND TRAIL BLAZERS,HOME,CHICAGO BULLS,WIN,181,0,0,0,0,1,2,0,0,0,0,0,0,0,0.6
johnsal02,Alize Johnson,INDIANA PACERS,AWAY,BOSTON CELTICS,LOSS,370,0,2,0,0,1,2,1,2,0,0,0,0,0,0.5
iwundwe01,Wesley Iwundu,ORLANDO MAGIC,AWAY,UTAH JAZZ,LOSS,956,0,2,0,1,0,0,0,2,1,1,1,1,1,0.2
yabusgu01,Guerschon Yabusele,BOSTON CELTICS,HOME,INDIANA PACERS,WIN,370,1,3,0,1,0,0,1,1,0,0,1,1,2,0.2
makerth01,Thon Maker,MILWAUKEE BUCKS,AWAY,HOUSTON ROCKETS,WIN,170,0,1,0,0,0,0,1,0,0,0,0,0,0,0.0
mcraejo01,Jordan McRae,WASHINGTON WIZARDS,HOME,PHILADELPHIA 76ERS,WIN,155,0,0,0,0,0,0,0,0,0,0,0,0,0,0.0
acyqu01,Quincy Acy,PHOENIX SUNS,AWAY,DALLAS MAVERICKS,LOSS,542,0,0,0,0,0,0,0,1,0,0,0,0,1,-0.1
briscis01,Isaiah Briscoe,ORLANDO MAGIC,AWAY,UTAH JAZZ,LOSS,1096,1,4,0,1,0,0,0,4,3,0,0,1,5,-0.1
dudleja01,Jared Dudley,BROOKLYN NETS,HOME,ATLANTA HAWKS,WIN,941,0,2,0,2,0,0,0,2,1,0,2,1,1,-0.1
miltosh01,Shake Milton,PHILADELPHIA 76ERS,AWAY,WASHINGTON WIZARDS,LOSS,590,1,4,0,2,0,0,0,2,1,0,0,1,0,-0.1
pondequ01,Quincy Pondexter,SAN ANTONIO SPURS,AWAY,MEMPHIS GRIZZLIES,LOSS,353,0,0,0,0,0,0,0,0,0,0,0,0,1,-0.4
robingl02,Glenn Robinson,DETROIT PISTONS,AWAY,LOS ANGELES LAKERS,LOSS,148,0,1,0,0,0,0,0,0,1,0,0,0,1,-0.4
eubandr01,Drew Eubanks,SAN ANTONIO SPURS,AWAY,MEMPHIS GRIZZLIES,LOSS,265,0,1,0,0,0,0,0,1,0,0,0,0,1,-0.8
danietr01,Troy Daniels,PHOENIX SUNS,AWAY,DALLAS MAVERICKS,LOSS,640,0,3,0,2,1,1,0,0,0,0,0,0,0,-1.1
templga01,Garrett Temple,MEMPHIS GRIZZLIES,HOME,SAN ANTONIO SPURS,WIN,1643,1,6,0,4,0,0,1,4,0,1,0,1,3,-1.1
boldejo01,Jonah Bolden,PHILADELPHIA 76ERS,AWAY,WASHINGTON WIZARDS,LOSS,681,0,1,0,1,0,0,0,1,0,2,0,2,2,-1.2
dorsety01,Tyler Dorsey,ATLANTA HAWKS,AWAY,BROOKLYN NETS,LOSS,522,0,3,0,2,0,0,1,2,0,0,0,0,1,-1.2
wagnemo01,Moritz Wagner,LOS ANGELES LAKERS,HOME,DETROIT PISTONS,WIN,167,0,1,0,1,0,0,0,0,0,0,0,1,0,-1.7
sumneed01,Edmond Sumner,INDIANA PACERS,AWAY,BOSTON CELTICS,LOSS,262,0,1,0,1,0,0,0,0,0,0,0,1,1,-2.1
hamilda02,Daniel Hamilton,ATLANTA HAWKS,AWAY,BROOKLYN NETS,LOSS,742,1,3,0,2,0,0,0,4,0,0,0,3,2,-2.3
bareajo01,J.J. Barea,DALLAS MAVERICKS,HOME,PHOENIX SUNS,WIN,1080,2,9,1,4,1,2,0,4,2,0,0,4,3,-2.5
harride01,Devin Harris,DALLAS MAVERICKS,HOME,PHOENIX SUNS,WIN,511,0,2,0,2,0,0,0,1,0,0,0,1,1,-2.5
shamela01,Landry Shamet,PHILADELPHIA 76ERS,AWAY,WASHINGTON WIZARDS,LOSS,1451,2,7,1,4,0,0,0,2,0,0,0,2,5,-2.5
bembrde01,DeAndre' Bembry,ATLANTA HAWKS,AWAY,BROOKLYN NETS,LOSS,1743,0,6,0,3,0,2,0,2,2,1,0,0,4,-3.6
fournev01,Evan Fournier,ORLANDO MAGIC,AWAY,UTAH JAZZ,LOSS,2211,0,8,0,4,1,2,0,0,0,1,0,1,4,-6.6
