slug,name,team,location,opponent,outcome,seconds_played,made_field_goals,attempted_field_goals,made_three_point_field_goals,attempted_three_point_field_goals,made_free_throws,attempted_free_throws,offensive_rebounds,defensive_rebounds,assists,steals,blocks,turnovers,personal_fouls,game_score
irvinky01,Kyrie Irving,BOSTON CELTICS,HOME,CHARLOTTE HORNETS,WIN,1475,13,18,4,6,4,4,1,3,5,1,0,1,1,31.3
porteot01,Otto Porter,WASHINGTON WIZARDS,HOME,GOLDEN STATE WARRIORS,LOSS,1925,10,17,4,6,5,5,3,7,2,2,0,1,2,26.9
jacksjo02,Josh Jackson,PHOENIX SUNS,AWAY,MEMPHIS GRIZZLIES,WIN,2419,9,16,1,1,10,13,1,6,4,2,2,3,2,25.1
capelca01,Clint Capela,HOUSTON ROCKETS,AWAY,LOS ANGELES CLIPPERS,WIN,1994,9,14,0,0,4,4,8,6,0,2,0,0,2,24.4
duranke01,Kevin Durant,GOLDEN STATE WARRIORS,AWAY,WASHINGTON WIZARDS,WIN,2249,12,20,3,6,5,6,0,6,4,0,0,3,3,22.8
bookede01,Devin Booker,PHOENIX SUNS,AWAY,MEMPHIS GRIZZLIES,WIN,2341,12,29,1,6,9,10,2,4,1,3,0,2,4,20.8
davisan02,Anthony Davis,NEW ORLEANS PELICANS,AWAY,SAN ANTONIO SPURS,WIN,2221,9,19,0,0,8,8,5,10,1,2,0,4,2,20.7
hardeja01,James Harden,HOUSTON ROCKETS,AWAY,LOS ANGELES CLIPPERS,WIN,1993,7,14,3,10,8,9,0,3,7,2,1,4,4,20.5
barneha02,Harrison Barnes,DALLAS MAVERICKS,HOME,OKLAHOMA CITY THUNDER,LOSS,2330,9,16,3,4,5,5,2,3,5,2,0,5,2,20.4
harrian01,Andrew Harrison,MEMPHIS GRIZZLIES,HOME,PHOENIX SUNS,LOSS,2255,5,11,3,5,7,8,1,4,7,2,1,2,3,20.2
walkeke02,Kemba Walker,CHARLOTTE HORNETS,AWAY,BOSTON CELTICS,LOSS,1486,9,13,4,6,1,2,0,0,5,0,0,0,1,20.2
westbru01,Russell Westbrook,OKLAHOMA CITY THUNDER,AWAY,DALLAS MAVERICKS,WIN,2496,11,25,0,5,8,9,3,8,7,3,1,9,3,19.4
poweldw01,Dwight Powell,DALLAS MAVERICKS,HOME,OKLAHOMA CITY THUNDER,LOSS,2230,10,13,0,0,1,6,2,6,3,3,0,2,3,19.0
johnsst04,Stanley Johnson,DETROIT PISTONS,HOME,MILWAUKEE BUCKS,WIN,1788,6,11,1,4,6,6,1,5,4,1,0,0,2,18.9
poeltja01,Jakob Poeltl,TORONTO RAPTORS,AWAY,ORLANDO MAGIC,WIN,1705,5,7,0,0,3,3,2,6,5,2,3,1,3,18.7
iguodan01,Andre Iguodala,GOLDEN STATE WARRIORS,AWAY,WASHINGTON WIZARDS,WIN,1796,4,5,0,1,6,6,1,6,2,1,3,0,3,17.9
bledser01,Eric Bledsoe,MILWAUKEE BUCKS,AWAY,DETROIT PISTONS,LOSS,1773,5,10,2,4,7,8,1,5,4,1,0,1,2,17.8
greendr01,Draymond Green,GOLDEN STATE WARRIORS,AWAY,WASHINGTON WIZARDS,WIN,2235,5,6,0,1,1,2,0,6,11,2,2,2,4,17.7
lowryky01,Kyle Lowry,TORONTO RAPTORS,AWAY,ORLANDO MAGIC,WIN,2002,6,11,4,8,1,5,0,7,11,0,1,2,3,17.4
siakapa01,Pascal Siakam,TORONTO RAPTORS,AWAY,ORLANDO MAGIC,WIN,1517,7,9,0,1,0,0,1,5,4,2,1,0,2,17.4
drumman01,Andre Drummond,DETROIT PISTONS,HOME,MILWAUKEE BUCKS,WIN,1592,6,12,0,1,3,5,10,6,1,2,0,1,4,17.1
derozde01,DeMar DeRozan,TORONTO RAPTORS,AWAY,ORLANDO MAGIC,WIN,2057,6,13,0,3,9,11,0,3,4,1,0,1,2,16.4
holidjr01,Jrue Holiday,NEW ORLEANS PELICANS,AWAY,SAN ANTONIO SPURS,WIN,2189,11,18,2,5,1,3,0,4,3,0,1,2,4,16.4
oladivi01,Victor Oladipo,INDIANA PACERS,AWAY,ATLANTA HAWKS,LOSS,2280,9,25,1,9,3,5,3,2,5,6,1,3,2,16.4
gayru01,Rudy Gay,SAN ANTONIO SPURS,HOME,NEW ORLEANS PELICANS,LOSS,1451,7,15,2,6,3,4,1,4,4,1,3,2,1,16.3
brownja02,Jaylen Brown,BOSTON CELTICS,HOME,CHARLOTTE HORNETS,WIN,1381,4,7,0,1,7,7,0,5,4,1,0,0,2,16.2
rondora01,Rajon Rondo,NEW ORLEANS PELICANS,AWAY,SAN ANTONIO SPURS,WIN,1943,6,14,1,4,0,1,2,6,12,1,0,1,2,16.0
bogdabo02,Bojan Bogdanović,INDIANA PACERS,AWAY,ATLANTA HAWKS,LOSS,2113,10,17,5,9,1,1,0,3,2,0,1,4,3,15.9
cartemi01,Michael Carter-Williams,CHARLOTTE HORNETS,AWAY,BOSTON CELTICS,LOSS,1132,5,5,0,0,4,5,1,1,2,1,3,2,0,15.6
harremo01,Montrezl Harrell,LOS ANGELES CLIPPERS,HOME,HOUSTON ROCKETS,LOSS,1732,9,14,0,0,4,6,2,2,2,1,1,3,4,15.5
murrade01,Dejounte Murray,SAN ANTONIO SPURS,HOME,NEW ORLEANS PELICANS,LOSS,1844,8,15,1,1,1,1,0,9,5,1,1,2,3,15.4
georgpa01,Paul George,OKLAHOMA CITY THUNDER,AWAY,DALLAS MAVERICKS,WIN,2523,8,18,2,6,5,6,2,9,6,1,0,6,3,15.3
collijo01,John Collins,ATLANTA HAWKS,HOME,INDIANA PACERS,WIN,1607,7,9,0,0,2,3,4,3,2,0,2,2,4,15.0
howardw01,Dwight Howard,CHARLOTTE HORNETS,AWAY,BOSTON CELTICS,LOSS,1568,10,15,0,0,1,3,2,1,0,1,1,1,3,14.9
martija01,Jarell Martin,MEMPHIS GRIZZLIES,HOME,PHOENIX SUNS,LOSS,2214,5,10,3,4,3,4,1,5,5,1,1,2,3,14.8
hezonma01,Mario Hezonja,ORLANDO MAGIC,HOME,TORONTO RAPTORS,LOSS,1152,5,7,3,3,4,5,0,2,1,2,0,2,1,14.6
curryst01,Stephen Curry,GOLDEN STATE WARRIORS,AWAY,WASHINGTON WIZARDS,WIN,2107,5,15,4,9,11,12,0,5,3,2,0,6,3,14.5
harrito02,Tobias Harris,LOS ANGELES CLIPPERS,HOME,HOUSTON ROCKETS,LOSS,2157,9,16,3,6,3,3,0,4,1,3,0,6,2,14.5
morrima02,Markieff Morris,WASHINGTON WIZARDS,HOME,GOLDEN STATE WARRIORS,LOSS,2172,6,12,2,4,2,2,2,7,4,0,1,1,4,14.4
baynear01,Aron Baynes,BOSTON CELTICS,HOME,CHARLOTTE HORNETS,WIN,1304,6,7,0,0,0,0,0,10,3,0,2,1,3,13.8
dedmode01,Dewayne Dedmon,ATLANTA HAWKS,HOME,INDIANA PACERS,WIN,1741,6,8,3,3,0,1,1,8,1,2,4,5,3,13.8
gordoaa01,Aaron Gordon,ORLANDO MAGIC,HOME,TORONTO RAPTORS,LOSS,1873,4,9,1,6,2,5,2,8,3,2,1,0,0,13.7
gasolma01,Marc Gasol,MEMPHIS GRIZZLIES,HOME,PHOENIX SUNS,LOSS,2114,7,21,2,7,6,7,0,13,2,1,4,4,3,13.6
morrima03,Marcus Morris,BOSTON CELTICS,HOME,CHARLOTTE HORNETS,WIN,1309,7,12,1,2,0,0,1,7,2,0,0,0,0,13.6
lauvejo01,Joffrey Lauvergne,SAN ANTONIO SPURS,HOME,NEW ORLEANS PELICANS,LOSS,1141,6,9,0,0,2,2,4,3,1,0,1,1,2,13.4
kaminfr01,Frank Kaminsky,CHARLOTTE HORNETS,AWAY,BOSTON CELTICS,LOSS,1476,5,10,0,3,6,6,0,3,2,0,0,0,0,13.3
moreler01,Eric Moreland,DETROIT PISTONS,HOME,MILWAUKEE BUCKS,WIN,1288,5,8,0,0,0,3,5,7,6,0,0,1,3,12.8
gordoer01,Eric Gordon,HOUSTON ROCKETS,AWAY,LOS ANGELES CLIPPERS,WIN,1686,7,18,5,14,3,4,0,2,0,0,1,0,1,12.7
youngth01,Thaddeus Young,INDIANA PACERS,AWAY,ATLANTA HAWKS,LOSS,1619,5,11,1,3,0,0,2,3,3,3,2,1,1,12.7
harrish01,Shaquille Harrison,PHOENIX SUNS,AWAY,MEMPHIS GRIZZLIES,WIN,1074,2,4,1,1,2,2,1,4,2,4,1,0,1,12.6
schrode01,Dennis Schröder,ATLANTA HAWKS,HOME,INDIANA PACERS,WIN,1927,4,13,1,4,5,6,0,3,5,5,0,3,1,12.1
simmojo02,Jonathon Simmons,ORLANDO MAGIC,HOME,TORONTO RAPTORS,LOSS,1690,5,8,1,1,2,4,1,3,3,1,0,0,3,12.1
bullore01,Reggie Bullock,DETROIT PISTONS,HOME,MILWAUKEE BUCKS,WIN,1527,7,14,2,4,0,0,0,2,3,1,0,0,2,11.9
taylois01,Isaiah Taylor,ATLANTA HAWKS,HOME,INDIANA PACERS,WIN,953,3,4,1,1,6,7,0,1,2,1,1,1,4,11.8
princta02,Taurean Prince,ATLANTA HAWKS,HOME,INDIANA PACERS,WIN,2079,5,13,3,5,2,2,0,7,3,2,1,2,3,11.6
adamsst01,Steven Adams,OKLAHOMA CITY THUNDER,AWAY,DALLAS MAVERICKS,WIN,2309,4,4,0,0,1,1,9,3,2,0,1,4,4,11.5
nowitdi01,Dirk Nowitzki,DALLAS MAVERICKS,HOME,OKLAHOMA CITY THUNDER,LOSS,1425,5,9,2,4,0,0,0,5,4,1,0,0,4,11.4
batumni01,Nicolas Batum,CHARLOTTE HORNETS,AWAY,BOSTON CELTICS,LOSS,1744,3,11,1,5,0,0,0,5,10,2,1,0,1,11.3
monrogr01,Greg Monroe,BOSTON CELTICS,HOME,CHARLOTTE HORNETS,WIN,1249,6,9,0,0,2,2,0,4,2,0,1,1,3,11.2
smartma01,Marcus Smart,BOSTON CELTICS,HOME,CHARLOTTE HORNETS,WIN,1257,4,5,2,2,0,0,0,2,6,1,0,2,2,11.1
biyombi01,Bismack Biyombo,ORLANDO MAGIC,HOME,TORONTO RAPTORS,LOSS,1079,2,3,0,0,2,4,3,8,3,1,1,0,3,11.0
mooreet01,E'Twaun Moore,NEW ORLEANS PELICANS,AWAY,SAN ANTONIO SPURS,WIN,2279,7,15,1,4,2,2,3,1,1,0,0,1,1,11.0
sabondo01,Domantas Sabonis,INDIANA PACERS,AWAY,ATLANTA HAWKS,LOSS,2026,4,7,0,1,6,8,4,8,3,0,0,5,3,11.0
arizatr01,Trevor Ariza,HOUSTON ROCKETS,AWAY,LOS ANGELES CLIPPERS,WIN,1973,4,8,3,6,0,0,1,2,2,2,0,0,2,10.9
buyckdw01,Dwight Buycks,DETROIT PISTONS,HOME,MILWAUKEE BUCKS,WIN,1456,3,12,0,2,6,6,1,0,4,4,0,1,1,10.9
meeksjo01,Jodie Meeks,WASHINGTON WIZARDS,HOME,GOLDEN STATE WARRIORS,LOSS,977,3,6,0,2,2,3,2,5,2,2,1,0,2,10.8
paytoel01,Elfrid Payton,PHOENIX SUNS,AWAY,MEMPHIS GRIZZLIES,WIN,2345,7,12,1,3,4,7,1,9,4,0,0,6,4,10.8
grantje01,Jerami Grant,OKLAHOMA CITY THUNDER,AWAY,DALLAS MAVERICKS,WIN,929,4,7,1,2,3,3,3,2,0,0,0,0,2,10.6
middlkh01,Khris Middleton,MILWAUKEE BUCKS,AWAY,DETROIT PISTONS,LOSS,1804,3,10,1,3,10,10,0,1,1,2,0,2,4,10.6
milleda01,Darius Miller,NEW ORLEANS PELICANS,AWAY,SAN ANTONIO SPURS,WIN,1965,4,8,3,5,0,0,0,3,3,1,0,0,1,10.6
muscami01,Mike Muscala,ATLANTA HAWKS,HOME,INDIANA PACERS,WIN,1223,5,14,0,5,2,2,6,2,1,1,1,0,2,10.6
thompkl01,Klay Thompson,GOLDEN STATE WARRIORS,AWAY,WASHINGTON WIZARDS,WIN,2204,5,11,3,6,0,0,1,2,0,2,0,0,0,10.6
bareajo01,J.J. Barea,DALLAS MAVERICKS,HOME,OKLAHOMA CITY THUNDER,LOSS,1534,5,10,2,7,0,0,0,2,7,0,0,2,1,10.1
smithde03,Dennis Smith,DALLAS MAVERICKS,HOME,OKLAHOMA CITY THUNDER,LOSS,2390,6,18,2,7,3,4,0,2,6,1,0,1,3,10.0
teodomi01,Miloš Teodosić,LOS ANGELES CLIPPERS,HOME,HOUSTON ROCKETS,LOSS,1674,5,10,3,6,0,0,0,6,4,0,0,2,2,9.8
satorto01,Tomáš Satoranský,WASHINGTON WIZARDS,HOME,GOLDEN STATE WARRIORS,LOSS,1993,5,8,1,2,0,0,3,3,3,0,0,2,2,9.7
vanvlfr01,Fred VanVleet,TORONTO RAPTORS,AWAY,ORLANDO MAGIC,WIN,1596,4,9,3,4,1,2,0,3,3,2,0,2,1,9.5
stephla01,Lance Stephenson,INDIANA PACERS,AWAY,ATLANTA HAWKS,LOSS,1802,7,14,1,4,3,4,0,6,2,1,0,5,1,9.4
bertada01,Dāvis Bertāns,SAN ANTONIO SPURS,HOME,NEW ORLEANS PELICANS,LOSS,1016,2,3,2,2,1,3,1,2,3,1,1,0,2,9.2
roziete01,Terry Rozier,BOSTON CELTICS,HOME,CHARLOTTE HORNETS,WIN,1487,6,11,2,5,0,0,0,2,3,0,0,1,3,9.2
vucevni01,Nikola Vučević,ORLANDO MAGIC,HOME,TORONTO RAPTORS,LOSS,1755,7,13,0,3,0,0,2,4,3,0,0,2,3,9.2
clarkia01,Ian Clark,NEW ORLEANS PELICANS,AWAY,SAN ANTONIO SPURS,WIN,1310,5,10,0,3,0,0,1,3,4,1,0,1,1,9.0
ginobma01,Manu Ginóbili,SAN ANTONIO SPURS,HOME,NEW ORLEANS PELICANS,LOSS,1180,7,13,1,4,2,2,0,2,3,1,1,5,3,8.9
fournev01,Evan Fournier,ORLANDO MAGIC,HOME,TORONTO RAPTORS,LOSS,1839,6,15,3,8,2,3,0,2,4,0,0,2,3,8.7
augusdj01,D.J. Augustin,ORLANDO MAGIC,HOME,TORONTO RAPTORS,LOSS,1755,4,10,3,5,0,0,0,4,6,0,0,2,1,8.6
gallola01,Langston Galloway,DETROIT PISTONS,HOME,MILWAUKEE BUCKS,WIN,1353,5,9,3,6,0,0,1,2,0,0,0,1,1,8.6
willilo02,Lou Williams,LOS ANGELES CLIPPERS,HOME,HOUSTON ROCKETS,LOSS,2101,4,11,1,3,4,6,0,1,3,1,0,1,0,8.5
lenal01,Alex Len,PHOENIX SUNS,AWAY,MEMPHIS GRIZZLIES,WIN,1492,3,5,0,0,0,0,2,9,4,0,0,1,3,8.4
danietr01,Troy Daniels,PHOENIX SUNS,AWAY,MEMPHIS GRIZZLIES,WIN,1695,2,6,1,5,3,4,0,1,3,2,0,0,1,8.2
greenja01,JaMychal Green,MEMPHIS GRIZZLIES,HOME,PHOENIX SUNS,LOSS,2165,4,14,1,4,3,5,7,5,1,0,2,3,1,8.1
mirotni01,Nikola Mirotić,NEW ORLEANS PELICANS,AWAY,SAN ANTONIO SPURS,WIN,1197,5,9,2,5,1,1,0,2,1,1,0,2,3,7.8
griffbl01,Blake Griffin,DETROIT PISTONS,HOME,MILWAUKEE BUCKS,WIN,1500,3,10,0,4,2,2,2,7,7,0,0,3,0,7.6
millspa02,Patty Mills,SAN ANTONIO SPURS,HOME,NEW ORLEANS PELICANS,LOSS,2199,4,10,1,6,2,2,0,3,2,0,1,1,0,7.6
oubreke01,Kelly Oubre,WASHINGTON WIZARDS,HOME,GOLDEN STATE WARRIORS,LOSS,2067,4,16,2,8,7,9,2,2,3,0,1,2,5,7.4
anderky01,Kyle Anderson,SAN ANTONIO SPURS,HOME,NEW ORLEANS PELICANS,LOSS,1674,2,6,0,0,0,0,4,4,2,1,1,0,1,7.3
kilpase01,Sean Kilpatrick,MILWAUKEE BUCKS,AWAY,DETROIT PISTONS,LOSS,1560,3,8,2,4,1,2,0,3,0,2,0,0,0,7.1
jordade01,DeAndre Jordan,LOS ANGELES CLIPPERS,HOME,HOUSTON ROCKETS,LOSS,1779,2,4,0,0,0,0,2,14,1,0,1,2,0,7.0
hensojo01,John Henson,MILWAUKEE BUCKS,AWAY,DETROIT PISTONS,LOSS,1505,3,5,0,0,0,0,1,3,2,0,2,0,3,6.9
macksh01,Shelvin Mack,ORLANDO MAGIC,HOME,TORONTO RAPTORS,LOSS,1246,5,10,1,3,1,2,0,2,4,2,0,4,3,6.8
greenda02,Danny Green,SAN ANTONIO SPURS,HOME,NEW ORLEANS PELICANS,LOSS,1623,3,8,2,5,0,0,0,5,0,2,0,0,1,6.7
parketo01,Tony Parker,SAN ANTONIO SPURS,HOME,NEW ORLEANS PELICANS,LOSS,1015,5,9,0,1,0,0,1,0,1,0,0,0,1,6.7
valanjo01,Jonas Valančiūnas,TORONTO RAPTORS,AWAY,ORLANDO MAGIC,WIN,1175,4,6,1,2,1,2,0,5,1,0,1,2,3,6.7
chalmma01,Mario Chalmers,MEMPHIS GRIZZLIES,HOME,PHOENIX SUNS,LOSS,1097,2,6,1,3,4,4,0,1,4,1,0,1,6,6.3
anunoog01,OG Anunoby,TORONTO RAPTORS,AWAY,ORLANDO MAGIC,WIN,622,3,3,1,1,0,1,0,2,1,0,0,1,0,6.0
feltora01,Raymond Felton,OKLAHOMA CITY THUNDER,AWAY,DALLAS MAVERICKS,WIN,1389,4,9,2,3,0,0,1,4,2,0,0,1,4,6.0
matthwe02,Wesley Matthews,DALLAS MAVERICKS,HOME,OKLAHOMA CITY THUNDER,LOSS,2523,4,14,3,10,0,0,3,4,1,2,0,2,2,6.0
mbahalu01,Luc Mbah a Moute,HOUSTON ROCKETS,AWAY,LOS ANGELES CLIPPERS,WIN,1243,3,6,0,2,2,2,0,3,0,1,0,1,0,5.9
turnemy01,Myles Turner,INDIANA PACERS,AWAY,ATLANTA HAWKS,LOSS,938,1,2,1,2,2,2,2,3,1,1,0,1,4,5.4
aldrila01,LaMarcus Aldridge,SAN ANTONIO SPURS,HOME,NEW ORLEANS PELICANS,LOSS,800,4,8,0,0,0,0,2,1,0,0,0,0,1,5.3
milescj01,C.J. Miles,TORONTO RAPTORS,AWAY,ORLANDO MAGIC,WIN,924,3,9,2,7,0,0,2,2,2,0,0,0,3,5.1
paulch01,Chris Paul,HOUSTON ROCKETS,AWAY,LOS ANGELES CLIPPERS,WIN,1738,3,12,1,5,1,1,0,4,8,2,1,4,3,5.1
tollian01,Anthony Tolliver,DETROIT PISTONS,HOME,MILWAUKEE BUCKS,WIN,1170,2,4,2,4,0,0,1,2,1,0,0,1,0,5.0
lambje01,Jeremy Lamb,CHARLOTTE HORNETS,AWAY,BOSTON CELTICS,LOSS,1523,4,9,2,4,0,0,0,2,0,0,1,1,2,4.8
bacondw01,Dwayne Bacon,CHARLOTTE HORNETS,AWAY,BOSTON CELTICS,LOSS,375,3,4,0,0,0,0,0,1,0,0,0,0,0,4.7
bazemke01,Kent Bazemore,ATLANTA HAWKS,HOME,INDIANA PACERS,WIN,1566,3,7,0,4,0,0,1,0,5,2,0,3,2,4.7
diallch01,Cheick Diallo,NEW ORLEANS PELICANS,AWAY,SAN ANTONIO SPURS,WIN,724,2,3,0,0,0,0,0,2,1,1,2,1,2,4.6
horfoal01,Al Horford,BOSTON CELTICS,HOME,CHARLOTTE HORNETS,WIN,1283,2,4,1,1,0,0,0,2,4,0,0,1,2,4.6
bendedr01,Dragan Bender,PHOENIX SUNS,AWAY,MEMPHIS GRIZZLIES,WIN,2073,3,7,1,2,0,0,0,5,1,1,2,1,6,4.5
ibakase01,Serge Ibaka,TORONTO RAPTORS,AWAY,ORLANDO MAGIC,WIN,1363,4,8,1,2,0,0,0,2,0,1,1,2,2,4.5
makerth01,Thon Maker,MILWAUKEE BUCKS,AWAY,DETROIT PISTONS,LOSS,621,1,3,1,2,2,2,1,0,0,0,1,0,1,4.3
huestjo01,Josh Huestis,OKLAHOMA CITY THUNDER,AWAY,DALLAS MAVERICKS,WIN,1329,2,5,2,5,0,0,0,3,0,0,0,0,0,4.2
tatumja01,Jayson Tatum,BOSTON CELTICS,HOME,CHARLOTTE HORNETS,WIN,1245,3,6,1,1,0,0,0,3,0,0,1,1,1,4.2
rabbiv01,Ivan Rabb,MEMPHIS GRIZZLIES,HOME,PHOENIX SUNS,LOSS,759,2,3,0,0,0,0,0,5,1,1,0,1,2,4.1
wilsodj01,D.J. Wilson,MILWAUKEE BUCKS,AWAY,DETROIT PISTONS,LOSS,459,1,2,0,0,1,2,0,2,1,1,0,0,0,3.9
anthoca01,Carmelo Anthony,OKLAHOMA CITY THUNDER,AWAY,DALLAS MAVERICKS,WIN,2191,5,14,2,7,0,0,1,5,0,0,0,1,4,3.8
thornsi01,Sindarius Thornwell,LOS ANGELES CLIPPERS,HOME,HOUSTON ROCKETS,LOSS,844,1,2,0,0,2,4,0,1,1,1,0,0,1,3.8
delanma01,Malcolm Delaney,ATLANTA HAWKS,HOME,INDIANA PACERS,WIN,705,0,2,0,1,4,4,0,1,1,0,0,0,0,3.6
ferreyo01,Yogi Ferrell,DALLAS MAVERICKS,HOME,OKLAHOMA CITY THUNDER,LOSS,1474,2,4,0,1,0,0,0,2,2,1,0,1,1,3.6
zellety01,Tyler Zeller,MILWAUKEE BUCKS,AWAY,DETROIT PISTONS,LOSS,642,2,4,0,0,0,0,2,2,0,0,0,0,1,3.6
plumlmi01,Miles Plumlee,ATLANTA HAWKS,HOME,INDIANA PACERS,WIN,755,3,6,0,0,0,0,1,3,0,0,1,1,2,3.5
scottmi01,Mike Scott,WASHINGTON WIZARDS,HOME,GOLDEN STATE WARRIORS,LOSS,708,2,6,0,2,2,2,1,2,0,0,0,0,1,3.5
mcgeeja01,JaVale McGee,GOLDEN STATE WARRIORS,AWAY,WASHINGTON WIZARDS,WIN,813,1,3,0,0,0,0,0,6,1,1,2,1,2,3.4
ojelese01,Semi Ojeleye,BOSTON CELTICS,HOME,CHARLOTTE HORNETS,WIN,1238,1,3,0,0,1,2,2,1,1,0,0,0,0,3.3
wrighde01,Delon Wright,TORONTO RAPTORS,AWAY,ORLANDO MAGIC,WIN,762,3,8,0,2,0,0,2,0,2,1,0,1,3,3.2
livinsh01,Shaun Livingston,GOLDEN STATE WARRIORS,AWAY,WASHINGTON WIZARDS,WIN,1009,3,5,0,0,0,0,0,1,0,0,0,0,3,2.8
fergute01,Terrance Ferguson,OKLAHOMA CITY THUNDER,AWAY,DALLAS MAVERICKS,WIN,614,1,2,0,1,0,0,0,0,1,1,0,0,0,2.7
belljo01,Jordan Bell,GOLDEN STATE WARRIORS,AWAY,WASHINGTON WIZARDS,WIN,399,1,1,0,0,0,0,0,1,1,0,0,0,1,2.3
kennalu01,Luke Kennard,DETROIT PISTONS,HOME,MILWAUKEE BUCKS,WIN,210,1,1,1,1,0,0,0,0,0,0,0,0,1,2.3
naderab01,Abdel Nader,BOSTON CELTICS,HOME,CHARLOTTE HORNETS,WIN,668,2,4,1,2,0,0,0,2,0,0,0,1,1,2.2
tuckepj01,P.J. Tucker,HOUSTON ROCKETS,AWAY,LOS ANGELES CLIPPERS,WIN,1461,1,5,0,3,1,2,1,5,2,1,1,1,4,2.2
youngjo01,Joe Young,INDIANA PACERS,AWAY,ATLANTA HAWKS,LOSS,1025,2,6,2,3,0,0,0,2,1,1,0,2,2,2.1
brookdi01,Dillon Brooks,MEMPHIS GRIZZLIES,HOME,PHOENIX SUNS,LOSS,1806,3,9,1,3,0,0,0,2,3,1,0,2,4,2.0
mahinia01,Ian Mahinmi,WASHINGTON WIZARDS,HOME,GOLDEN STATE WARRIORS,LOSS,955,2,3,0,0,0,0,1,2,0,1,1,3,2,1.9
johnsjo02,Joe Johnson,HOUSTON ROCKETS,AWAY,LOS ANGELES CLIPPERS,WIN,1453,1,5,1,3,0,0,0,2,1,1,0,0,1,1.8
mcderdo01,Doug McDermott,DALLAS MAVERICKS,HOME,OKLAHOMA CITY THUNDER,LOSS,1044,1,3,1,3,0,0,0,2,1,0,0,0,2,1.8
hilarne01,Nenê Hilário,HOUSTON ROCKETS,AWAY,LOS ANGELES CLIPPERS,WIN,555,1,2,0,0,1,2,0,3,0,0,0,0,2,1.7
pattepa01,Patrick Patterson,OKLAHOMA CITY THUNDER,AWAY,DALLAS MAVERICKS,WIN,931,2,5,0,3,0,0,0,2,0,1,0,1,1,1.5
terryja01,Jason Terry,MILWAUKEE BUCKS,AWAY,DETROIT PISTONS,LOSS,1130,0,3,0,2,2,2,0,2,2,1,0,1,1,1.5
willicj01,C.J. Williams,LOS ANGELES CLIPPERS,HOME,HOUSTON ROCKETS,LOSS,1264,3,8,0,4,0,0,0,0,1,0,0,0,2,1.5
abrinal01,Álex Abrines,OKLAHOMA CITY THUNDER,AWAY,DALLAS MAVERICKS,WIN,1189,1,4,1,4,0,0,0,1,1,1,0,0,3,1.4
brownst02,Sterling Brown,MILWAUKEE BUCKS,AWAY,DETROIT PISTONS,LOSS,1558,2,6,0,2,0,0,1,4,1,0,0,1,2,1.4
gortama01,Marcin Gortat,WASHINGTON WIZARDS,HOME,GOLDEN STATE WARRIORS,LOSS,813,1,4,0,0,0,0,2,1,3,0,0,2,0,1.4
blackta01,Tarik Black,HOUSTON ROCKETS,AWAY,LOS ANGELES CLIPPERS,WIN,152,0,0,0,0,0,0,0,1,1,0,1,0,1,1.3
dorsety01,Tyler Dorsey,ATLANTA HAWKS,HOME,INDIANA PACERS,WIN,1141,1,5,1,4,1,2,1,5,1,0,1,2,2,1.3
willima02,Marvin Williams,CHARLOTTE HORNETS,AWAY,BOSTON CELTICS,LOSS,1338,1,8,1,5,1,2,3,6,2,0,0,2,1,1.3
pachuza01,Zaza Pachulia,GOLDEN STATE WARRIORS,AWAY,WASHINGTON WIZARDS,WIN,323,0,1,0,0,2,4,0,0,1,0,0,0,0,1.2
robingl02,Glenn Robinson,INDIANA PACERS,AWAY,ATLANTA HAWKS,LOSS,742,0,3,0,1,0,0,0,3,1,1,1,0,0,1.2
noelne01,Nerlens Noel,DALLAS MAVERICKS,HOME,OKLAHOMA CITY THUNDER,LOSS,950,2,4,0,0,0,0,1,2,1,1,1,3,4,1.1
antetgi01,Giannis Antetokounmpo,MILWAUKEE BUCKS,AWAY,DETROIT PISTONS,LOSS,1797,5,13,1,3,0,0,0,3,2,0,0,4,3,1.0
stoneju01,Julyan Stone,CHARLOTTE HORNETS,AWAY,BOSTON CELTICS,LOSS,262,0,0,0,0,0,0,0,1,1,0,0,0,0,1.0
youngni01,Nick Young,GOLDEN STATE WARRIORS,AWAY,WASHINGTON WIZARDS,WIN,383,0,1,0,1,0,0,0,0,0,2,0,0,1,0.9
mclembe01,Ben McLemore,MEMPHIS GRIZZLIES,HOME,PHOENIX SUNS,LOSS,525,2,3,1,2,0,0,0,1,0,0,0,2,3,0.8
smithis01,Ish Smith,DETROIT PISTONS,HOME,MILWAUKEE BUCKS,WIN,1424,2,7,0,1,0,0,1,3,0,1,0,1,2,0.7
fraziti01,Tim Frazier,WASHINGTON WIZARDS,HOME,GOLDEN STATE WARRIORS,LOSS,599,0,3,0,0,0,0,2,0,3,0,0,0,2,0.6
lemonwa01,Walt Lemon,NEW ORLEANS PELICANS,AWAY,SAN ANTONIO SPURS,WIN,319,1,2,0,0,0,0,0,0,0,0,0,0,1,0.6
munfoxa02,Xavier Munford,MILWAUKEE BUCKS,AWAY,DETROIT PISTONS,LOSS,459,0,2,0,2,0,0,0,0,3,0,0,0,1,0.3
birchkh01,Khem Birch,ORLANDO MAGIC,HOME,TORONTO RAPTORS,LOSS,46,0,0,0,0,0,0,0,0,0,0,0,0,0,0.0
millema01,Malcolm Miller,TORONTO RAPTORS,AWAY,ORLANDO MAGIC,WIN,19,0,0,0,0,0,0,0,0,0,0,0,0,0,0.0
okafoem01,Emeka Okafor,NEW ORLEANS PELICANS,AWAY,SAN ANTONIO SPURS,WIN,253,0,1,0,0,0,0,1,0,0,0,0,0,0,0.0
powelno01,Norman Powell,TORONTO RAPTORS,AWAY,ORLANDO MAGIC,WIN,658,0,0,0,0,0,0,0,0,0,0,0,0,0,0.0
riverau01,Austin Rivers,LOS ANGELES CLIPPERS,HOME,HOUSTON ROCKETS,LOSS,2007,3,12,0,3,0,0,0,3,4,0,0,1,4,-0.1
monkma01,Malik Monk,CHARLOTTE HORNETS,AWAY,BOSTON CELTICS,LOSS,1136,1,7,1,3,0,0,0,0,2,1,0,0,3,-0.3
dekkesa01,Sam Dekker,LOS ANGELES CLIPPERS,HOME,HOUSTON ROCKETS,LOSS,304,0,1,0,0,0,0,0,1,0,0,0,0,0,-0.4
forbebr01,Bryn Forbes,SAN ANTONIO SPURS,HOME,NEW ORLEANS PELICANS,LOSS,457,0,3,0,1,0,0,0,1,2,0,0,0,0,-0.4
ellenhe01,Henry Ellenson,DETROIT PISTONS,HOME,MILWAUKEE BUCKS,WIN,210,0,1,0,0,0,0,0,0,0,0,0,0,0,-0.7
ennisja01,James Ennis,DETROIT PISTONS,HOME,MILWAUKEE BUCKS,WIN,882,2,6,0,2,0,0,0,1,0,0,0,0,4,-0.7
henrymy01,Myke Henry,MEMPHIS GRIZZLIES,HOME,PHOENIX SUNS,LOSS,1465,3,10,1,3,0,0,2,1,0,1,0,3,4,-0.7
westda01,David West,GOLDEN STATE WARRIORS,AWAY,WASHINGTON WIZARDS,WIN,882,1,4,0,0,0,0,1,0,1,0,1,2,1,-0.7
vaughra01,Rashad Vaughn,ORLANDO MAGIC,HOME,TORONTO RAPTORS,LOSS,822,1,4,1,1,0,0,0,0,0,0,0,1,1,-0.8
greenge01,Gerald Green,HOUSTON ROCKETS,AWAY,LOS ANGELES CLIPPERS,WIN,152,0,1,0,0,0,0,0,0,0,0,0,0,1,-1.1
parkeja01,Jabari Parker,MILWAUKEE BUCKS,AWAY,DETROIT PISTONS,LOSS,1092,3,7,1,2,0,2,0,4,0,0,0,4,2,-1.1
johnswe01,Wesley Johnson,LOS ANGELES CLIPPERS,HOME,HOUSTON ROCKETS,LOSS,337,0,1,0,1,0,0,0,1,0,0,0,0,2,-1.2
larkish01,Shane Larkin,BOSTON CELTICS,HOME,CHARLOTTE HORNETS,WIN,504,0,1,0,0,0,0,0,2,1,0,0,1,2,-1.2
marjabo01,Boban Marjanović,LOS ANGELES CLIPPERS,HOME,HOUSTON ROCKETS,LOSS,201,0,0,0,0,0,0,0,2,0,0,0,1,2,-1.2
grahatr01,Treveon Graham,CHARLOTTE HORNETS,AWAY,BOSTON CELTICS,LOSS,1802,1,5,0,1,0,0,0,1,0,1,0,0,4,-1.4
bealbr01,Bradley Beal,WASHINGTON WIZARDS,HOME,GOLDEN STATE WARRIORS,LOSS,2191,3,15,2,8,0,0,0,4,5,1,0,5,4,-2.2
iwundwe01,Wesley Iwundu,ORLANDO MAGIC,HOME,TORONTO RAPTORS,LOSS,1143,0,3,0,0,0,0,0,1,0,0,0,0,1,-2.2
dudleja01,Jared Dudley,PHOENIX SUNS,AWAY,MEMPHIS GRIZZLIES,WIN,563,0,1,0,1,0,2,0,0,0,0,1,1,2,-2.6
morrija01,Jaylen Morris,ATLANTA HAWKS,HOME,INDIANA PACERS,WIN,703,1,6,0,2,0,0,1,1,0,0,0,2,0,-2.8
hernawi01,Willy Hernangómez,CHARLOTTE HORNETS,AWAY,BOSTON CELTICS,LOSS,558,0,4,0,0,0,4,3,3,0,0,0,1,2,-3.2
chrisma01,Marquese Chriss,PHOENIX SUNS,AWAY,MEMPHIS GRIZZLIES,WIN,398,0,3,0,2,0,0,1,1,0,0,0,2,5,-5.1
josepco01,Cory Joseph,INDIANA PACERS,AWAY,ATLANTA HAWKS,LOSS,1855,0,5,0,0,0,0,0,2,3,0,0,3,4,-5.4
