slug,name,team,location,opponent,outcome,seconds_played,made_field_goals,attempted_field_goals,made_three_point_field_goals,attempted_three_point_field_goals,made_free_throws,attempted_free_throws,offensive_rebounds,defensive_rebounds,assists,steals,blocks,turnovers,personal_fouls,game_score
westbru01,Russell Westbrook,OKLAHOMA CITY THUNDER,AWAY,ORLANDO MAGIC,WIN,2509,21,40,6,15,9,11,3,10,11,3,0,7,3,44.2
conlemi01,Mike Conley,MEMPHIS GRIZZLIES,HOME,INDIANA PACERS,WIN,2277,13,21,7,12,3,3,0,3,6,4,0,1,1,34.2
walljo01,John Wall,WASHINGTON WIZARDS,AWAY,LOS ANGELES CLIPPERS,LOSS,2329,16,23,1,3,8,11,2,5,8,3,0,6,5,33.6
paulch01,Chris Paul,LOS ANGELES CLIPPERS,HOME,WASHINGTON WIZARDS,WIN,2243,9,15,2,5,7,8,1,2,13,1,0,1,2,29.3
davisan02,Anthony Davis,NEW ORLEANS PELICANS,HOME,DALLAS MAVERICKS,WIN,2151,11,22,0,1,8,8,4,10,2,2,1,1,1,27.5
couside01,DeMarcus Cousins,NEW ORLEANS PELICANS,HOME,DALLAS MAVERICKS,WIN,2394,9,19,1,5,10,12,2,14,6,0,1,1,3,26.8
thomais02,Isaiah Thomas,BOSTON CELTICS,HOME,MILWAUKEE BUCKS,LOSS,2194,9,17,5,9,9,9,1,4,4,3,0,4,2,26.6
griffbl01,Blake Griffin,LOS ANGELES CLIPPERS,HOME,WASHINGTON WIZARDS,WIN,2399,10,16,0,2,6,8,1,9,9,2,0,2,3,26.5
curryst01,Stephen Curry,GOLDEN STATE WARRIORS,AWAY,SAN ANTONIO SPURS,WIN,2108,9,20,4,8,7,7,1,3,11,1,0,2,5,24.9
jordade01,DeAndre Jordan,LOS ANGELES CLIPPERS,HOME,WASHINGTON WIZARDS,WIN,2294,8,9,0,0,7,12,5,13,1,1,2,2,4,24.8
howardw01,Dwight Howard,ATLANTA HAWKS,AWAY,PHILADELPHIA 76ERS,WIN,2177,8,17,0,0,6,7,8,12,4,0,1,1,2,23.8
redicjj01,J.J. Redick,LOS ANGELES CLIPPERS,HOME,WASHINGTON WIZARDS,WIN,1998,9,15,7,11,6,6,0,0,1,0,0,1,2,23.0
holmeri01,Richaun Holmes,PHILADELPHIA 76ERS,HOME,ATLANTA HAWKS,LOSS,1900,11,16,1,3,2,2,5,3,1,1,1,1,3,22.8
antetgi01,Giannis Antetokounmpo,MILWAUKEE BUCKS,AWAY,BOSTON CELTICS,WIN,2000,8,17,2,4,4,7,4,5,3,3,3,2,1,21.2
gasolpa01,Pau Gasol,SAN ANTONIO SPURS,HOME,GOLDEN STATE WARRIORS,LOSS,1543,5,11,1,2,7,8,3,5,5,1,1,0,0,20.7
derozde01,DeMar DeRozan,TORONTO RAPTORS,HOME,CHARLOTTE HORNETS,LOSS,2317,11,24,0,2,6,7,1,5,8,0,0,2,1,20.6
valanjo01,Jonas Valančiūnas,TORONTO RAPTORS,HOME,CHARLOTTE HORNETS,LOSS,1728,5,6,0,0,4,4,4,11,0,1,3,0,2,20.2
youngth01,Thaddeus Young,INDIANA PACERS,AWAY,MEMPHIS GRIZZLIES,LOSS,1996,8,12,0,0,0,0,6,8,3,1,0,0,1,20.1
bazemke01,Kent Bazemore,ATLANTA HAWKS,AWAY,PHILADELPHIA 76ERS,WIN,1196,6,10,4,5,3,5,1,3,4,2,1,0,2,19.9
belinma01,Marco Belinelli,CHARLOTTE HORNETS,AWAY,TORONTO RAPTORS,WIN,1646,7,11,2,4,5,6,0,0,5,1,1,1,0,19.9
cartevi01,Vince Carter,MEMPHIS GRIZZLIES,HOME,INDIANA PACERS,WIN,1982,5,8,4,6,7,7,1,7,0,1,0,1,1,19.8
josepco01,Cory Joseph,TORONTO RAPTORS,HOME,CHARLOTTE HORNETS,LOSS,2094,8,14,2,4,0,0,3,4,5,2,2,1,2,19.8
dragigo01,Goran Dragić,MIAMI HEAT,AWAY,NEW YORK KNICKS,WIN,2066,6,17,1,4,7,7,1,6,9,2,0,1,2,19.5
nowitdi01,Dirk Nowitzki,DALLAS MAVERICKS,AWAY,NEW ORLEANS PELICANS,LOSS,1871,7,14,2,2,7,7,1,6,2,0,1,0,3,19.4
holidjr01,Jrue Holiday,NEW ORLEANS PELICANS,HOME,DALLAS MAVERICKS,WIN,2331,7,12,2,4,2,3,0,5,7,0,2,1,1,18.4
brogdma01,Malcolm Brogdon,MILWAUKEE BUCKS,AWAY,BOSTON CELTICS,WIN,1723,7,12,0,1,2,2,0,4,9,1,1,0,4,18.0
hoodro01,Rodney Hood,UTAH JAZZ,AWAY,SACRAMENTO KINGS,WIN,1433,6,8,5,5,1,2,0,2,2,2,0,0,2,17.6
goberru01,Rudy Gobert,UTAH JAZZ,AWAY,SACRAMENTO KINGS,WIN,2053,5,8,0,0,6,8,4,11,0,0,0,0,1,17.3
johnsja01,James Johnson,MIAMI HEAT,AWAY,NEW YORK KNICKS,WIN,1643,6,11,2,2,4,6,1,6,4,3,2,3,4,17.0
willima02,Marvin Williams,CHARLOTTE HORNETS,AWAY,TORONTO RAPTORS,WIN,2071,6,11,4,6,2,3,3,9,1,1,0,1,2,17.0
greenda02,Danny Green,SAN ANTONIO SPURS,HOME,GOLDEN STATE WARRIORS,LOSS,1813,5,9,4,6,2,2,4,2,3,2,0,2,2,16.4
bealbr01,Bradley Beal,WASHINGTON WIZARDS,AWAY,LOS ANGELES CLIPPERS,LOSS,2392,10,22,5,11,2,4,0,0,4,0,0,0,4,16.0
westda01,David West,GOLDEN STATE WARRIORS,AWAY,SAN ANTONIO SPURS,WIN,1292,7,11,1,2,0,0,2,2,5,0,2,1,0,16.0
thompkl01,Klay Thompson,GOLDEN STATE WARRIORS,AWAY,SAN ANTONIO SPURS,WIN,2108,9,16,4,9,1,1,0,2,0,0,1,0,2,15.9
georgpa01,Paul George,INDIANA PACERS,AWAY,MEMPHIS GRIZZLIES,LOSS,2168,8,17,3,6,3,4,0,2,4,2,2,3,3,15.5
biyombi01,Bismack Biyombo,ORLANDO MAGIC,HOME,OKLAHOMA CITY THUNDER,LOSS,1216,5,7,0,0,2,2,4,7,2,0,2,0,4,15.2
mclembe01,Ben McLemore,SACRAMENTO KINGS,HOME,UTAH JAZZ,LOSS,1676,9,12,1,4,3,4,0,4,1,0,0,2,4,15.1
richajo01,Josh Richardson,MIAMI HEAT,AWAY,NEW YORK KNICKS,WIN,2090,7,12,3,7,0,0,0,1,1,5,1,3,0,15.1
aldrila01,LaMarcus Aldridge,SAN ANTONIO SPURS,HOME,GOLDEN STATE WARRIORS,LOSS,2089,7,14,1,2,2,2,2,5,0,0,5,1,1,15.0
middlkh01,Khris Middleton,MILWAUKEE BUCKS,AWAY,BOSTON CELTICS,WIN,2064,8,14,3,3,0,1,1,5,5,2,1,4,4,14.8
curryse01,Seth Curry,DALLAS MAVERICKS,AWAY,NEW ORLEANS PELICANS,LOSS,2036,7,13,2,6,2,2,0,2,3,1,0,0,2,14.6
iguodan01,Andre Iguodala,GOLDEN STATE WARRIORS,AWAY,SAN ANTONIO SPURS,WIN,1811,6,9,2,3,0,0,0,6,1,2,0,0,0,14.6
porzikr01,Kristaps Porziņģis,NEW YORK KNICKS,HOME,MIAMI HEAT,LOSS,2147,6,13,1,3,7,10,2,6,2,0,3,3,3,14.6
inglejo01,Joe Ingles,UTAH JAZZ,AWAY,SACRAMENTO KINGS,WIN,1640,4,7,2,4,2,2,0,2,5,2,1,1,0,14.5
barneha02,Harrison Barnes,DALLAS MAVERICKS,AWAY,NEW ORLEANS PELICANS,LOSS,2039,6,15,2,2,5,5,3,5,3,0,0,1,3,14.4
rosste01,Terrence Ross,ORLANDO MAGIC,HOME,OKLAHOMA CITY THUNDER,LOSS,2729,9,17,5,11,0,0,0,1,2,1,1,3,2,14.3
batumni01,Nicolas Batum,CHARLOTTE HORNETS,AWAY,TORONTO RAPTORS,WIN,1657,6,12,2,5,1,1,2,2,3,1,0,0,0,14.1
gordoaa01,Aaron Gordon,ORLANDO MAGIC,HOME,OKLAHOMA CITY THUNDER,LOSS,2431,5,11,1,5,2,2,1,5,1,4,1,0,2,14.1
cunnida01,Dante Cunningham,NEW ORLEANS PELICANS,HOME,DALLAS MAVERICKS,WIN,1215,6,8,3,5,0,2,2,0,0,2,0,0,2,13.6
monrogr01,Greg Monroe,MILWAUKEE BUCKS,AWAY,BOSTON CELTICS,WIN,1602,6,9,0,0,4,4,1,7,3,1,0,4,1,13.6
fournev01,Evan Fournier,ORLANDO MAGIC,HOME,OKLAHOMA CITY THUNDER,LOSS,2452,9,22,3,8,3,3,1,5,5,1,0,5,3,12.7
crawfjo02,Jordan Crawford,NEW ORLEANS PELICANS,HOME,DALLAS MAVERICKS,WIN,1645,5,7,3,4,2,4,1,0,4,0,0,1,3,12.6
haywago01,Gordon Hayward,UTAH JAZZ,AWAY,SACRAMENTO KINGS,WIN,1977,8,14,3,5,1,1,1,5,4,0,0,5,2,12.6
horfoal01,Al Horford,BOSTON CELTICS,HOME,MILWAUKEE BUCKS,LOSS,2077,4,9,3,3,0,0,2,4,6,1,0,1,2,12.3
hardati02,Tim Hardaway,ATLANTA HAWKS,AWAY,PHILADELPHIA 76ERS,WIN,2196,7,14,2,6,3,4,1,2,1,0,0,1,1,12.2
macksh01,Shelvin Mack,UTAH JAZZ,AWAY,SACRAMENTO KINGS,WIN,1710,5,8,1,4,3,3,0,4,1,1,0,0,3,12.1
kanteen01,Enes Kanter,OKLAHOMA CITY THUNDER,AWAY,ORLANDO MAGIC,WIN,1217,6,11,0,0,5,6,0,10,0,0,0,2,1,11.9
mccontj01,T.J. McConnell,PHILADELPHIA 76ERS,HOME,ATLANTA HAWKS,LOSS,2228,5,9,1,3,2,2,1,2,8,2,0,5,2,11.8
ferreyo01,Yogi Ferrell,DALLAS MAVERICKS,AWAY,NEW ORLEANS PELICANS,LOSS,1434,5,10,4,6,1,2,1,2,1,1,1,1,2,11.5
randoza01,Zach Randolph,MEMPHIS GRIZZLIES,HOME,INDIANA PACERS,WIN,1484,8,15,0,2,1,1,1,5,3,1,0,3,2,11.2
bareajo01,J.J. Barea,DALLAS MAVERICKS,AWAY,NEW ORLEANS PELICANS,LOSS,1164,4,7,0,2,0,0,0,2,11,0,0,2,0,11.0
diawbo01,Boris Diaw,UTAH JAZZ,AWAY,SACRAMENTO KINGS,WIN,1126,5,9,1,3,0,0,1,2,3,0,1,0,0,10.8
wrighbr03,Brandan Wright,MEMPHIS GRIZZLIES,HOME,INDIANA PACERS,WIN,1650,6,10,0,0,1,2,0,4,1,0,2,0,3,10.1
bradlav01,Avery Bradley,BOSTON CELTICS,HOME,MILWAUKEE BUCKS,LOSS,2163,5,14,1,6,1,2,4,6,2,2,0,1,2,10.0
morrima02,Markieff Morris,WASHINGTON WIZARDS,AWAY,LOS ANGELES CLIPPERS,LOSS,893,4,6,2,3,4,4,0,4,0,0,0,1,4,10.0
ilyaser01,Ersan İlyasova,ATLANTA HAWKS,AWAY,PHILADELPHIA 76ERS,WIN,1946,5,10,2,4,2,2,1,2,3,0,1,2,3,9.9
leonaka01,Kawhi Leonard,SAN ANTONIO SPURS,HOME,GOLDEN STATE WARRIORS,LOSS,2136,7,20,0,5,5,7,3,4,5,1,0,5,0,9.8
stausni01,Nik Stauskas,PHILADELPHIA 76ERS,HOME,ATLANTA HAWKS,LOSS,2130,3,10,2,6,1,2,1,4,7,3,0,2,2,9.8
milescj01,C.J. Miles,INDIANA PACERS,AWAY,MEMPHIS GRIZZLIES,LOSS,1481,5,11,3,7,2,2,0,3,2,0,0,2,0,9.6
oubreke01,Kelly Oubre,WASHINGTON WIZARDS,AWAY,LOS ANGELES CLIPPERS,LOSS,1481,3,4,0,1,4,5,2,4,0,2,0,1,5,9.6
whiteha01,Hassan Whiteside,MIAMI HEAT,AWAY,NEW YORK KNICKS,WIN,1701,5,11,0,0,1,1,1,8,1,0,4,1,4,9.3
johnsty01,Tyler Johnson,MIAMI HEAT,AWAY,NEW YORK KNICKS,WIN,1830,5,12,2,4,0,1,3,4,1,0,0,0,0,9.2
brookaa01,Aaron Brooks,INDIANA PACERS,AWAY,MEMPHIS GRIZZLIES,LOSS,1708,6,15,4,5,2,2,1,1,1,1,0,2,4,9.0
leeco01,Courtney Lee,NEW YORK KNICKS,HOME,MIAMI HEAT,LOSS,1848,4,9,1,1,1,1,0,2,1,2,1,0,1,8.9
lawsoty01,Ty Lawson,SACRAMENTO KINGS,HOME,UTAH JAZZ,LOSS,1211,4,5,0,1,3,4,0,1,3,1,0,3,1,8.7
longsh01,Shawn Long,PHILADELPHIA 76ERS,HOME,ATLANTA HAWKS,LOSS,980,4,5,2,2,0,0,0,1,1,0,0,0,1,8.7
roberan03,Andre Roberson,OKLAHOMA CITY THUNDER,AWAY,ORLANDO MAGIC,WIN,2105,3,7,0,2,0,0,3,6,3,1,2,0,5,8.7
saricda01,Dario Šarić,PHILADELPHIA 76ERS,HOME,ATLANTA HAWKS,LOSS,2354,5,18,2,8,3,4,2,6,4,0,1,2,0,8.7
vucevni01,Nikola Vučević,ORLANDO MAGIC,HOME,OKLAHOMA CITY THUNDER,LOSS,1964,3,14,0,0,5,8,2,14,1,1,2,0,3,8.7
smithja02,Jason Smith,WASHINGTON WIZARDS,AWAY,LOS ANGELES CLIPPERS,LOSS,1553,5,13,4,10,0,0,1,7,0,0,0,0,3,8.5
roberbr01,Brian Roberts,CHARLOTTE HORNETS,AWAY,TORONTO RAPTORS,WIN,752,3,4,2,2,1,2,1,0,3,0,0,1,1,8.4
collida01,Darren Collison,SACRAMENTO KINGS,HOME,UTAH JAZZ,LOSS,1322,4,8,0,0,4,4,0,2,1,1,0,2,0,8.3
kaminfr01,Frank Kaminsky,CHARLOTTE HORNETS,AWAY,TORONTO RAPTORS,WIN,1185,4,7,3,5,2,3,0,4,2,0,0,2,4,8.3
johnsjo02,Joe Johnson,UTAH JAZZ,AWAY,SACRAMENTO KINGS,WIN,1405,4,10,1,4,0,0,0,3,3,2,1,1,1,7.9
matthwe02,Wesley Matthews,DALLAS MAVERICKS,AWAY,NEW ORLEANS PELICANS,LOSS,2211,4,8,2,4,0,0,0,3,4,0,0,1,2,7.9
hernawi01,Willy Hernangómez,NEW YORK KNICKS,HOME,MIAMI HEAT,LOSS,1353,4,10,0,1,4,4,5,4,1,0,0,3,3,7.8
finnedo01,Dorian Finney-Smith,DALLAS MAVERICKS,AWAY,NEW ORLEANS PELICANS,LOSS,841,3,4,2,3,0,0,0,3,0,0,1,0,1,7.6
walkeke02,Kemba Walker,CHARLOTTE HORNETS,AWAY,TORONTO RAPTORS,WIN,2128,7,25,3,10,2,2,4,0,2,0,0,1,0,7.5
witheje01,Jeff Withey,UTAH JAZZ,AWAY,SACRAMENTO KINGS,WIN,827,3,3,0,0,1,1,0,3,1,2,0,1,3,7.5
labissk01,Skal Labissière,SACRAMENTO KINGS,HOME,UTAH JAZZ,LOSS,1960,4,8,0,0,1,4,1,6,2,1,1,0,5,7.4
gortama01,Marcin Gortat,WASHINGTON WIZARDS,AWAY,LOS ANGELES CLIPPERS,LOSS,1160,3,7,0,0,0,0,4,0,3,1,0,1,0,7.2
adamsst01,Steven Adams,OKLAHOMA CITY THUNDER,AWAY,ORLANDO MAGIC,WIN,1743,3,5,0,0,1,5,3,6,0,0,2,1,1,7.0
randlch01,Chasson Randle,NEW YORK KNICKS,HOME,MIAMI HEAT,LOSS,1273,3,9,1,4,2,2,1,3,3,0,0,0,2,6.8
anderju01,Justin Anderson,PHILADELPHIA 76ERS,HOME,ATLANTA HAWKS,LOSS,1529,4,9,1,4,1,1,1,1,3,0,0,1,2,6.6
crawfja01,Jamal Crawford,LOS ANGELES CLIPPERS,HOME,WASHINGTON WIZARDS,WIN,1718,6,16,2,7,0,0,0,1,3,1,0,2,0,6.6
plumlmi01,Miles Plumlee,CHARLOTTE HORNETS,AWAY,TORONTO RAPTORS,WIN,887,2,2,0,0,1,2,0,1,0,2,0,0,0,6.3
paytoel01,Elfrid Payton,ORLANDO MAGIC,HOME,OKLAHOMA CITY THUNDER,LOSS,2273,4,12,0,0,3,8,2,3,8,0,1,3,4,6.2
whiteok01,Okaro White,MIAMI HEAT,AWAY,NEW YORK KNICKS,WIN,1200,3,3,1,1,0,0,1,4,0,0,0,1,2,6.2
holidju01,Justin Holiday,NEW YORK KNICKS,HOME,MIAMI HEAT,LOSS,1408,3,3,0,0,0,0,0,3,3,0,0,2,0,6.1
johnsam01,Amir Johnson,BOSTON CELTICS,HOME,MILWAUKEE BUCKS,LOSS,1245,3,5,0,0,0,0,1,2,2,0,2,1,2,6.0
allento01,Tony Allen,MEMPHIS GRIZZLIES,HOME,INDIANA PACERS,WIN,2010,2,10,0,0,3,4,5,3,4,0,0,1,2,5.8
dedmode01,Dewayne Dedmon,SAN ANTONIO SPURS,HOME,GOLDEN STATE WARRIORS,LOSS,1077,1,3,0,0,2,2,0,5,0,1,2,0,1,5.8
smartma01,Marcus Smart,BOSTON CELTICS,HOME,MILWAUKEE BUCKS,LOSS,1795,4,15,1,7,2,4,5,6,5,1,1,4,5,5.8
lambje01,Jeremy Lamb,CHARLOTTE HORNETS,AWAY,TORONTO RAPTORS,WIN,563,2,2,0,0,0,0,0,1,3,1,0,0,3,5.6
leeda02,David Lee,SAN ANTONIO SPURS,HOME,GOLDEN STATE WARRIORS,LOSS,955,4,7,0,0,0,0,2,2,0,0,1,1,2,5.6
zellety01,Tyler Zeller,BOSTON CELTICS,HOME,MILWAUKEE BUCKS,LOSS,455,3,5,0,0,1,1,1,1,1,0,0,0,2,5.6
ibakase01,Serge Ibaka,TORONTO RAPTORS,HOME,CHARLOTTE HORNETS,LOSS,1665,4,12,4,9,3,4,0,2,2,0,1,3,5,5.5
hezonma01,Mario Hezonja,ORLANDO MAGIC,HOME,OKLAHOMA CITY THUNDER,LOSS,1097,2,5,0,2,0,0,1,4,2,0,1,0,0,5.3
allenla01,Lavoy Allen,INDIANA PACERS,AWAY,MEMPHIS GRIZZLIES,LOSS,862,0,2,0,0,2,2,3,3,2,1,0,0,2,5.2
pattepa01,Patrick Patterson,TORONTO RAPTORS,HOME,CHARLOTTE HORNETS,LOSS,1345,4,8,1,4,1,1,0,1,2,0,0,1,4,5.1
oquinky01,Kyle O'Quinn,NEW YORK KNICKS,HOME,MIAMI HEAT,LOSS,730,2,6,0,1,0,0,2,3,2,0,1,0,0,5.0
augusdj01,D.J. Augustin,ORLANDO MAGIC,HOME,OKLAHOMA CITY THUNDER,LOSS,903,2,5,0,2,4,4,0,2,2,1,0,3,1,4.9
pachuza01,Zaza Pachulia,GOLDEN STATE WARRIORS,AWAY,SAN ANTONIO SPURS,WIN,1063,2,7,0,0,2,2,4,0,2,1,0,1,3,4.9
ennisja01,James Ennis,MEMPHIS GRIZZLIES,HOME,INDIANA PACERS,WIN,1922,3,9,0,3,1,1,2,8,2,2,0,2,6,4.7
caulewi01,Willie Cauley-Stein,SACRAMENTO KINGS,HOME,UTAH JAZZ,LOSS,1735,3,9,0,0,1,2,0,8,1,1,0,1,0,4.6
noelne01,Nerlens Noel,DALLAS MAVERICKS,AWAY,NEW ORLEANS PELICANS,LOSS,1371,3,9,0,0,1,1,2,4,0,1,1,0,4,4.6
turnemy01,Myles Turner,INDIANA PACERS,AWAY,MEMPHIS GRIZZLIES,LOSS,1698,4,9,0,1,1,1,0,5,1,0,1,1,4,4.6
ginobma01,Manu Ginóbili,SAN ANTONIO SPURS,HOME,GOLDEN STATE WARRIORS,LOSS,1017,2,7,2,5,0,0,0,1,3,2,0,1,2,4.5
teletmi01,Mirza Teletović,MILWAUKEE BUCKS,AWAY,BOSTON CELTICS,WIN,1300,3,8,2,7,0,0,0,2,1,0,0,0,1,4.5
clarkia01,Ian Clark,GOLDEN STATE WARRIORS,AWAY,SAN ANTONIO SPURS,WIN,863,3,5,1,1,0,0,0,0,1,0,0,1,0,4.4
makerth01,Thon Maker,MILWAUKEE BUCKS,AWAY,BOSTON CELTICS,WIN,757,2,2,0,0,0,0,1,1,0,0,2,1,1,4.4
oladivi01,Victor Oladipo,OKLAHOMA CITY THUNDER,AWAY,ORLANDO MAGIC,WIN,2621,5,17,1,6,2,2,0,5,1,1,1,1,4,4.4
papagge01,Georgios Papagiannis,SACRAMENTO KINGS,HOME,UTAH JAZZ,LOSS,1191,4,7,0,0,0,0,0,3,2,0,0,1,4,4.4
harrian01,Andrew Harrison,MEMPHIS GRIZZLIES,HOME,INDIANA PACERS,WIN,932,2,2,0,0,0,0,0,0,3,0,0,0,3,4.3
youngjo01,Joe Young,INDIANA PACERS,AWAY,MEMPHIS GRIZZLIES,LOSS,167,1,1,0,0,2,2,0,2,0,0,0,0,0,4.3
ellinwa01,Wayne Ellington,MIAMI HEAT,AWAY,NEW YORK KNICKS,WIN,1156,3,9,2,4,0,0,1,1,1,0,0,0,1,4.2
dellama01,Matthew Dellavedova,MILWAUKEE BUCKS,AWAY,BOSTON CELTICS,WIN,1157,2,5,0,1,3,3,0,1,5,0,0,2,5,4.1
mbahalu01,Luc Mbah a Moute,LOS ANGELES CLIPPERS,HOME,WASHINGTON WIZARDS,WIN,1299,2,2,0,0,1,3,0,1,0,1,0,0,2,4.1
hawessp01,Spencer Hawes,MILWAUKEE BUCKS,AWAY,BOSTON CELTICS,WIN,340,2,3,0,1,0,0,0,0,1,1,0,0,1,4.0
livinsh01,Shaun Livingston,GOLDEN STATE WARRIORS,AWAY,SAN ANTONIO SPURS,WIN,731,2,4,0,0,1,1,0,0,3,0,1,1,2,4.0
ndourma01,Maurice Ndour,NEW YORK KNICKS,HOME,MIAMI HEAT,LOSS,302,1,2,0,0,1,1,2,2,0,0,0,0,0,4.0
mooreet01,E'Twaun Moore,NEW ORLEANS PELICANS,HOME,DALLAS MAVERICKS,WIN,1025,1,7,1,5,2,2,0,0,3,1,1,0,1,3.9
powelno01,Norman Powell,TORONTO RAPTORS,HOME,CHARLOTTE HORNETS,LOSS,1161,2,6,1,5,5,8,0,3,0,1,0,3,1,3.9
terryja01,Jason Terry,MILWAUKEE BUCKS,AWAY,BOSTON CELTICS,WIN,1429,2,2,0,0,0,0,0,2,0,1,1,1,2,3.9
abrinal01,Álex Abrines,OKLAHOMA CITY THUNDER,AWAY,ORLANDO MAGIC,WIN,1304,2,8,2,6,0,0,1,0,1,2,0,0,2,3.8
luwawti01,Timothé Luwawu-Cabarrot,PHILADELPHIA 76ERS,HOME,ATLANTA HAWKS,LOSS,1948,2,10,1,7,0,0,2,7,4,0,1,0,5,3.8
mcgeeja01,JaVale McGee,GOLDEN STATE WARRIORS,AWAY,SAN ANTONIO SPURS,WIN,735,2,6,0,0,0,0,1,3,0,1,3,0,4,3.7
muscami01,Mike Muscala,ATLANTA HAWKS,AWAY,PHILADELPHIA 76ERS,WIN,929,0,0,0,0,0,0,0,4,1,2,0,0,1,3.5
poweldw01,Dwight Powell,DALLAS MAVERICKS,AWAY,NEW ORLEANS PELICANS,LOSS,894,3,5,0,1,0,0,0,2,0,0,0,0,2,3.5
teaguje01,Jeff Teague,INDIANA PACERS,AWAY,MEMPHIS GRIZZLIES,LOSS,1172,2,6,0,4,0,0,0,1,5,0,0,1,0,3.4
crowdja01,Jae Crowder,BOSTON CELTICS,HOME,MILWAUKEE BUCKS,LOSS,2201,4,12,0,6,5,7,1,1,3,0,0,4,3,3.3
porteot01,Otto Porter,WASHINGTON WIZARDS,AWAY,LOS ANGELES CLIPPERS,LOSS,1450,2,6,0,1,0,0,0,2,2,1,0,0,1,3.2
reedwi02,Willie Reed,MIAMI HEAT,AWAY,NEW YORK KNICKS,WIN,1007,1,2,0,0,1,2,0,1,1,1,0,0,1,3.2
tuckepj01,P.J. Tucker,TORONTO RAPTORS,HOME,CHARLOTTE HORNETS,LOSS,1362,2,4,2,3,0,0,2,1,1,0,0,2,3,3.2
evansty01,Tyreke Evans,SACRAMENTO KINGS,HOME,UTAH JAZZ,LOSS,1493,4,12,1,5,0,0,1,2,1,2,0,2,3,3.0
princta02,Taurean Waller-Prince,ATLANTA HAWKS,AWAY,PHILADELPHIA 76ERS,WIN,2093,2,8,1,3,4,4,1,3,0,2,0,4,2,3.0
mahinia01,Ian Mahinmi,WASHINGTON WIZARDS,AWAY,LOS ANGELES CLIPPERS,LOSS,1469,2,6,0,0,1,5,5,3,1,0,0,0,6,2.7
wrighde01,Delon Wright,TORONTO RAPTORS,HOME,CHARLOTTE HORNETS,LOSS,847,1,3,0,1,0,0,0,0,4,0,0,0,1,2.7
hillso01,Solomon Hill,NEW ORLEANS PELICANS,HOME,DALLAS MAVERICKS,WIN,2180,2,7,2,5,1,2,1,3,1,0,0,1,3,2.6
vujacsa01,Sasha Vujačić,NEW YORK KNICKS,HOME,MIAMI HEAT,LOSS,172,2,5,1,3,0,0,0,0,1,0,0,0,1,2.6
barnema02,Matt Barnes,GOLDEN STATE WARRIORS,AWAY,SAN ANTONIO SPURS,WIN,1546,1,3,1,2,0,0,1,4,4,0,0,2,4,2.4
anthoca01,Carmelo Anthony,NEW YORK KNICKS,HOME,MIAMI HEAT,LOSS,1710,4,12,1,5,0,0,0,7,1,0,0,2,2,2.2
gibsota01,Taj Gibson,OKLAHOMA CITY THUNDER,AWAY,ORLANDO MAGIC,WIN,1429,1,5,0,0,0,0,0,4,0,2,0,0,0,2.1
sabondo01,Domantas Sabonis,OKLAHOMA CITY THUNDER,AWAY,ORLANDO MAGIC,WIN,638,1,3,1,1,1,2,0,2,0,0,0,0,1,2.1
speigma01,Marreese Speights,LOS ANGELES CLIPPERS,HOME,WASHINGTON WIZARDS,WIN,582,2,5,1,3,0,0,1,1,0,0,2,1,4,2.1
anderky01,Kyle Anderson,SAN ANTONIO SPURS,HOME,GOLDEN STATE WARRIORS,LOSS,786,2,4,0,1,0,0,0,1,1,0,0,1,0,2.0
serapke01,Kevin Séraphin,INDIANA PACERS,AWAY,MEMPHIS GRIZZLIES,LOSS,174,1,3,0,0,0,0,1,1,0,0,1,0,0,2.0
uthofja01,Jarrod Uthoff,DALLAS MAVERICKS,AWAY,NEW ORLEANS PELICANS,LOSS,165,1,3,0,0,0,0,1,1,1,0,0,0,0,2.0
youngja01,James Young,BOSTON CELTICS,HOME,MILWAUKEE BUCKS,LOSS,294,1,2,1,2,0,0,0,0,0,0,0,0,0,2.0
chrisse01,Semaj Christon,OKLAHOMA CITY THUNDER,AWAY,ORLANDO MAGIC,WIN,720,1,2,0,1,0,0,0,1,0,1,0,0,1,1.9
plumlma02,Marshall Plumlee,NEW YORK KNICKS,HOME,MIAMI HEAT,LOSS,172,0,0,0,0,0,0,1,1,1,0,0,0,0,1.7
brownja02,Jaylen Brown,BOSTON CELTICS,HOME,MILWAUKEE BUCKS,LOSS,799,1,3,1,2,0,0,0,1,0,0,0,0,0,1.6
fraziti01,Tim Frazier,NEW ORLEANS PELICANS,HOME,DALLAS MAVERICKS,WIN,1459,1,2,0,1,0,0,1,1,3,0,0,1,4,1.5
humphkr01,Kris Humphries,ATLANTA HAWKS,AWAY,PHILADELPHIA 76ERS,WIN,652,0,3,0,0,2,2,1,3,0,0,0,0,0,1.5
forbebr01,Bryn Forbes,SAN ANTONIO SPURS,HOME,GOLDEN STATE WARRIORS,LOSS,52,0,0,0,0,0,0,1,0,1,0,0,0,0,1.4
lylestr01,Trey Lyles,UTAH JAZZ,AWAY,SACRAMENTO KINGS,WIN,349,1,3,0,1,0,0,0,1,1,0,0,0,0,1.3
poeltja01,Jakob Poeltl,TORONTO RAPTORS,HOME,CHARLOTTE HORNETS,LOSS,368,0,1,0,0,0,0,3,1,0,0,0,0,1,1.3
greendr01,Draymond Green,GOLDEN STATE WARRIORS,AWAY,SAN ANTONIO SPURS,WIN,2039,2,4,0,1,0,0,1,5,4,2,0,7,2,1.2
kiddgmi01,Michael Kidd-Gilchrist,CHARLOTTE HORNETS,AWAY,TORONTO RAPTORS,WIN,1894,2,9,0,0,2,2,0,5,0,0,0,0,2,1.2
millspa02,Patty Mills,SAN ANTONIO SPURS,HOME,GOLDEN STATE WARRIORS,LOSS,1388,1,4,1,3,3,5,1,1,0,0,0,2,2,1.0
kuzmimi01,Mindaugas Kuzminskas,NEW YORK KNICKS,HOME,MIAMI HEAT,LOSS,868,2,8,0,2,0,0,2,1,1,0,1,1,1,0.9
roziete01,Terry Rozier,BOSTON CELTICS,HOME,MILWAUKEE BUCKS,LOSS,511,1,5,0,2,0,0,0,1,1,1,0,0,0,0.9
bogdabo02,Bojan Bogdanović,WASHINGTON WIZARDS,AWAY,LOS ANGELES CLIPPERS,LOSS,956,1,4,1,4,0,0,0,2,0,0,0,0,1,0.8
grantje01,Jerami Grant,OKLAHOMA CITY THUNDER,AWAY,ORLANDO MAGIC,WIN,1155,0,3,0,2,0,2,1,2,2,0,2,0,1,0.8
babbilu01,Luke Babbitt,MIAMI HEAT,AWAY,NEW YORK KNICKS,WIN,931,1,2,1,2,0,0,0,1,0,0,0,0,4,0.7
mcgruro01,Rodney McGruder,MIAMI HEAT,AWAY,NEW YORK KNICKS,WIN,776,3,5,0,1,0,0,0,0,0,0,0,1,5,0.7
danietr01,Troy Daniels,MEMPHIS GRIZZLIES,HOME,INDIANA PACERS,WIN,1135,2,10,1,7,0,0,0,1,2,0,0,0,0,0.5
davisde01,Deyonta Davis,MEMPHIS GRIZZLIES,HOME,INDIANA PACERS,WIN,599,0,1,0,0,0,0,0,3,0,0,1,0,1,0.5
burksal01,Alec Burks,UTAH JAZZ,AWAY,SACRAMENTO KINGS,WIN,522,1,3,0,0,1,2,0,1,0,1,0,1,2,0.4
carrode01,DeMarre Carroll,TORONTO RAPTORS,HOME,CHARLOTTE HORNETS,LOSS,1513,1,5,1,3,0,0,0,3,1,0,1,1,2,0.4
schrode01,Dennis Schröder,ATLANTA HAWKS,AWAY,PHILADELPHIA 76ERS,WIN,2262,6,16,0,0,2,2,1,2,5,1,0,9,4,0.4
caldejo01,José Calderón,ATLANTA HAWKS,AWAY,PHILADELPHIA 76ERS,WIN,618,0,2,0,0,0,0,1,1,1,0,0,0,0,0.3
niangge01,Georges Niang,INDIANA PACERS,AWAY,MEMPHIS GRIZZLIES,LOSS,167,0,0,0,0,0,0,0,1,0,0,0,0,0,0.3
feltora01,Raymond Felton,LOS ANGELES CLIPPERS,HOME,WASHINGTON WIZARDS,WIN,699,1,2,0,0,0,0,0,2,0,0,0,1,1,0.2
jennibr01,Brandon Jennings,WASHINGTON WIZARDS,AWAY,LOS ANGELES CLIPPERS,LOSS,717,0,2,0,1,0,0,0,2,4,0,0,1,2,0.2
piercpa01,Paul Pierce,LOS ANGELES CLIPPERS,HOME,WASHINGTON WIZARDS,WIN,481,0,0,0,0,0,0,0,3,0,0,0,0,2,0.1
baldwwa01,Wade Baldwin,MEMPHIS GRIZZLIES,HOME,INDIANA PACERS,WIN,167,0,1,0,1,0,0,0,0,1,0,0,0,0,0.0
bembrde01,DeAndre' Bembry,ATLANTA HAWKS,AWAY,PHILADELPHIA 76ERS,WIN,331,0,0,0,0,0,0,0,0,0,0,0,0,0,0.0
bertada01,Dāvis Bertāns,SAN ANTONIO SPURS,HOME,GOLDEN STATE WARRIORS,LOSS,52,0,0,0,0,0,0,0,0,0,0,0,0,0,0.0
mcadoja01,James Michael McAdoo,GOLDEN STATE WARRIORS,AWAY,SAN ANTONIO SPURS,WIN,52,0,0,0,0,0,0,0,0,0,0,0,0,0,0.0
mccawpa01,Patrick McCaw,GOLDEN STATE WARRIORS,AWAY,SAN ANTONIO SPURS,WIN,52,0,0,0,0,0,0,0,0,0,0,0,0,0,0.0
mcderdo01,Doug McDermott,OKLAHOMA CITY THUNDER,AWAY,ORLANDO MAGIC,WIN,205,0,0,0,0,0,0,0,0,0,0,0,0,0,0.0
simmojo02,Jonathon Simmons,SAN ANTONIO SPURS,HOME,GOLDEN STATE WARRIORS,LOSS,52,0,0,0,0,0,0,0,0,0,0,0,0,0,0.0
coleno01,Norris Cole,OKLAHOMA CITY THUNDER,AWAY,ORLANDO MAGIC,WIN,255,0,1,0,0,0,0,0,0,0,1,0,0,1,-0.1
chrisra01,Rakeem Christmas,INDIANA PACERS,AWAY,MEMPHIS GRIZZLIES,LOSS,863,1,4,0,0,1,2,1,1,0,0,1,1,3,-0.3
tollian01,Anthony Tolliver,SACRAMENTO KINGS,HOME,UTAH JAZZ,LOSS,874,0,3,0,1,0,0,0,1,2,0,0,0,0,-0.4
ellismo01,Monta Ellis,INDIANA PACERS,AWAY,MEMPHIS GRIZZLIES,LOSS,1944,1,5,0,2,0,0,0,3,1,0,2,2,1,-0.5
harride01,Devin Harris,DALLAS MAVERICKS,AWAY,NEW ORLEANS PELICANS,LOSS,374,1,3,0,1,0,0,0,0,0,0,0,0,2,-0.5
jerebjo01,Jonas Jerebko,BOSTON CELTICS,HOME,MILWAUKEE BUCKS,LOSS,246,0,0,0,0,0,0,0,1,0,0,0,1,0,-0.7
olynyke01,Kelly Olynyk,BOSTON CELTICS,HOME,MILWAUKEE BUCKS,LOSS,420,0,1,0,0,0,0,0,0,0,0,0,0,0,-0.7
seldewa01,Wayne Selden,MEMPHIS GRIZZLIES,HOME,INDIANA PACERS,WIN,242,0,1,0,1,0,0,0,0,0,0,0,0,0,-0.7
anderal01,Alan Anderson,LOS ANGELES CLIPPERS,HOME,WASHINGTON WIZARDS,WIN,205,0,0,0,0,0,0,0,0,0,0,0,0,2,-0.8
zelleco01,Cody Zeller,CHARLOTTE HORNETS,AWAY,TORONTO RAPTORS,WIN,1617,0,3,0,0,0,0,1,5,4,0,1,2,6,-0.8
snellto01,Tony Snell,MILWAUKEE BUCKS,AWAY,BOSTON CELTICS,WIN,2028,1,6,1,5,0,0,0,1,0,0,0,0,1,-0.9
gallola01,Langston Galloway,SACRAMENTO KINGS,HOME,UTAH JAZZ,LOSS,1164,1,4,0,1,0,0,0,1,0,0,0,1,0,-1.1
hieldbu01,Buddy Hield,SACRAMENTO KINGS,HOME,UTAH JAZZ,LOSS,1774,1,7,0,3,0,0,0,2,1,1,0,1,0,-1.2
bakerro01,Ron Baker,NEW YORK KNICKS,HOME,MIAMI HEAT,LOSS,2417,2,12,0,5,2,3,2,3,3,0,0,3,3,-1.8
hendege02,Gerald Henderson,PHILADELPHIA 76ERS,HOME,ATLANTA HAWKS,LOSS,1331,2,10,1,6,0,0,1,3,2,1,0,3,4,-1.8
riverau01,Austin Rivers,LOS ANGELES CLIPPERS,HOME,WASHINGTON WIZARDS,WIN,483,0,3,0,2,0,0,0,1,0,0,0,0,0,-1.8
meeksjo01,Jodie Meeks,ORLANDO MAGIC,HOME,OKLAHOMA CITY THUNDER,LOSS,835,0,4,0,2,0,0,0,1,1,1,0,0,3,-2.0
parketo01,Tony Parker,SAN ANTONIO SPURS,HOME,GOLDEN STATE WARRIORS,LOSS,1440,0,4,0,0,0,0,0,0,2,2,0,2,2,-2.2
exumda01,Dante Exum,UTAH JAZZ,AWAY,SACRAMENTO KINGS,WIN,1358,0,6,0,5,0,0,1,2,2,0,0,2,4,-5.1
