slug,name,team,location,opponent,outcome,seconds_played,made_field_goals,attempted_field_goals,made_three_point_field_goals,attempted_three_point_field_goals,made_free_throws,attempted_free_throws,offensive_rebounds,defensive_rebounds,assists,steals,blocks,turnovers,personal_fouls,game_score
peteral01,Alec Peters,PHOENIX SUNS,AWAY,DALLAS MAVERICKS,WIN,1703,12,20,8,13,4,4,1,8,2,1,0,1,1,30.9
walljo01,John Wall,WASHINGTON WIZARDS,HOME,BOSTON CELTICS,WIN,2185,9,16,4,5,7,9,0,7,12,3,3,7,5,27.2
redicjj01,J.J. Redick,PHILADELPHIA 76ERS,AWAY,ATLANTA HAWKS,WIN,1950,9,17,6,9,4,5,0,4,5,0,0,2,1,21.6
ilyaser01,Ersan İlyasova,PHILADELPHIA 76ERS,AWAY,ATLANTA HAWKS,WIN,1880,8,16,4,8,6,8,1,7,2,1,2,2,1,21.4
paulch01,Chris Paul,HOUSTON ROCKETS,AWAY,LOS ANGELES LAKERS,WIN,1634,9,14,4,7,0,0,0,3,6,1,0,0,3,20.7
kaminfr01,Frank Kaminsky,CHARLOTTE HORNETS,AWAY,INDIANA PACERS,WIN,1648,10,17,3,8,1,1,1,6,1,0,1,0,0,20.0
ingraan01,Andre Ingram,LOS ANGELES LAKERS,HOME,HOUSTON ROCKETS,LOSS,1753,6,8,4,5,3,3,0,3,1,1,3,1,2,18.7
harrish01,Shaquille Harrison,PHOENIX SUNS,AWAY,DALLAS MAVERICKS,WIN,2137,8,11,0,2,2,3,1,3,10,2,0,4,3,18.5
johnsam01,Amir Johnson,PHILADELPHIA 76ERS,AWAY,ATLANTA HAWKS,WIN,1504,7,9,1,3,0,0,3,5,5,1,0,0,4,18.0
mitchdo01,Donovan Mitchell,UTAH JAZZ,HOME,GOLDEN STATE WARRIORS,WIN,1576,8,12,4,5,2,2,1,2,1,2,0,2,2,18.0
brownja02,Jaylen Brown,BOSTON CELTICS,AWAY,WASHINGTON WIZARDS,LOSS,1919,8,18,6,10,5,6,0,1,2,2,0,3,1,17.5
lenal01,Alex Len,PHOENIX SUNS,AWAY,DALLAS MAVERICKS,WIN,1613,8,10,0,0,2,4,1,4,6,0,1,2,2,17.4
hardeja01,James Harden,HOUSTON ROCKETS,AWAY,LOS ANGELES LAKERS,WIN,1851,6,15,3,7,6,6,1,3,10,1,1,6,0,17.2
rubiori01,Ricky Rubio,UTAH JAZZ,HOME,GOLDEN STATE WARRIORS,WIN,1172,5,10,1,5,2,2,2,3,5,3,0,0,0,16.8
princta02,Taurean Prince,ATLANTA HAWKS,HOME,PHILADELPHIA 76ERS,LOSS,1863,9,25,6,18,3,4,2,2,6,1,0,3,1,16.5
bendedr01,Dragan Bender,PHOENIX SUNS,AWAY,DALLAS MAVERICKS,WIN,2264,5,6,3,4,2,3,1,12,2,0,2,2,3,16.3
favorde01,Derrick Favors,UTAH JAZZ,HOME,GOLDEN STATE WARRIORS,WIN,1289,7,9,2,3,0,1,3,6,1,0,1,0,3,16.2
ulisty01,Tyler Ulis,PHOENIX SUNS,AWAY,DALLAS MAVERICKS,WIN,1706,5,10,1,3,3,3,0,0,8,2,1,2,1,14.9
dedmode01,Dewayne Dedmon,ATLANTA HAWKS,HOME,PHILADELPHIA 76ERS,LOSS,1516,4,8,0,1,6,7,0,7,2,0,3,0,1,14.8
randlju01,Julius Randle,LOS ANGELES LAKERS,HOME,HOUSTON ROCKETS,LOSS,1071,7,12,0,1,3,3,5,3,1,2,0,3,2,14.7
batumni01,Nicolas Batum,CHARLOTTE HORNETS,AWAY,INDIANA PACERS,WIN,1232,5,9,2,4,2,2,2,2,6,0,0,2,0,13.9
willima02,Marvin Williams,CHARLOTTE HORNETS,AWAY,INDIANA PACERS,WIN,1232,5,12,5,9,0,0,1,3,3,1,2,0,2,13.9
hartjo01,Josh Hart,LOS ANGELES LAKERS,HOME,HOUSTON ROCKETS,LOSS,2379,8,17,2,8,2,2,0,7,0,2,0,1,2,13.6
houseda01,Danuel House,PHOENIX SUNS,AWAY,DALLAS MAVERICKS,WIN,2394,7,12,1,3,1,2,1,7,3,0,0,1,1,13.5
walkeke02,Kemba Walker,CHARLOTTE HORNETS,AWAY,INDIANA PACERS,WIN,1484,6,11,3,6,0,0,0,2,5,0,0,1,0,12.8
collijo01,John Collins,ATLANTA HAWKS,HOME,PHILADELPHIA 76ERS,LOSS,1853,5,10,1,2,2,5,3,6,5,1,0,2,2,12.4
goberru01,Rudy Gobert,UTAH JAZZ,HOME,GOLDEN STATE WARRIORS,WIN,1701,5,7,0,0,3,4,1,3,2,0,2,1,2,12.3
belinma01,Marco Belinelli,PHILADELPHIA 76ERS,AWAY,ATLANTA HAWKS,WIN,1947,6,15,5,12,3,4,0,4,0,1,1,1,3,12.2
dorsety01,Tyler Dorsey,ATLANTA HAWKS,HOME,PHILADELPHIA 76ERS,LOSS,1252,6,12,4,6,1,2,0,2,1,1,0,0,2,12.1
howardw01,Dwight Howard,CHARLOTTE HORNETS,AWAY,INDIANA PACERS,WIN,1633,6,14,0,0,2,4,3,14,0,0,1,0,2,12.0
scottmi01,Mike Scott,WASHINGTON WIZARDS,HOME,BOSTON CELTICS,WIN,1412,6,9,0,2,0,0,5,3,3,0,0,2,2,11.8
horfoal01,Al Horford,BOSTON CELTICS,AWAY,WASHINGTON WIZARDS,LOSS,1898,3,10,0,3,4,4,5,9,3,1,0,2,0,11.5
bealbr01,Bradley Beal,WASHINGTON WIZARDS,HOME,BOSTON CELTICS,WIN,2280,6,16,3,7,4,4,1,3,4,0,0,2,3,11.4
poweldw01,Dwight Powell,DALLAS MAVERICKS,HOME,PHOENIX SUNS,LOSS,1287,3,6,0,1,2,2,3,2,3,2,0,0,1,11.4
bembrde01,DeAndre' Bembry,ATLANTA HAWKS,HOME,PHILADELPHIA 76ERS,LOSS,1347,3,7,0,0,1,2,0,4,7,5,0,2,2,11.2
stoneju01,Julyan Stone,CHARLOTTE HORNETS,AWAY,INDIANA PACERS,WIN,1396,2,3,2,3,0,0,1,3,6,1,0,0,2,10.7
greenge01,Gerald Green,HOUSTON ROCKETS,AWAY,LOS ANGELES LAKERS,WIN,1430,5,10,3,6,3,3,0,6,0,1,0,2,3,10.6
sabondo01,Domantas Sabonis,INDIANA PACERS,HOME,CHARLOTTE HORNETS,LOSS,963,5,9,0,0,0,0,3,7,1,0,1,0,2,10.5
motlejo01,Johnathan Motley,DALLAS MAVERICKS,HOME,PHOENIX SUNS,LOSS,1708,9,19,0,2,3,4,4,2,1,0,0,3,4,10.4
ennisty01,Tyler Ennis,LOS ANGELES LAKERS,HOME,HOUSTON ROCKETS,LOSS,1395,4,7,0,0,2,2,0,4,4,2,0,2,1,10.3
jonesja04,Jalen Jones,DALLAS MAVERICKS,HOME,PHOENIX SUNS,LOSS,2099,5,14,2,6,3,4,4,1,2,2,0,1,5,10.3
colliky01,Kyle Collinsworth,DALLAS MAVERICKS,HOME,PHOENIX SUNS,LOSS,2668,4,13,0,2,2,4,3,8,8,1,0,2,2,10.0
satorto01,Tomáš Satoranský,WASHINGTON WIZARDS,HOME,BOSTON CELTICS,WIN,1228,3,4,1,2,0,0,1,4,5,1,0,1,2,10.0
simmobe01,Ben Simmons,PHILADELPHIA 76ERS,AWAY,ATLANTA HAWKS,WIN,1733,5,9,0,0,4,8,1,9,6,2,1,6,6,10.0
stephla01,Lance Stephenson,INDIANA PACERS,HOME,CHARLOTTE HORNETS,LOSS,1988,3,10,1,6,2,4,1,12,4,2,1,1,3,10.0
collida01,Darren Collison,INDIANA PACERS,HOME,CHARLOTTE HORNETS,LOSS,1230,5,12,3,5,0,0,0,3,4,0,0,0,1,9.9
porteot01,Otto Porter,WASHINGTON WIZARDS,HOME,BOSTON CELTICS,WIN,1100,5,8,2,2,0,0,2,3,2,1,0,2,3,9.9
looneke01,Kevon Looney,GOLDEN STATE WARRIORS,AWAY,UTAH JAZZ,LOSS,1276,6,9,0,0,0,1,3,2,0,2,0,1,4,9.8
robingl02,Glenn Robinson,INDIANA PACERS,HOME,CHARLOTTE HORNETS,LOSS,2422,5,11,3,4,0,0,2,6,1,0,0,1,1,9.8
capelca01,Clint Capela,HOUSTON ROCKETS,AWAY,LOS ANGELES LAKERS,WIN,1287,5,9,0,0,0,0,4,8,0,1,0,1,3,9.7
jerebjo01,Jonas Jerebko,UTAH JAZZ,HOME,GOLDEN STATE WARRIORS,WIN,1237,5,9,4,8,0,0,0,6,1,0,0,1,4,9.6
onealro01,Royce O'Neale,UTAH JAZZ,HOME,GOLDEN STATE WARRIORS,WIN,956,4,4,1,1,0,0,0,5,0,0,1,0,2,9.2
monrogr01,Greg Monroe,BOSTON CELTICS,AWAY,WASHINGTON WIZARDS,LOSS,1129,4,6,0,0,2,3,2,4,2,2,0,2,5,9.0
tatumja01,Jayson Tatum,BOSTON CELTICS,AWAY,WASHINGTON WIZARDS,LOSS,1550,3,11,2,3,4,5,0,3,2,4,0,2,1,9.0
jeffeal01,Al Jefferson,INDIANA PACERS,HOME,CHARLOTTE HORNETS,LOSS,805,5,7,0,1,2,2,0,5,0,0,0,1,2,8.8
klebima01,Maxi Kleber,DALLAS MAVERICKS,HOME,PHOENIX SUNS,LOSS,878,4,7,2,4,0,0,0,2,1,0,1,0,0,8.7
oubreke01,Kelly Oubre,WASHINGTON WIZARDS,HOME,BOSTON CELTICS,WIN,1748,4,8,3,4,0,0,0,5,2,2,0,2,3,8.7
leaftj01,T.J. Leaf,INDIANA PACERS,HOME,CHARLOTTE HORNETS,LOSS,1298,6,12,0,3,1,2,2,1,1,0,0,0,1,8.6
allenka01,Kadeem Allen,BOSTON CELTICS,AWAY,WASHINGTON WIZARDS,LOSS,179,2,2,0,0,2,3,1,2,3,0,0,0,0,8.4
muscami01,Mike Muscala,ATLANTA HAWKS,HOME,PHILADELPHIA 76ERS,LOSS,1397,3,7,1,4,2,2,2,2,2,0,0,0,1,8.3
carusal01,Alex Caruso,LOS ANGELES LAKERS,HOME,HOUSTON ROCKETS,LOSS,1610,3,8,1,4,2,2,1,3,6,2,0,3,3,8.2
johnsjo02,Joe Johnson,HOUSTON ROCKETS,AWAY,LOS ANGELES LAKERS,WIN,811,2,2,2,2,3,3,0,2,0,0,0,0,2,8.2
monkma01,Malik Monk,CHARLOTTE HORNETS,AWAY,INDIANA PACERS,WIN,1510,6,16,3,10,2,2,0,0,2,0,0,1,1,8.2
crowdja01,Jae Crowder,UTAH JAZZ,HOME,GOLDEN STATE WARRIORS,WIN,1276,4,12,0,6,3,4,1,5,1,1,1,0,1,8.0
harriaa01,Aaron Harrison,DALLAS MAVERICKS,HOME,PHOENIX SUNS,LOSS,2880,5,18,2,9,4,6,2,2,1,2,0,0,4,7.7
finnedo01,Dorian Finney-Smith,DALLAS MAVERICKS,HOME,PHOENIX SUNS,LOSS,2438,6,17,1,7,1,2,2,5,4,1,0,2,3,7.6
inglejo01,Joe Ingles,UTAH JAZZ,HOME,GOLDEN STATE WARRIORS,WIN,1465,2,4,0,2,0,0,0,4,8,1,1,3,0,7.5
hernawi01,Willy Hernangómez,CHARLOTTE HORNETS,AWAY,INDIANA PACERS,WIN,1247,2,7,0,0,2,3,4,7,0,1,2,1,1,7.4
covinro01,Robert Covington,PHILADELPHIA 76ERS,AWAY,ATLANTA HAWKS,WIN,2189,2,7,1,5,1,2,1,7,4,1,3,3,0,7.2
thompkl01,Klay Thompson,GOLDEN STATE WARRIORS,AWAY,UTAH JAZZ,LOSS,2114,9,27,3,8,2,2,0,1,1,1,0,2,2,6.9
dudleja01,Jared Dudley,PHOENIX SUNS,AWAY,DALLAS MAVERICKS,WIN,1915,2,4,0,1,1,2,0,6,4,0,2,1,3,6.4
pachuza01,Zaza Pachulia,GOLDEN STATE WARRIORS,AWAY,UTAH JAZZ,LOSS,780,1,3,0,0,2,2,3,3,2,0,0,0,1,6.3
mcgeeja01,JaVale McGee,GOLDEN STATE WARRIORS,AWAY,UTAH JAZZ,LOSS,660,2,3,0,0,1,1,1,3,0,1,1,1,0,6.0
duranke01,Kevin Durant,GOLDEN STATE WARRIORS,AWAY,UTAH JAZZ,LOSS,1761,5,12,0,3,3,3,0,4,1,0,0,2,2,5.7
kiddgmi01,Michael Kidd-Gilchrist,CHARLOTTE HORNETS,AWAY,INDIANA PACERS,WIN,1370,2,3,0,0,0,0,1,2,0,1,1,0,0,5.7
morrima02,Markieff Morris,WASHINGTON WIZARDS,HOME,BOSTON CELTICS,WIN,1614,4,12,2,8,3,4,0,4,2,0,0,2,3,5.2
youngni01,Nick Young,GOLDEN STATE WARRIORS,AWAY,UTAH JAZZ,LOSS,1467,1,3,1,2,3,3,0,2,1,0,0,0,1,5.2
holmeri01,Richaun Holmes,PHILADELPHIA 76ERS,AWAY,ATLANTA HAWKS,WIN,869,4,5,0,0,0,1,2,3,1,0,0,2,4,5.1
baynear01,Aron Baynes,BOSTON CELTICS,AWAY,WASHINGTON WIZARDS,LOSS,1246,2,7,1,2,0,0,4,2,0,2,1,1,3,4.8
lopezbr01,Brook Lopez,LOS ANGELES LAKERS,HOME,HOUSTON ROCKETS,LOSS,976,5,11,1,5,1,1,0,4,0,0,0,2,2,4.7
larkish01,Shane Larkin,BOSTON CELTICS,AWAY,WASHINGTON WIZARDS,LOSS,1255,1,3,0,0,0,0,0,2,2,3,0,0,2,4.5
lambje01,Jeremy Lamb,CHARLOTTE HORNETS,AWAY,INDIANA PACERS,WIN,1455,2,6,0,1,0,0,0,3,4,1,0,1,0,4.3
plumlmi01,Miles Plumlee,ATLANTA HAWKS,HOME,PHILADELPHIA 76ERS,LOSS,994,1,1,0,0,2,2,1,2,0,0,0,0,2,4.2
sessira01,Ramon Sessions,WASHINGTON WIZARDS,HOME,BOSTON CELTICS,WIN,99,1,1,0,0,1,1,0,0,2,0,0,0,0,4.1
gibsojo01,Jonathan Gibson,BOSTON CELTICS,AWAY,WASHINGTON WIZARDS,LOSS,179,2,2,1,1,0,0,0,0,0,0,0,0,1,4.0
josepco01,Cory Joseph,INDIANA PACERS,HOME,CHARLOTTE HORNETS,LOSS,1550,3,10,0,4,0,0,0,2,8,1,0,3,1,4.0
tuckepj01,P.J. Tucker,HOUSTON ROCKETS,AWAY,LOS ANGELES LAKERS,WIN,1349,2,6,2,6,0,0,0,8,0,0,1,1,2,3.9
youngjo01,Joe Young,INDIANA PACERS,HOME,CHARLOTTE HORNETS,LOSS,1320,3,8,1,3,0,0,1,1,1,0,0,0,1,3.9
fultzma01,Markelle Fultz,PHILADELPHIA 76ERS,AWAY,ATLANTA HAWKS,WIN,1147,2,6,0,0,0,2,2,3,3,1,0,1,1,3.8
roziete01,Terry Rozier,BOSTON CELTICS,AWAY,WASHINGTON WIZARDS,LOSS,1958,2,12,1,7,3,4,0,4,6,0,0,1,2,3.6
birdja01,Jabari Bird,BOSTON CELTICS,AWAY,WASHINGTON WIZARDS,LOSS,179,1,1,1,1,0,0,0,0,1,0,0,0,0,3.4
udohek01,Ekpe Udoh,UTAH JAZZ,HOME,GOLDEN STATE WARRIORS,WIN,720,1,3,0,0,0,0,2,1,1,1,0,0,1,3.3
booketr01,Trevor Booker,INDIANA PACERS,HOME,CHARLOTTE HORNETS,LOSS,1137,3,10,0,2,0,0,3,0,1,0,0,0,0,3.0
fryech01,Channing Frye,LOS ANGELES LAKERS,HOME,HOUSTON ROCKETS,LOSS,894,2,6,0,3,0,0,0,3,2,1,0,1,0,2.9
gortama01,Marcin Gortat,WASHINGTON WIZARDS,HOME,BOSTON CELTICS,WIN,1278,2,6,0,0,0,0,0,5,0,1,0,0,1,2.7
gordoer01,Eric Gordon,HOUSTON ROCKETS,AWAY,LOS ANGELES LAKERS,WIN,1633,2,9,2,9,0,0,1,0,2,1,0,1,1,2.2
cookqu01,Quinn Cook,GOLDEN STATE WARRIORS,AWAY,UTAH JAZZ,LOSS,2014,2,8,1,3,3,4,0,4,1,0,0,1,4,2.1
weartr01,Travis Wear,LOS ANGELES LAKERS,HOME,HOUSTON ROCKETS,LOSS,876,1,6,1,4,0,0,0,4,2,1,1,1,1,2.1
clevean01,Antonius Cleveland,ATLANTA HAWKS,HOME,PHILADELPHIA 76ERS,LOSS,762,2,2,1,1,0,0,0,0,0,0,0,0,6,2.0
taylois01,Isaiah Taylor,ATLANTA HAWKS,HOME,PHILADELPHIA 76ERS,LOSS,1677,5,15,0,1,0,0,0,3,4,1,0,3,3,2.0
livinsh01,Shaun Livingston,GOLDEN STATE WARRIORS,AWAY,UTAH JAZZ,LOSS,940,1,5,0,1,0,0,0,2,4,0,0,0,1,1.9
naderab01,Abdel Nader,BOSTON CELTICS,AWAY,WASHINGTON WIZARDS,LOSS,179,1,1,0,0,0,0,0,0,0,0,0,0,0,1.7
paytoga02,Gary Payton,LOS ANGELES LAKERS,HOME,HOUSTON ROCKETS,LOSS,495,0,2,0,1,0,0,2,0,1,1,0,0,0,1.7
sumneed01,Edmond Sumner,INDIANA PACERS,HOME,CHARLOTTE HORNETS,LOSS,130,1,1,0,0,0,0,0,1,0,0,0,0,1,1.6
burksal01,Alec Burks,UTAH JAZZ,HOME,GOLDEN STATE WARRIORS,WIN,720,1,6,1,3,0,0,1,3,2,0,0,0,2,1.4
qizh01,Zhou Qi,HOUSTON ROCKETS,AWAY,LOS ANGELES LAKERS,WIN,327,0,0,0,0,1,2,1,0,0,0,3,2,0,1.4
ferreyo01,Yogi Ferrell,DALLAS MAVERICKS,HOME,PHOENIX SUNS,LOSS,442,1,3,1,2,0,0,0,0,0,0,0,0,0,1.3
niangge01,Georges Niang,UTAH JAZZ,HOME,GOLDEN STATE WARRIORS,WIN,580,1,2,0,0,0,0,1,2,0,0,0,1,0,1.3
hilarne01,Nenê Hilário,HOUSTON ROCKETS,AWAY,LOS ANGELES LAKERS,WIN,738,1,4,0,0,0,0,1,1,0,1,0,0,1,1.2
caldwke01,Kentavious Caldwell-Pope,LOS ANGELES LAKERS,HOME,HOUSTON ROCKETS,LOSS,1271,1,8,1,5,0,0,0,2,3,1,0,0,1,1.1
arizatr01,Trevor Ariza,HOUSTON ROCKETS,AWAY,LOS ANGELES LAKERS,WIN,1847,3,12,0,8,0,0,0,3,1,2,0,1,1,1.0
belljo01,Jordan Bell,GOLDEN STATE WARRIORS,AWAY,UTAH JAZZ,LOSS,799,1,2,0,1,0,0,0,2,1,1,0,2,1,0.9
mahinia01,Ian Mahinmi,WASHINGTON WIZARDS,HOME,BOSTON CELTICS,WIN,1258,1,3,0,0,1,2,1,7,0,0,0,2,2,0.9
mbahalu01,Luc Mbah a Moute,HOUSTON ROCKETS,AWAY,LOS ANGELES LAKERS,WIN,470,1,4,0,1,0,0,0,2,0,1,0,0,1,0.8
zubaciv01,Ivica Zubac,LOS ANGELES LAKERS,HOME,HOUSTON ROCKETS,LOSS,1206,1,3,0,0,0,0,1,4,1,1,0,2,3,0.7
leeda03,Damion Lee,ATLANTA HAWKS,HOME,PHILADELPHIA 76ERS,LOSS,1739,3,11,0,4,1,2,0,3,0,1,0,0,4,0.4
mccontj01,T.J. McConnell,PHILADELPHIA 76ERS,AWAY,ATLANTA HAWKS,WIN,1168,0,3,0,0,0,0,1,1,3,0,1,1,1,0.3
exumda01,Dante Exum,UTAH JAZZ,HOME,GOLDEN STATE WARRIORS,WIN,1128,3,9,0,2,0,0,0,1,2,1,0,3,1,0.2
westda01,David West,GOLDEN STATE WARRIORS,AWAY,UTAH JAZZ,LOSS,809,0,4,0,0,0,0,1,3,0,1,2,1,0,0.2
anigbik01,Ike Anigbogu,INDIANA PACERS,HOME,CHARLOTTE HORNETS,LOSS,130,0,0,0,0,0,0,0,0,0,0,0,0,0,0.0
fraziti01,Tim Frazier,WASHINGTON WIZARDS,HOME,BOSTON CELTICS,WIN,99,0,0,0,0,0,0,0,0,0,0,0,0,0,0.0
smithja02,Jason Smith,WASHINGTON WIZARDS,HOME,BOSTON CELTICS,WIN,99,0,0,0,0,0,0,0,0,0,0,0,0,0,0.0
netora01,Raul Neto,UTAH JAZZ,HOME,GOLDEN STATE WARRIORS,WIN,580,2,3,0,0,0,0,0,1,1,1,0,4,2,-0.1
ojelese01,Semi Ojeleye,BOSTON CELTICS,AWAY,WASHINGTON WIZARDS,LOSS,1326,2,4,1,2,0,0,1,1,0,0,0,3,3,-0.2
quartti01,Tim Quarterman,HOUSTON ROCKETS,AWAY,LOS ANGELES LAKERS,WIN,416,0,1,0,1,2,2,0,1,0,0,0,2,0,-0.4
saricda01,Dario Šarić,PHILADELPHIA 76ERS,AWAY,ATLANTA HAWKS,WIN,13,0,0,0,0,0,0,0,0,0,0,0,0,1,-0.4
blackta01,Tarik Black,HOUSTON ROCKETS,AWAY,LOS ANGELES LAKERS,WIN,607,1,2,0,0,0,0,0,4,0,0,0,2,2,-0.6
morrima03,Marcus Morris,BOSTON CELTICS,AWAY,WASHINGTON WIZARDS,LOSS,1403,2,10,0,4,2,2,0,3,1,0,0,2,0,-0.6
paigema01,Marcus Paige,CHARLOTTE HORNETS,AWAY,INDIANA PACERS,WIN,193,0,1,0,1,0,0,0,0,0,0,0,0,0,-0.7
poythal01,Alex Poythress,INDIANA PACERS,HOME,CHARLOTTE HORNETS,LOSS,193,0,1,0,0,0,0,0,0,0,0,0,0,0,-0.7
greendr01,Draymond Green,GOLDEN STATE WARRIORS,AWAY,UTAH JAZZ,LOSS,1189,2,5,0,1,0,0,0,3,3,0,0,5,1,-1.1
reedda01,Davon Reed,PHOENIX SUNS,AWAY,DALLAS MAVERICKS,WIN,668,1,3,0,0,0,0,0,1,0,0,0,1,2,-1.2
jonesda03,Damian Jones,GOLDEN STATE WARRIORS,AWAY,UTAH JAZZ,LOSS,591,0,5,0,0,0,0,1,1,0,1,0,0,1,-1.9
turnemy01,Myles Turner,INDIANA PACERS,HOME,CHARLOTTE HORNETS,LOSS,1234,1,8,0,3,0,0,1,2,1,0,2,1,3,-2.0
bryanth01,Thomas Bryant,LOS ANGELES LAKERS,HOME,HOUSTON ROCKETS,LOSS,474,0,2,0,0,0,2,0,1,1,0,0,1,2,-3.0
