slug,name,team,location,opponent,outcome,seconds_played,made_field_goals,attempted_field_goals,made_three_point_field_goals,attempted_three_point_field_goals,made_free_throws,attempted_free_throws,offensive_rebounds,defensive_rebounds,assists,steals,blocks,turnovers,personal_fouls,game_score
schrode01,Dennis Schröder,ATLANTA HAWKS,AWAY,WASHINGTON WIZARDS,LOSS,2255,10,18,5,6,4,5,1,0,11,1,0,1,3,27.2
horfoal01,Al Horford,BOSTON CELTICS,HOME,CHICAGO BULLS,WIN,2064,7,11,2,4,5,5,2,5,9,1,0,1,2,24.5
wadedw01,Dwyane Wade,CHICAGO BULLS,AWAY,BOSTON CELTICS,LOSS,2083,7,18,2,6,10,10,2,9,8,0,1,4,0,22.6
bealbr01,Bradley Beal,WASHINGTON WIZARDS,HOME,ATLANTA HAWKS,WIN,2464,11,22,1,9,4,6,0,4,1,3,3,0,2,21.4
porteot01,Otto Porter,WASHINGTON WIZARDS,HOME,ATLANTA HAWKS,WIN,1860,3,4,2,3,9,10,1,4,1,2,1,0,3,19.1
bradlav01,Avery Bradley,BOSTON CELTICS,HOME,CHICAGO BULLS,WIN,2384,11,19,2,5,0,0,2,4,1,1,0,0,2,18.6
walljo01,John Wall,WASHINGTON WIZARDS,HOME,ATLANTA HAWKS,WIN,2356,9,20,1,3,1,1,1,5,14,1,0,4,3,17.4
thomais02,Isaiah Thomas,BOSTON CELTICS,HOME,CHICAGO BULLS,WIN,2170,6,17,1,10,11,11,0,5,4,1,0,3,2,16.0
lopezro01,Robin Lopez,CHICAGO BULLS,AWAY,BOSTON CELTICS,LOSS,1737,6,7,0,0,2,2,3,3,4,1,3,3,5,15.4
bogdabo02,Bojan Bogdanović,WASHINGTON WIZARDS,HOME,ATLANTA HAWKS,WIN,1466,4,7,2,3,4,4,3,4,0,1,0,0,2,14.2
millspa01,Paul Millsap,ATLANTA HAWKS,AWAY,WASHINGTON WIZARDS,LOSS,2114,8,19,0,3,5,6,1,10,2,1,0,3,3,12.4
butleji01,Jimmy Butler,CHICAGO BULLS,AWAY,BOSTON CELTICS,LOSS,2357,6,15,2,4,0,1,0,8,6,0,1,2,0,10.8
olynyke01,Kelly Olynyk,BOSTON CELTICS,HOME,CHICAGO BULLS,WIN,1216,5,9,1,4,3,3,1,4,0,1,0,1,2,10.8
smartma01,Marcus Smart,BOSTON CELTICS,HOME,CHICAGO BULLS,WIN,2059,3,9,2,7,0,0,0,3,8,1,1,0,1,10.7
princta02,Taurean Prince,ATLANTA HAWKS,AWAY,WASHINGTON WIZARDS,LOSS,1910,4,11,0,3,2,2,2,4,4,0,1,1,1,8.6
crowdja01,Jae Crowder,BOSTON CELTICS,HOME,CHICAGO BULLS,WIN,2098,2,11,0,5,4,4,3,5,2,1,2,0,3,7.3
morroan01,Anthony Morrow,CHICAGO BULLS,AWAY,BOSTON CELTICS,LOSS,1003,3,5,0,0,2,2,0,2,2,0,0,0,2,6.9
feliccr01,Cristiano Felício,CHICAGO BULLS,AWAY,BOSTON CELTICS,LOSS,877,3,4,0,0,0,0,0,4,2,1,0,1,3,5.8
gortama01,Marcin Gortat,WASHINGTON WIZARDS,HOME,ATLANTA HAWKS,WIN,2347,1,6,0,0,3,4,2,8,1,0,3,1,2,5.6
howardw01,Dwight Howard,ATLANTA HAWKS,AWAY,WASHINGTON WIZARDS,LOSS,1680,2,3,0,0,1,4,2,8,2,1,1,2,5,5.4
oubreke01,Kelly Oubre,WASHINGTON WIZARDS,HOME,ATLANTA HAWKS,WIN,779,2,4,1,3,0,0,1,2,1,0,1,0,1,5.3
roziete01,Terry Rozier,BOSTON CELTICS,HOME,CHICAGO BULLS,WIN,1094,2,6,1,2,0,0,0,3,2,1,0,0,1,4.5
hardati02,Tim Hardaway,ATLANTA HAWKS,AWAY,WASHINGTON WIZARDS,LOSS,2255,6,18,3,10,0,2,0,2,0,0,0,0,1,4.2
mirotni01,Nikola Mirotić,CHICAGO BULLS,AWAY,BOSTON CELTICS,LOSS,2091,2,6,2,6,0,2,0,4,2,1,0,0,3,4.2
canaais01,Isaiah Canaan,CHICAGO BULLS,AWAY,BOSTON CELTICS,LOSS,2170,6,11,1,5,0,0,0,2,0,1,0,4,3,4.1
dunlemi02,Mike Dunleavy,ATLANTA HAWKS,AWAY,WASHINGTON WIZARDS,LOSS,702,1,2,1,2,2,2,0,1,0,0,0,0,1,3.9
morrima02,Markieff Morris,WASHINGTON WIZARDS,HOME,ATLANTA HAWKS,WIN,1218,4,9,0,0,0,0,0,5,0,0,1,0,5,3.5
jennibr01,Brandon Jennings,WASHINGTON WIZARDS,HOME,ATLANTA HAWKS,WIN,965,1,1,0,0,0,0,0,0,3,1,0,1,2,3.0
zipsepa01,Paul Zipser,CHICAGO BULLS,AWAY,BOSTON CELTICS,LOSS,1072,2,3,1,2,0,0,0,3,0,0,0,0,4,3.0
muscami01,Mike Muscala,ATLANTA HAWKS,AWAY,WASHINGTON WIZARDS,LOSS,954,2,2,0,0,0,0,0,2,0,0,0,0,3,2.8
cartemi01,Michael Carter-Williams,CHICAGO BULLS,AWAY,BOSTON CELTICS,LOSS,216,1,1,0,0,0,0,0,0,0,0,0,0,0,1.7
jerebjo01,Jonas Jerebko,BOSTON CELTICS,HOME,CHICAGO BULLS,WIN,574,1,3,0,1,0,0,0,0,1,2,0,1,1,1.6
caldejo01,José Calderón,ATLANTA HAWKS,AWAY,WASHINGTON WIZARDS,LOSS,617,1,2,0,1,0,0,0,2,1,0,0,1,1,0.9
ilyaser01,Ersan İlyasova,ATLANTA HAWKS,AWAY,WASHINGTON WIZARDS,LOSS,533,1,6,0,1,0,0,4,2,1,0,0,1,1,0.9
smithja02,Jason Smith,WASHINGTON WIZARDS,HOME,ATLANTA HAWKS,WIN,940,2,9,0,3,1,2,1,1,0,0,1,0,0,0.8
satorto01,Tomáš Satoranský,WASHINGTON WIZARDS,HOME,ATLANTA HAWKS,WIN,5,0,0,0,0,0,0,0,0,0,0,0,0,0,0.0
sefolth01,Thabo Sefolosha,ATLANTA HAWKS,AWAY,WASHINGTON WIZARDS,LOSS,8,0,0,0,0,0,0,0,0,0,0,0,0,0,0.0
valende01,Denzel Valentine,CHICAGO BULLS,AWAY,BOSTON CELTICS,LOSS,99,0,0,0,0,0,0,0,0,0,0,0,0,0,0.0
greenge01,Gerald Green,BOSTON CELTICS,HOME,CHICAGO BULLS,WIN,741,1,3,0,2,0,0,0,1,0,0,0,0,2,-0.2
portibo01,Bobby Portis,CHICAGO BULLS,AWAY,BOSTON CELTICS,LOSS,696,1,4,1,3,0,0,0,2,0,0,0,2,1,-1.2
bazemke01,Kent Bazemore,ATLANTA HAWKS,AWAY,WASHINGTON WIZARDS,LOSS,1373,3,12,0,5,0,0,1,1,2,0,0,2,2,-1.6
