Position,Name + ID,Name,ID,Roster Position,Salary,Game Info,TeamAbbrev,AvgPointsPerGame
PF/C,Giannis Antetokounmpo (16272385),Giannis Antetokounmpo,16272385,PF/C/F/UTIL,10800,MIL@NO 01/29/2021 07:30PM ET,MIL,53.12
PG,Luka Doncic (16272389),Luka Doncic,16272389,PG/G/UTIL,10600,DAL@UTA 01/29/2021 10:00PM ET,DAL,58.24
PG/SG,James Harden (16272392),James Harden,16272392,PG/SG/G/UTIL,10300,BKN@OKC 01/29/2021 08:00PM ET,BKN,52.95
SG,Bradley Beal (16272396),Bradley Beal,16272396,SG/G/UTIL,10200,ATL@WAS 01/29/2021 07:00PM ET,WAS,53.10
C,Nikola Jokic (16272399),Nikola Jokic,16272399,C/UTIL,10100,DEN@SA 01/29/2021 08:30PM ET,DEN,58.90
SF,Kawhi Leonard (16272401),Kawhi Leonard,16272401,SF/F/UTIL,10000,LAC@ORL 01/29/2021 08:00PM ET,LAC,46.95
SF/PF,Kevin Durant (16272404),Kevin Durant,16272404,SF/PF/F/UTIL,9900,BKN@OKC 01/29/2021 08:00PM ET,BKN,52.87
SG,Paul George (16272408),Paul George,16272408,SG/G/UTIL,9700,LAC@ORL 01/29/2021 08:00PM ET,LAC,43.30
C,Karl-Anthony Towns (16272411),Karl-Anthony Towns,16272411,C/UTIL,9600,PHI@MIN 01/29/2021 08:00PM ET,MIN,51.5
C,Joel Embiid (16272413),Joel Embiid,16272413,C/UTIL,9400,PHI@MIN 01/29/2021 08:00PM ET,PHI,51.12
PF/C,Julius Randle (16272415),Julius Randle,16272415,PF/C/F/UTIL,9300,CLE@NY 01/29/2021 07:30PM ET,NY,47.5
PF/C,Domantas Sabonis (16272419),Domantas Sabonis,16272419,PF/C/F/UTIL,9200,IND@CHA 01/29/2021 07:00PM ET,IND,47.62
PG,Trae Young (16272423),Trae Young,16272423,PG/G/UTIL,9100,ATL@WAS 01/29/2021 07:00PM ET,ATL,46.29
PG,Russell Westbrook (16272426),Russell Westbrook,16272426,PG/G/UTIL,9000,ATL@WAS 01/29/2021 07:00PM ET,WAS,48.53
C,Clint Capela (16272429),Clint Capela,16272429,C/UTIL,8900,ATL@WAS 01/29/2021 07:00PM ET,ATL,40.1
C,Nikola Vucevic (16272431),Nikola Vucevic,16272431,C/UTIL,8800,LAC@ORL 01/29/2021 08:00PM ET,ORL,47.60
PG,Kyrie Irving (16272433),Kyrie Irving,16272433,PG/G/UTIL,8700,BKN@OKC 01/29/2021 08:00PM ET,BKN,46.96
C,Andre Drummond (16272436),Andre Drummond,16272436,C/UTIL,8600,CLE@NY 01/29/2021 07:30PM ET,CLE,46.91
PG,De'Aaron Fox (16272438),De'Aaron Fox,16272438,PG/G/UTIL,8500,SAC@TOR 01/29/2021 07:30PM ET,SAC,37.44
PG,Malcolm Brogdon (16272441),Malcolm Brogdon,16272441,PG/G/UTIL,8400,IND@CHA 01/29/2021 07:00PM ET,IND,42.68
SF,Khris Middleton (16272447),Khris Middleton,16272447,SF/F/UTIL,8400,MIL@NO 01/29/2021 07:30PM ET,MIL,41.69
PG,Shai Gilgeous-Alexander (16272444),Shai Gilgeous-Alexander,16272444,PG/G/UTIL,8300,BKN@OKC 01/29/2021 08:00PM ET,OKC,41.21
PG/SG,Donovan Mitchell (16272450),Donovan Mitchell,16272450,PG/SG/G/UTIL,8300,DAL@UTA 01/29/2021 10:00PM ET,UTA,38.5
PG/SG,D'Angelo Russell (16272454),D'Angelo Russell,16272454,PG/SG/G/UTIL,8200,PHI@MIN 01/29/2021 08:00PM ET,MIN,36.21
SF/PF,Brandon Ingram (16272462),Brandon Ingram,16272462,SF/PF/F/UTIL,8000,MIL@NO 01/29/2021 07:30PM ET,NO,41.03
PF/C,Kristaps Porzingis (16272458),Kristaps Porzingis,16272458,PF/C/F/UTIL,7900,DAL@UTA 01/29/2021 10:00PM ET,DAL,35.66
PG/SF,Ben Simmons (16272466),Ben Simmons,16272466,PG/SF/F/G/UTIL,7700,PHI@MIN 01/29/2021 08:00PM ET,PHI,40.29
PF/C,Zion Williamson (16272471),Zion Williamson,16272471,PF/C/F/UTIL,7600,MIL@NO 01/29/2021 07:30PM ET,NO,38.5
PG/SG,Fred VanVleet (16272484),Fred VanVleet,16272484,PG/SG/G/UTIL,7500,SAC@TOR 01/29/2021 07:30PM ET,TOR,39.76
C,Rudy Gobert (16272475),Rudy Gobert,16272475,C/UTIL,7500,DAL@UTA 01/29/2021 10:00PM ET,UTA,40.29
PG,Caris LeVert (16272477),Caris LeVert,16272477,PG/G/UTIL,7400,IND@CHA 01/29/2021 07:00PM ET,IND,36.17
PF/C,Pascal Siakam (16272480),Pascal Siakam,16272480,PF/C/F/UTIL,7300,SAC@TOR 01/29/2021 07:30PM ET,TOR,37.85
C,Myles Turner (16272492),Myles Turner,16272492,C/UTIL,7200,IND@CHA 01/29/2021 07:00PM ET,IND,35.34
PF/C,John Collins (16272488),John Collins,16272488,PF/C/F/UTIL,7200,ATL@WAS 01/29/2021 07:00PM ET,ATL,32.78
PG/SF,Aaron Gordon (16272494),Aaron Gordon,16272494,PG/SF/F/G/UTIL,7100,LAC@ORL 01/29/2021 08:00PM ET,ORL,33.07
PG,Kyle Lowry (16272499),Kyle Lowry,16272499,PG/G/UTIL,7100,SAC@TOR 01/29/2021 07:30PM ET,TOR,37.82
SF/PF,Gordon Hayward (16272505),Gordon Hayward,16272505,SF/PF/F/UTIL,7000,IND@CHA 01/29/2021 07:00PM ET,CHA,38.91
PG,Jrue Holiday (16272502),Jrue Holiday,16272502,PG/G/UTIL,7000,MIL@NO 01/29/2021 07:30PM ET,MIL,34
PF/C,Larry Nance Jr. (16272512),Larry Nance Jr.,16272512,PF/C/F/UTIL,6900,CLE@NY 01/29/2021 07:30PM ET,CLE,29.19
PG,Jamal Murray (16272509),Jamal Murray,16272509,PG/G/UTIL,6900,DEN@SA 01/29/2021 08:30PM ET,DEN,32.74
SF/PF,Tobias Harris (16272516),Tobias Harris,16272516,SF/PF/F/UTIL,6800,PHI@MIN 01/29/2021 08:00PM ET,PHI,36.36
SF/PF,DeMar DeRozan (16272520),DeMar DeRozan,16272520,SF/PF/F/UTIL,6800,DEN@SA 01/29/2021 08:30PM ET,SA,39.55
PG/SG,Collin Sexton (16272524),Collin Sexton,16272524,PG/SG/G/UTIL,6700,CLE@NY 01/29/2021 07:30PM ET,CLE,37.44
PG,Reggie Jackson (16272528),Reggie Jackson,16272528,PG/G/UTIL,6700,LAC@ORL 01/29/2021 08:00PM ET,LAC,15.95
PG/SG,Terry Rozier (16272535),Terry Rozier,16272535,PG/SG/G/UTIL,6600,IND@CHA 01/29/2021 07:00PM ET,CHA,32.81
PG,Devonte' Graham (16272539),Devonte' Graham,16272539,PG/G/UTIL,6600,IND@CHA 01/29/2021 07:00PM ET,CHA,30.82
C,Richaun Holmes (16272542),Richaun Holmes,16272542,C/UTIL,6600,SAC@TOR 01/29/2021 07:30PM ET,SAC,31.55
SF/PF,Michael Porter Jr. (16272531),Michael Porter Jr.,16272531,SF/PF/F/UTIL,6600,DEN@SA 01/29/2021 08:30PM ET,DEN,35.09
SG/SF,Buddy Hield (16272544),Buddy Hield,16272544,SG/SF/F/G/UTIL,6500,SAC@TOR 01/29/2021 07:30PM ET,SAC,29.29
SF/PF,OG Anunoby (16272549),OG Anunoby,16272549,SF/PF/F/UTIL,6500,SAC@TOR 01/29/2021 07:30PM ET,TOR,29.93
SG,Malik Beasley (16272557),Malik Beasley,16272557,SG/G/UTIL,6400,PHI@MIN 01/29/2021 08:00PM ET,MIN,31.96
SG,Evan Fournier (16272560),Evan Fournier,16272560,SG/G/UTIL,6400,LAC@ORL 01/29/2021 08:00PM ET,ORL,30.38
PG/SG,Jordan Clarkson (16272553),Jordan Clarkson,16272553,PG/SG/G/UTIL,6400,DAL@UTA 01/29/2021 10:00PM ET,UTA,29.90
SF,RJ Barrett (16272567),RJ Barrett,16272567,SF/F/UTIL,6300,CLE@NY 01/29/2021 07:30PM ET,NY,32.90
PF/C,Kevin Love (16272570),Kevin Love,16272570,PF/C/F/UTIL,6300,CLE@NY 01/29/2021 07:30PM ET,CLE,21.75
SF/PF,De'Andre Hunter (16272563),De'Andre Hunter,16272563,SF/PF/F/UTIL,6300,ATL@WAS 01/29/2021 07:00PM ET,ATL,31.48
SG/SF,Luke Kennard (16272574),Luke Kennard,16272574,SG/SF/F/G/UTIL,6200,LAC@ORL 01/29/2021 08:00PM ET,LAC,16.93
C,Serge Ibaka (16272579),Serge Ibaka,16272579,C/UTIL,6200,LAC@ORL 01/29/2021 08:00PM ET,LAC,26.28
SG/SF,Norman Powell (16272581),Norman Powell,16272581,SG/SF/F/G/UTIL,6200,SAC@TOR 01/29/2021 07:30PM ET,TOR,22.22
PF/C,PJ Washington (16272589),PJ Washington,16272589,PF/C/F/UTIL,6100,IND@CHA 01/29/2021 07:00PM ET,CHA,29.49
C,Chris Boucher (16272593),Chris Boucher,16272593,C/UTIL,6100,SAC@TOR 01/29/2021 07:30PM ET,TOR,30.25
PG,Dejounte Murray (16272586),Dejounte Murray,16272586,PG/G/UTIL,6100,DEN@SA 01/29/2021 08:30PM ET,SA,34.81
SF/PF,Nicolas Batum (16272598),Nicolas Batum,16272598,SF/PF/F/UTIL,6000,LAC@ORL 01/29/2021 08:00PM ET,LAC,24.03
SF/PF,Harrison Barnes (16272602),Harrison Barnes,16272602,SF/PF/F/UTIL,6000,SAC@TOR 01/29/2021 07:30PM ET,SAC,31.34
PG,Mike Conley (16272595),Mike Conley,16272595,PG/G/UTIL,6000,DAL@UTA 01/29/2021 10:00PM ET,UTA,33.96
C,Naz Reid (16272608),Naz Reid,16272608,C/UTIL,5900,PHI@MIN 01/29/2021 08:00PM ET,MIN,24.16
C,Al Horford (16272610),Al Horford,16272610,C/UTIL,5900,BKN@OKC 01/29/2021 08:00PM ET,OKC,28.68
C,Thomas Bryant (16272606),Thomas Bryant,16272606,C/UTIL,5900,ATL@WAS 01/29/2021 07:00PM ET,WAS,26.62
PG,LaMelo Ball (16272616),LaMelo Ball,16272616,PG/G/UTIL,5800,IND@CHA 01/29/2021 07:00PM ET,CHA,30.62
PF/C,Marvin Bagley III (16272612),Marvin Bagley III,16272612,PF/C/F/UTIL,5800,SAC@TOR 01/29/2021 07:30PM ET,SAC,27.29
SG/SF,Kevin Huerter (16272619),Kevin Huerter,16272619,SG/SF/F/G/UTIL,5800,ATL@WAS 01/29/2021 07:00PM ET,ATL,24.67
PG/SG,Eric Bledsoe (16272632),Eric Bledsoe,16272632,PG/SG/G/UTIL,5700,MIL@NO 01/29/2021 07:30PM ET,NO,25.93
PG/SG,Lou Williams (16272624),Lou Williams,16272624,PG/SG/G/UTIL,5700,LAC@ORL 01/29/2021 08:00PM ET,LAC,17.53
SF/PF,Keldon Johnson (16272628),Keldon Johnson,16272628,SF/PF/F/UTIL,5700,DEN@SA 01/29/2021 08:30PM ET,SA,30.03
C,Steven Adams (16272645),Steven Adams,16272645,C/UTIL,5600,MIL@NO 01/29/2021 07:30PM ET,NO,28.03
PG/SG,Terance Mann (16272636),Terance Mann,16272636,PG/SG/G/UTIL,5600,LAC@ORL 01/29/2021 08:00PM ET,LAC,8.74
SG/SF,Tim Hardaway Jr. (16272640),Tim Hardaway Jr.,16272640,SG/SF/F/G/UTIL,5600,DAL@UTA 01/29/2021 10:00PM ET,DAL,27.88
PF,T.J. Warren (16272653),T.J. Warren,16272653,PF/F/UTIL,5500,IND@CHA 01/29/2021 07:00PM ET,IND,22.25
C,Mitchell Robinson (16272647),Mitchell Robinson,16272647,C/UTIL,5500,CLE@NY 01/29/2021 07:30PM ET,NY,25.80
PF/C,LaMarcus Aldridge (16272649),LaMarcus Aldridge,16272649,PF/C/F/UTIL,5500,DEN@SA 01/29/2021 08:30PM ET,SA,26.52
SF/PF,Cedi Osman (16272663),Cedi Osman,16272663,SF/PF/F/UTIL,5400,CLE@NY 01/29/2021 07:30PM ET,CLE,25.65
PG,Cole Anthony (16272656),Cole Anthony,16272656,PG/G/UTIL,5400,LAC@ORL 01/29/2021 08:00PM ET,ORL,23.51
SF/PF,Bojan Bogdanovic (16272659),Bojan Bogdanovic,16272659,SF/PF/F/UTIL,5400,DAL@UTA 01/29/2021 10:00PM ET,UTA,21.90
PG,Lonzo Ball (16272675),Lonzo Ball,16272675,PG/G/UTIL,5300,MIL@NO 01/29/2021 07:30PM ET,NO,26.98
PG,Elfrid Payton (16272672),Elfrid Payton,16272672,PG/G/UTIL,5300,CLE@NY 01/29/2021 07:30PM ET,NY,23.55
SG/SF,Terrence Ross (16272667),Terrence Ross,16272667,SG/SF/F/G/UTIL,5300,LAC@ORL 01/29/2021 08:00PM ET,ORL,24.47
C,Brook Lopez (16272678),Brook Lopez,16272678,C/UTIL,5200,MIL@NO 01/29/2021 07:30PM ET,MIL,23.09
C,Jarrett Allen (16272685),Jarrett Allen,16272685,C/UTIL,5200,CLE@NY 01/29/2021 07:30PM ET,CLE,28.93
SG/SF,Joe Harris (16272680),Joe Harris,16272680,SG/SF/F/G/UTIL,5200,BKN@OKC 01/29/2021 08:00PM ET,BKN,24.69
PF/C,Jarred Vanderbilt (16272692),Jarred Vanderbilt,16272692,PF/C/F/UTIL,5100,PHI@MIN 01/29/2021 08:00PM ET,MIN,20.57
SG,Alec Burks (16272689),Alec Burks,16272689,SG/G/UTIL,5100,CLE@NY 01/29/2021 07:30PM ET,NY,28.21
C,DeAndre Jordan (16272687),DeAndre Jordan,16272687,C/UTIL,5100,BKN@OKC 01/29/2021 08:00PM ET,BKN,19.91
PF,Davis Bertans (16272696),Davis Bertans,16272696,PF/F/UTIL,5100,ATL@WAS 01/29/2021 07:00PM ET,WAS,20.5
PG,Ricky Rubio (16272699),Ricky Rubio,16272699,PG/G/UTIL,5000,PHI@MIN 01/29/2021 08:00PM ET,MIN,20.58
PG/SG,Donte DiVincenzo (16272709),Donte DiVincenzo,16272709,PG/SG/G/UTIL,5000,MIL@NO 01/29/2021 07:30PM ET,MIL,22.41
PG,Darius Garland (16272706),Darius Garland,16272706,PG/G/UTIL,5000,CLE@NY 01/29/2021 07:30PM ET,CLE,28.1
SF/PF,Darius Bazley (16272702),Darius Bazley,16272702,SF/PF/F/UTIL,5000,BKN@OKC 01/29/2021 08:00PM ET,OKC,24.41
SG/SF,Jeremy Lamb (16272716),Jeremy Lamb,16272716,SG/SF/F/G/UTIL,4900,IND@CHA 01/29/2021 07:00PM ET,IND,24.25
SF/PF,Doug McDermott (16272727),Doug McDermott,16272727,SF/PF/F/UTIL,4900,IND@CHA 01/29/2021 07:00PM ET,IND,20.92
SF/PF,Marcus Morris Sr. (16272721),Marcus Morris Sr.,16272721,SF/PF/F/UTIL,4900,LAC@ORL 01/29/2021 08:00PM ET,LAC,18.98
C,Ivica Zubac (16272725),Ivica Zubac,16272725,C/UTIL,4900,LAC@ORL 01/29/2021 08:00PM ET,LAC,19.18
PF,Rui Hachimura (16272713),Rui Hachimura,16272713,PF/F/UTIL,4900,ATL@WAS 01/29/2021 07:00PM ET,WAS,24.07
SG/SF,Anthony Edwards (16272735),Anthony Edwards,16272735,SG/SF/F/G/UTIL,4800,PHI@MIN 01/29/2021 08:00PM ET,MIN,20.62
PG/SG,Immanuel Quickley (16272731),Immanuel Quickley,16272731,PG/SG/G/UTIL,4800,CLE@NY 01/29/2021 07:30PM ET,NY,18.92
SF,Trevor Ariza (16272740),Trevor Ariza,16272740,SF/F/UTIL,4800,BKN@OKC 01/29/2021 08:00PM ET,OKC,0
PG/SG,Tyrese Haliburton (16272743),Tyrese Haliburton,16272743,PG/SG/G/UTIL,4800,SAC@TOR 01/29/2021 07:30PM ET,SAC,26.33
PG/SG,Patty Mills (16272747),Patty Mills,16272747,PG/SG/G/UTIL,4800,DEN@SA 01/29/2021 08:30PM ET,SA,22.88
PG,T.J. McConnell (16272751),T.J. McConnell,16272751,PG/G/UTIL,4700,IND@CHA 01/29/2021 07:00PM ET,IND,19.98
SG/SF,Justin Holiday (16272759),Justin Holiday,16272759,SG/SF/F/G/UTIL,4700,IND@CHA 01/29/2021 07:00PM ET,IND,21.72
SF/PF,Taurean Prince (16272764),Taurean Prince,16272764,SF/PF/F/UTIL,4700,CLE@NY 01/29/2021 07:30PM ET,CLE,19.25
PG/SG,Derrick White (16272768),Derrick White,16272768,PG/SG/G/UTIL,4700,DEN@SA 01/29/2021 08:30PM ET,SA,15.25
SG/SF,Joe Ingles (16272754),Joe Ingles,16272754,SG/SF/F/G/UTIL,4700,DAL@UTA 01/29/2021 10:00PM ET,UTA,22.66
PF/C,Jeff Green (16272779),Jeff Green,16272779,PF/C/F/UTIL,4600,BKN@OKC 01/29/2021 08:00PM ET,BKN,16.29
PG,Patrick Beverley (16272783),Patrick Beverley,16272783,PG/G/UTIL,4600,LAC@ORL 01/29/2021 08:00PM ET,LAC,20.83
SG,Cam Reddish (16272776),Cam Reddish,16272776,SG/G/UTIL,4600,ATL@WAS 01/29/2021 07:00PM ET,ATL,23.73
PF,JaMychal Green (16272786),JaMychal Green,16272786,PF/F/UTIL,4600,DEN@SA 01/29/2021 08:30PM ET,DEN,23.57
SF/PF,Royce O'Neale (16272772),Royce O'Neale,16272772,SF/PF/F/UTIL,4600,DAL@UTA 01/29/2021 10:00PM ET,UTA,22.38
PF,Juancho Hernangomez (16272805),Juancho Hernangomez,16272805,PF/F/UTIL,4500,PHI@MIN 01/29/2021 08:00PM ET,MIN,15.68
PF/C,Isaiah Roby (16272789),Isaiah Roby,16272789,PF/C/F/UTIL,4500,BKN@OKC 01/29/2021 08:00PM ET,OKC,19.07
SG/SF,Jerome Robinson (16272800),Jerome Robinson,16272800,SG/SF/F/G/UTIL,4500,ATL@WAS 01/29/2021 07:00PM ET,WAS,13.25
PF,James Johnson (16272793),James Johnson,16272793,PF/F/UTIL,4500,DAL@UTA 01/29/2021 10:00PM ET,DAL,18.14
PG/SG,Jalen Brunson (16272796),Jalen Brunson,16272796,PG/SG/G/UTIL,4500,DAL@UTA 01/29/2021 10:00PM ET,DAL,21.14
SG,Seth Curry (16272816),Seth Curry,16272816,SG/G/UTIL,4400,PHI@MIN 01/29/2021 08:00PM ET,PHI,24.5
SF,Josh Hart (16272821),Josh Hart,16272821,SF/F/UTIL,4400,MIL@NO 01/29/2021 07:30PM ET,NO,21.86
SG/SF,Luguentz Dort (16272808),Luguentz Dort,16272808,SG/SF/F/G/UTIL,4400,BKN@OKC 01/29/2021 08:00PM ET,OKC,22.04
C,Robin Lopez (16272819),Robin Lopez,16272819,C/UTIL,4400,ATL@WAS 01/29/2021 07:00PM ET,WAS,15.48
PF,Rudy Gay (16272813),Rudy Gay,16272813,PF/F/UTIL,4400,DEN@SA 01/29/2021 08:30PM ET,SA,23.60
SF,Danny Green (16272833),Danny Green,16272833,SF/F/UTIL,4300,PHI@MIN 01/29/2021 08:00PM ET,PHI,21.83
PF/C,Patrick Patterson (16272836),Patrick Patterson,16272836,PF/C/F/UTIL,4300,LAC@ORL 01/29/2021 08:00PM ET,LAC,7.07
SF/PF,Danilo Gallinari (16272829),Danilo Gallinari,16272829,SF/PF/F/UTIL,4300,ATL@WAS 01/29/2021 07:00PM ET,ATL,13.5
SG/SF,Will Barton (16272840),Will Barton,16272840,SG/SF/F/G/UTIL,4300,DEN@SA 01/29/2021 08:30PM ET,DEN,23.40
SG/SF,Josh Richardson (16272824),Josh Richardson,16272824,SG/SF/F/G/UTIL,4300,DAL@UTA 01/29/2021 10:00PM ET,DAL,21.03
SF/PF,Miles Bridges (16272847),Miles Bridges,16272847,SF/PF/F/UTIL,4200,IND@CHA 01/29/2021 07:00PM ET,CHA,21.69
C,Dwight Howard (16272845),Dwight Howard,16272845,C/UTIL,4200,PHI@MIN 01/29/2021 08:00PM ET,PHI,18.87
PG/SG,Nickeil Alexander-Walker (16272856),Nickeil Alexander-Walker,16272856,PG/SG/G/UTIL,4200,MIL@NO 01/29/2021 07:30PM ET,NO,19.93
PF/C,Bobby Portis (16272860),Bobby Portis,16272860,PF/C/F/UTIL,4200,MIL@NO 01/29/2021 07:30PM ET,MIL,24.96
SG/SF,Garrison Mathews (16272851),Garrison Mathews,16272851,SG/SF/F/G/UTIL,4200,ATL@WAS 01/29/2021 07:00PM ET,WAS,16.5
C,Bismack Biyombo (16272882),Bismack Biyombo,16272882,C/UTIL,4100,IND@CHA 01/29/2021 07:00PM ET,CHA,20.40
PG/SF,Michael Carter-Williams (16272867),Michael Carter-Williams,16272867,PG/SF/F/G/UTIL,4100,LAC@ORL 01/29/2021 08:00PM ET,ORL,15.86
PG,Ish Smith (16272864),Ish Smith,16272864,PG/G/UTIL,4100,ATL@WAS 01/29/2021 07:00PM ET,WAS,17.61
SG/SF,Lonnie Walker IV (16272872),Lonnie Walker IV,16272872,SG/SF/F/G/UTIL,4100,DEN@SA 01/29/2021 08:30PM ET,SA,21.40
SG/SF,Gary Harris (16272877),Gary Harris,16272877,SG/SF/F/G/UTIL,4100,DEN@SA 01/29/2021 08:30PM ET,DEN,19.33
PG/SG,Trey Burke (16272884),Trey Burke,16272884,PG/SG/G/UTIL,4100,DAL@UTA 01/29/2021 10:00PM ET,DAL,18.13
C,Cody Zeller (16272888),Cody Zeller,16272888,C/UTIL,4000,IND@CHA 01/29/2021 07:00PM ET,CHA,21.05
PG/SG,Shake Milton (16272892),Shake Milton,16272892,PG/SG/G/UTIL,4000,PHI@MIN 01/29/2021 08:00PM ET,PHI,23.94
C,Khem Birch (16272890),Khem Birch,16272890,C/UTIL,4000,LAC@ORL 01/29/2021 08:00PM ET,ORL,19.87
PF/C,Paul Millsap (16272896),Paul Millsap,16272896,PF/C/F/UTIL,4000,DEN@SA 01/29/2021 08:30PM ET,DEN,20.89
PG,Monte Morris (16272900),Monte Morris,16272900,PG/G/UTIL,4000,DEN@SA 01/29/2021 08:30PM ET,DEN,21.53
SF/PF,Dorian Finney-Smith (16272903),Dorian Finney-Smith,16272903,SF/PF/F/UTIL,4000,DAL@UTA 01/29/2021 10:00PM ET,DAL,20.5
SF/PF,Isaac Okoro (16272925),Isaac Okoro,16272925,SF/PF/F/UTIL,3900,CLE@NY 01/29/2021 07:30PM ET,CLE,17.79
PG/SG,George Hill (16272911),George Hill,16272911,PG/SG/G/UTIL,3900,BKN@OKC 01/29/2021 08:00PM ET,OKC,21.34
SG/SF,Hamidou Diallo (16272915),Hamidou Diallo,16272915,SG/SF/F/G/UTIL,3900,BKN@OKC 01/29/2021 08:00PM ET,OKC,21.94
PF,Stanley Johnson (16272933),Stanley Johnson,16272933,PF/F/UTIL,3900,SAC@TOR 01/29/2021 07:30PM ET,TOR,12.80
PG/SG,Raul Neto (16272907),Raul Neto,16272907,PG/SG/G/UTIL,3900,ATL@WAS 01/29/2021 07:00PM ET,WAS,15.48
PG,Rajon Rondo (16272922),Rajon Rondo,16272922,PG/G/UTIL,3900,ATL@WAS 01/29/2021 07:00PM ET,ATL,12.97
C,Jakob Poeltl (16272920),Jakob Poeltl,16272920,C/UTIL,3900,DEN@SA 01/29/2021 08:30PM ET,SA,18.46
PF/C,Maxi Kleber (16272929),Maxi Kleber,16272929,PF/C/F/UTIL,3900,DAL@UTA 01/29/2021 10:00PM ET,DAL,19.11
C,Willie Cauley-Stein (16272936),Willie Cauley-Stein,16272936,C/UTIL,3900,DAL@UTA 01/29/2021 10:00PM ET,DAL,15.46
PG,Jordan McLaughlin (16272946),Jordan McLaughlin,16272946,PG/G/UTIL,3800,PHI@MIN 01/29/2021 08:00PM ET,MIN,16.62
PG/SG,Austin Rivers (16272942),Austin Rivers,16272942,PG/SG/G/UTIL,3800,CLE@NY 01/29/2021 07:30PM ET,NY,18
SF/PF,Deni Avdija (16272938),Deni Avdija,16272938,SF/PF/F/UTIL,3800,ATL@WAS 01/29/2021 07:00PM ET,WAS,18.23
SF/PF,Isaac Bonga (16272949),Isaac Bonga,16272949,SF/PF/F/UTIL,3800,ATL@WAS 01/29/2021 07:00PM ET,WAS,9.54
SG,Kris Dunn (16272953),Kris Dunn,16272953,SG/G/UTIL,3700,ATL@WAS 01/29/2021 07:00PM ET,ATL,0
C,Tony Bradley (16272969),Tony Bradley,16272969,C/UTIL,3600,PHI@MIN 01/29/2021 08:00PM ET,PHI,18.5
SG/SF,Reggie Bullock (16272956),Reggie Bullock,16272956,SG/SF/F/G/UTIL,3600,CLE@NY 01/29/2021 07:30PM ET,NY,17.53
PG/SG,Matthew Dellavedova (16272961),Matthew Dellavedova,16272961,PG/SG/G/UTIL,3600,CLE@NY 01/29/2021 07:30PM ET,CLE,0
PG/SG,Damyean Dotson (16272965),Damyean Dotson,16272965,PG/SG/G/UTIL,3600,CLE@NY 01/29/2021 07:30PM ET,CLE,15.56
SF,Jarrett Culver (16272971),Jarrett Culver,16272971,SF/F/UTIL,3500,PHI@MIN 01/29/2021 08:00PM ET,MIN,17.59
PG/SG,Tyrese Maxey (16272979),Tyrese Maxey,16272979,PG/SG/G/UTIL,3500,PHI@MIN 01/29/2021 08:00PM ET,PHI,17.26
SG/SF,Devin Vassell (16272974),Devin Vassell,16272974,SG/SF/F/G/UTIL,3500,DEN@SA 01/29/2021 08:30PM ET,SA,15.60
C,Nerlens Noel (16272983),Nerlens Noel,16272983,C/UTIL,3400,CLE@NY 01/29/2021 07:30PM ET,NY,15.15
PG/SG,Theo Maledon (16272987),Theo Maledon,16272987,PG/SG/G/UTIL,3400,BKN@OKC 01/29/2021 08:00PM ET,OKC,14.57
C,Mike Muscala (16272996),Mike Muscala,16272996,C/UTIL,3400,BKN@OKC 01/29/2021 08:00PM ET,OKC,16.09
SG/SF,Dwayne Bacon (16272991),Dwayne Bacon,16272991,SG/SF/F/G/UTIL,3400,LAC@ORL 01/29/2021 08:00PM ET,ORL,15.67
C,Aron Baynes (16272985),Aron Baynes,16272985,C/UTIL,3400,SAC@TOR 01/29/2021 07:30PM ET,TOR,13.62
SF,Josh Okogie (16273002),Josh Okogie,16273002,SF/F/UTIL,3300,PHI@MIN 01/29/2021 08:00PM ET,MIN,14
PG,D.J. Augustin (16273010),D.J. Augustin,16273010,PG/G/UTIL,3300,MIL@NO 01/29/2021 07:30PM ET,MIL,12.69
C,JaVale McGee (16273013),JaVale McGee,16273013,C/UTIL,3300,CLE@NY 01/29/2021 07:30PM ET,CLE,20.45
C,Alex Len (16272998),Alex Len,16272998,C/UTIL,3300,ATL@WAS 01/29/2021 07:00PM ET,WAS,9.4
C,Jordan Bell (16273000),Jordan Bell,16273000,C/UTIL,3300,ATL@WAS 01/29/2021 07:00PM ET,WAS,14.67
SG/SF,PJ Dozier (16273005),PJ Dozier,16273005,SG/SF/F/G/UTIL,3300,DEN@SA 01/29/2021 08:30PM ET,DEN,16.59
PF,Jaden McDaniels (16273017),Jaden McDaniels,16273017,PF/F/UTIL,3200,PHI@MIN 01/29/2021 08:00PM ET,MIN,11.46
SF,Pat Connaughton (16273033),Pat Connaughton,16273033,SF/F/UTIL,3200,MIL@NO 01/29/2021 07:30PM ET,MIL,15.32
PF,Aleksej Pokusevski (16273020),Aleksej Pokusevski,16273020,PF/F/UTIL,3200,BKN@OKC 01/29/2021 08:00PM ET,OKC,13.15
SF,James Ennis III (16273030),James Ennis III,16273030,SF/F/UTIL,3200,LAC@ORL 01/29/2021 08:00PM ET,ORL,12.69
C,Moritz Wagner (16273015),Moritz Wagner,16273015,C/UTIL,3200,ATL@WAS 01/29/2021 07:00PM ET,WAS,13.3
SG/SF,Bogdan Bogdanovic (16273025),Bogdan Bogdanovic,16273025,SG/SF/F/G/UTIL,3200,ATL@WAS 01/29/2021 07:00PM ET,ATL,19.44
C,Derrick Favors (16273023),Derrick Favors,16273023,C/UTIL,3200,DAL@UTA 01/29/2021 10:00PM ET,UTA,16.74
PG/SG,Aaron Holiday (16273036),Aaron Holiday,16273036,PG/SG/G/UTIL,3100,IND@CHA 01/29/2021 07:00PM ET,IND,13.10
SG/SF,Dylan Windler (16273040),Dylan Windler,16273040,SG/SF/F/G/UTIL,3100,CLE@NY 01/29/2021 07:30PM ET,CLE,14.5
SG/SF,Caleb Martin (16273079),Caleb Martin,16273079,SG/SF/F/G/UTIL,3000,IND@CHA 01/29/2021 07:00PM ET,CHA,13.09
SG/SF,Cody Martin (16273084),Cody Martin,16273084,SG/SF/F/G/UTIL,3000,IND@CHA 01/29/2021 07:00PM ET,CHA,8.93
PG,Grant Riller (16273089),Grant Riller,16273089,PG/G/UTIL,3000,IND@CHA 01/29/2021 07:00PM ET,CHA,0
SG,Nate Darling (16273092),Nate Darling,16273092,SG/G/UTIL,3000,IND@CHA 01/29/2021 07:00PM ET,CHA,0
PF,Jalen McDaniels (16273095),Jalen McDaniels,16273095,PF/F/UTIL,3000,IND@CHA 01/29/2021 07:00PM ET,CHA,7.47
SG,Malik Monk (16273098),Malik Monk,16273098,SG/G/UTIL,3000,IND@CHA 01/29/2021 07:00PM ET,CHA,7.5
C,Nick Richards (16273101),Nick Richards,16273101,C/UTIL,3000,IND@CHA 01/29/2021 07:00PM ET,CHA,2.5
C,Vernon Carey Jr. (16273103),Vernon Carey Jr.,16273103,C/UTIL,3000,IND@CHA 01/29/2021 07:00PM ET,CHA,3.42
PF/C,Jakarr Sampson (16273285),Jakarr Sampson,16273285,PF/C/F/UTIL,3000,IND@CHA 01/29/2021 07:00PM ET,IND,6.72
SF/PF,Kelan Martin (16273289),Kelan Martin,16273289,SF/PF/F/UTIL,3000,IND@CHA 01/29/2021 07:00PM ET,IND,2.79
PG/SG,Edmond Sumner (16273293),Edmond Sumner,16273293,PG/SG/G/UTIL,3000,IND@CHA 01/29/2021 07:00PM ET,IND,10.56
SF,Brian Bowen II (16273297),Brian Bowen II,16273297,SF/F/UTIL,3000,IND@CHA 01/29/2021 07:00PM ET,IND,4.25
C,Goga Bitadze (16273300),Goga Bitadze,16273300,C/UTIL,3000,IND@CHA 01/29/2021 07:00PM ET,IND,10.75
PG/SG,Jalen Lecque (16273302),Jalen Lecque,16273302,PG/SG/G/UTIL,3000,IND@CHA 01/29/2021 07:00PM ET,IND,4.33
SG/SF,Cassius Stanley (16273306),Cassius Stanley,16273306,SG/SF/F/G/UTIL,3000,IND@CHA 01/29/2021 07:00PM ET,IND,2.09
C,Ed Davis (16273049),Ed Davis,16273049,C/UTIL,3000,PHI@MIN 01/29/2021 08:00PM ET,MIN,12.32
SF/PF,Jake Layman (16273191),Jake Layman,16273191,SF/PF/F/UTIL,3000,PHI@MIN 01/29/2021 08:00PM ET,MIN,10.38
SG,Jaylen Nowell (16273195),Jaylen Nowell,16273195,SG/G/UTIL,3000,PHI@MIN 01/29/2021 08:00PM ET,MIN,12.58
PG,Ashton Hagans (16273198),Ashton Hagans,16273198,PG/G/UTIL,3000,PHI@MIN 01/29/2021 08:00PM ET,MIN,-0.25
PF,Mike Scott (16273408),Mike Scott,16273408,PF/F/UTIL,3000,PHI@MIN 01/29/2021 08:00PM ET,PHI,9.88
SF,Matisse Thybulle (16273411),Matisse Thybulle,16273411,SF/F/UTIL,3000,PHI@MIN 01/29/2021 08:00PM ET,PHI,9.56
SF,Rayjon Tucker (16273414),Rayjon Tucker,16273414,SF/F/UTIL,3000,PHI@MIN 01/29/2021 08:00PM ET,PHI,0
SG/SF,Furkan Korkmaz (16273417),Furkan Korkmaz,16273417,SG/SF/F/G/UTIL,3000,PHI@MIN 01/29/2021 08:00PM ET,PHI,12.44
SF,Terrance Ferguson (16273422),Terrance Ferguson,16273422,SF/F/UTIL,3000,PHI@MIN 01/29/2021 08:00PM ET,PHI,0.62
PF,Paul Reed (16273425),Paul Reed,16273425,PF/F/UTIL,3000,PHI@MIN 01/29/2021 08:00PM ET,PHI,8.5
SG,Isaiah Joe (16273428),Isaiah Joe,16273428,SG/G/UTIL,3000,PHI@MIN 01/29/2021 08:00PM ET,PHI,12.6
C,Vincent Poirier (16273431),Vincent Poirier,16273431,C/UTIL,3000,PHI@MIN 01/29/2021 08:00PM ET,PHI,3.58
SG/SF,JJ Redick (16273065),JJ Redick,16273065,SG/SF/F/G/UTIL,3000,MIL@NO 01/29/2021 07:30PM ET,NO,12.97
SG/SF,Sindarius Thornwell (16273111),Sindarius Thornwell,16273111,SG/SF/F/G/UTIL,3000,MIL@NO 01/29/2021 07:30PM ET,NO,3.5
C,Guillermo Hernangomez (16273116),Guillermo Hernangomez,16273116,C/UTIL,3000,MIL@NO 01/29/2021 07:30PM ET,NO,5.5
C,Will Magnay (16273118),Will Magnay,16273118,C/UTIL,3000,MIL@NO 01/29/2021 07:30PM ET,NO,0
SF/PF,Wenyen Gabriel (16273120),Wenyen Gabriel,16273120,SF/PF/F/UTIL,3000,MIL@NO 01/29/2021 07:30PM ET,NO,0
SF/PF,Naji Marshall (16273124),Naji Marshall,16273124,SF/PF/F/UTIL,3000,MIL@NO 01/29/2021 07:30PM ET,NO,1.67
PG,Kira Lewis Jr. (16273128),Kira Lewis Jr.,16273128,PG/G/UTIL,3000,MIL@NO 01/29/2021 07:30PM ET,NO,6.86
C,Jaxson Hayes (16273131),Jaxson Hayes,16273131,C/UTIL,3000,MIL@NO 01/29/2021 07:30PM ET,NO,10.36
PF,Nicolo Melli (16273133),Nicolo Melli,16273133,PF/F/UTIL,3000,MIL@NO 01/29/2021 07:30PM ET,NO,7.03
SG/SF,Torrey Craig (16273333),Torrey Craig,16273333,SG/SF/F/G/UTIL,3000,MIL@NO 01/29/2021 07:30PM ET,MIL,8.12
PG/SG,Bryn Forbes (16273338),Bryn Forbes,16273338,PG/SG/G/UTIL,3000,MIL@NO 01/29/2021 07:30PM ET,MIL,10.24
PF,Thanasis Antetokounmpo (16273342),Thanasis Antetokounmpo,16273342,PF/F/UTIL,3000,MIL@NO 01/29/2021 07:30PM ET,MIL,6.75
PF/C,D.J. Wilson (16273345),D.J. Wilson,16273345,PF/C/F/UTIL,3000,MIL@NO 01/29/2021 07:30PM ET,MIL,9.39
PG,Jaylen Adams (16273349),Jaylen Adams,16273349,PG/G/UTIL,3000,MIL@NO 01/29/2021 07:30PM ET,MIL,0
PF,Mamadi Diakite (16273352),Mamadi Diakite,16273352,PF/F/UTIL,3000,MIL@NO 01/29/2021 07:30PM ET,MIL,0
SG,Sam Merrill (16273355),Sam Merrill,16273355,SG/G/UTIL,3000,MIL@NO 01/29/2021 07:30PM ET,MIL,6.11
SF/PF,Jordan Nwora (16273358),Jordan Nwora,16273358,SF/PF/F/UTIL,3000,MIL@NO 01/29/2021 07:30PM ET,MIL,9.53
PF/C,Taj Gibson (16273136),Taj Gibson,16273136,PF/C/F/UTIL,3000,CLE@NY 01/29/2021 07:30PM ET,NY,0
SG,Theo Pinson (16273140),Theo Pinson,16273140,SG/G/UTIL,3000,CLE@NY 01/29/2021 07:30PM ET,NY,0.46
PG,Dennis Smith Jr. (16273143),Dennis Smith Jr.,16273143,PG/G/UTIL,3000,CLE@NY 01/29/2021 07:30PM ET,NY,7.17
SG,Jared Harper (16273146),Jared Harper,16273146,SG/G/UTIL,3000,CLE@NY 01/29/2021 07:30PM ET,NY,0.5
PG/SF,Frank Ntilikina (16273149),Frank Ntilikina,16273149,PG/SF/F/G/UTIL,3000,CLE@NY 01/29/2021 07:30PM ET,NY,8.75
SF/PF,Kevin Knox II (16273154),Kevin Knox II,16273154,SF/PF/F/UTIL,3000,CLE@NY 01/29/2021 07:30PM ET,NY,12.09
PF,Obi Toppin (16273158),Obi Toppin,16273158,PF/F/UTIL,3000,CLE@NY 01/29/2021 07:30PM ET,NY,11.14
SF/PF,Ignas Brazdeikis (16273161),Ignas Brazdeikis,16273161,SF/PF/F/UTIL,3000,CLE@NY 01/29/2021 07:30PM ET,NY,1.38
PF,Dean Wade (16273362),Dean Wade,16273362,PF/F/UTIL,3000,CLE@NY 01/29/2021 07:30PM ET,CLE,5.3
C,Marques Bolden (16273365),Marques Bolden,16273365,C/UTIL,3000,CLE@NY 01/29/2021 07:30PM ET,CLE,3.58
SF,Lamar Stevens (16273367),Lamar Stevens,16273367,SF/F/UTIL,3000,CLE@NY 01/29/2021 07:30PM ET,CLE,8.15
SG/SF,Bruce Brown (16273051),Bruce Brown,16273051,SG/SF/F/G/UTIL,3000,BKN@OKC 01/29/2021 08:00PM ET,BKN,13.33
SF,Kenrich Williams (16273070),Kenrich Williams,16273070,SF/F/UTIL,3000,BKN@OKC 01/29/2021 08:00PM ET,OKC,9.90
SF/PF,Timothe Luwawu-Cabarrot (16273073),Timothe Luwawu-Cabarrot,16273073,SF/PF/F/UTIL,3000,BKN@OKC 01/29/2021 08:00PM ET,BKN,13.42
SF/PF,Darius Miller (16273201),Darius Miller,16273201,SF/PF/F/UTIL,3000,BKN@OKC 01/29/2021 08:00PM ET,OKC,1.92
SF/PF,Justin Jackson (16273205),Justin Jackson,16273205,SF/PF/F/UTIL,3000,BKN@OKC 01/29/2021 08:00PM ET,OKC,9.61
PG,Ty Jerome (16273209),Ty Jerome,16273209,PG/G/UTIL,3000,BKN@OKC 01/29/2021 08:00PM ET,OKC,0
C,Moses Brown (16273212),Moses Brown,16273212,C/UTIL,3000,BKN@OKC 01/29/2021 08:00PM ET,OKC,7.4
SF,Josh Hall (16273214),Josh Hall,16273214,SF/F/UTIL,3000,BKN@OKC 01/29/2021 08:00PM ET,OKC,4.6
PG/SG,Tyler Johnson (16273433),Tyler Johnson,16273433,PG/SG/G/UTIL,3000,BKN@OKC 01/29/2021 08:00PM ET,BKN,5.9
PG/SG,Spencer Dinwiddie (16273437),Spencer Dinwiddie,16273437,PG/SG/G/UTIL,3000,BKN@OKC 01/29/2021 08:00PM ET,BKN,18.08
PG,Chris Chiozza (16273441),Chris Chiozza,16273441,PG/G/UTIL,3000,BKN@OKC 01/29/2021 08:00PM ET,BKN,11.5
SG,Landry Shamet (16273444),Landry Shamet,16273444,SG/G/UTIL,3000,BKN@OKC 01/29/2021 08:00PM ET,BKN,10.09
PF/C,Nicolas Claxton (16273447),Nicolas Claxton,16273447,PF/C/F/UTIL,3000,BKN@OKC 01/29/2021 08:00PM ET,BKN,0
PF/C,Reggie Perry (16273451),Reggie Perry,16273451,PF/C/F/UTIL,3000,BKN@OKC 01/29/2021 08:00PM ET,BKN,9.40
PF,Al-Farouq Aminu (16273217),Al-Farouq Aminu,16273217,PF/F/UTIL,3000,LAC@ORL 01/29/2021 08:00PM ET,ORL,0
PF/C,Gary Clark (16273220),Gary Clark,16273220,PF/C/F/UTIL,3000,LAC@ORL 01/29/2021 08:00PM ET,ORL,10.64
PF,Jonathan Isaac (16273224),Jonathan Isaac,16273224,PF/F/UTIL,3000,LAC@ORL 01/29/2021 08:00PM ET,ORL,0
PG,Markelle Fultz (16273227),Markelle Fultz,16273227,PG/G/UTIL,3000,LAC@ORL 01/29/2021 08:00PM ET,ORL,26.66
PG,Jordan Bone (16273230),Jordan Bone,16273230,PG/G/UTIL,3000,LAC@ORL 01/29/2021 08:00PM ET,ORL,9.16
PF/C,Chuma Okeke (16273233),Chuma Okeke,16273233,PF/C/F/UTIL,3000,LAC@ORL 01/29/2021 08:00PM ET,ORL,10.15
C,Mo Bamba (16273237),Mo Bamba,16273237,C/UTIL,3000,LAC@ORL 01/29/2021 08:00PM ET,ORL,9.05
PG/SG,Karim Mane (16273239),Karim Mane,16273239,PG/SG/G/UTIL,3000,LAC@ORL 01/29/2021 08:00PM ET,ORL,3.67
PF/C,Mfiondu Kabengele (16273455),Mfiondu Kabengele,16273455,PF/C/F/UTIL,3000,LAC@ORL 01/29/2021 08:00PM ET,LAC,2.80
SF,Amir Coffey (16273459),Amir Coffey,16273459,SF/F/UTIL,3000,LAC@ORL 01/29/2021 08:00PM ET,LAC,3.64
C,Daniel Oturu (16273462),Daniel Oturu,16273462,C/UTIL,3000,LAC@ORL 01/29/2021 08:00PM ET,LAC,5.22
SG,Jay Scrubb (16273464),Jay Scrubb,16273464,SG/G/UTIL,3000,LAC@ORL 01/29/2021 08:00PM ET,LAC,0
PG/SG,Terence Davis (16273045),Terence Davis,16273045,PG/SG/G/UTIL,3000,SAC@TOR 01/29/2021 07:30PM ET,TOR,12.19
SG,Matt Thomas (16273165),Matt Thomas,16273165,SG/G/UTIL,3000,SAC@TOR 01/29/2021 07:30PM ET,TOR,6.44
SG/SF,Paul Watson (16273168),Paul Watson,16273168,SG/SF/F/G/UTIL,3000,SAC@TOR 01/29/2021 07:30PM ET,TOR,2.89
SG/SF,DeAndre' Bembry (16273173),DeAndre' Bembry,16273173,SG/SF/F/G/UTIL,3000,SAC@TOR 01/29/2021 07:30PM ET,TOR,3.94
SF/PF,Yuta Watanabe (16273178),Yuta Watanabe,16273178,SF/PF/F/UTIL,3000,SAC@TOR 01/29/2021 07:30PM ET,TOR,9.44
PG,Patrick McCaw (16273182),Patrick McCaw,16273182,PG/G/UTIL,3000,SAC@TOR 01/29/2021 07:30PM ET,TOR,0
PG,Malachi Flynn (16273185),Malachi Flynn,16273185,PG/G/UTIL,3000,SAC@TOR 01/29/2021 07:30PM ET,TOR,6.18
SG,Jalen Harris (16273188),Jalen Harris,16273188,SG/G/UTIL,3000,SAC@TOR 01/29/2021 07:30PM ET,TOR,0.38
C,Hassan Whiteside (16273370),Hassan Whiteside,16273370,C/UTIL,3000,SAC@TOR 01/29/2021 07:30PM ET,SAC,14.95
PF,Nemanja Bjelica (16273372),Nemanja Bjelica,16273372,PF/F/UTIL,3000,SAC@TOR 01/29/2021 07:30PM ET,SAC,14
PG/SG,Cory Joseph (16273375),Cory Joseph,16273375,PG/SG/G/UTIL,3000,SAC@TOR 01/29/2021 07:30PM ET,SAC,14.18
SF/PF,Glenn Robinson III (16273379),Glenn Robinson III,16273379,SF/PF/F/UTIL,3000,SAC@TOR 01/29/2021 07:30PM ET,SAC,10.96
SF/PF,Jabari Parker (16273383),Jabari Parker,16273383,SF/PF/F/UTIL,3000,SAC@TOR 01/29/2021 07:30PM ET,SAC,0
C,Chimezie Metu (16273387),Chimezie Metu,16273387,C/UTIL,3000,SAC@TOR 01/29/2021 07:30PM ET,SAC,10.47
SG/SF,Justin James (16273389),Justin James,16273389,SG/SF/F/G/UTIL,3000,SAC@TOR 01/29/2021 07:30PM ET,SAC,4.32
SF,DaQuan Jeffries (16273394),DaQuan Jeffries,16273394,SF/F/UTIL,3000,SAC@TOR 01/29/2021 07:30PM ET,SAC,0
PG,Kyle Guy (16273397),Kyle Guy,16273397,PG/G/UTIL,3000,SAC@TOR 01/29/2021 07:30PM ET,SAC,8.69
SG/SF,Robert Woodard II (16273400),Robert Woodard II,16273400,SG/SF/F/G/UTIL,3000,SAC@TOR 01/29/2021 07:30PM ET,SAC,3.83
PG,Jahmi'us Ramsey (16273405),Jahmi'us Ramsey,16273405,PG/G/UTIL,3000,SAC@TOR 01/29/2021 07:30PM ET,SAC,3.38
PG,Cassius Winston (16273062),Cassius Winston,16273062,PG/G/UTIL,3000,ATL@WAS 01/29/2021 07:00PM ET,WAS,7
PF,Anthony Gill (16273105),Anthony Gill,16273105,PF/F/UTIL,3000,ATL@WAS 01/29/2021 07:00PM ET,WAS,5.5
SF,Troy Brown Jr. (16273108),Troy Brown Jr.,16273108,SF/F/UTIL,3000,ATL@WAS 01/29/2021 07:00PM ET,WAS,11.14
PF,Solomon Hill (16273311),Solomon Hill,16273311,PF/F/UTIL,3000,ATL@WAS 01/29/2021 07:00PM ET,ATL,11.68
SG/SF,Tony Snell (16273314),Tony Snell,16273314,SG/SF/F/G/UTIL,3000,ATL@WAS 01/29/2021 07:00PM ET,ATL,4.03
PG/SG,Brandon Goodwin (16273319),Brandon Goodwin,16273319,PG/SG/G/UTIL,3000,ATL@WAS 01/29/2021 07:00PM ET,ATL,10.30
PG/SG,Skylar Mays (16273323),Skylar Mays,16273323,PG/SG/G/UTIL,3000,ATL@WAS 01/29/2021 07:00PM ET,ATL,0.38
C,Nathan Knight (16273327),Nathan Knight,16273327,C/UTIL,3000,ATL@WAS 01/29/2021 07:00PM ET,ATL,5.39
C,Bruno Fernando (16273329),Bruno Fernando,16273329,C/UTIL,3000,ATL@WAS 01/29/2021 07:00PM ET,ATL,7.92
C,Onyeka Okongwu (16273331),Onyeka Okongwu,16273331,C/UTIL,3000,ATL@WAS 01/29/2021 07:00PM ET,ATL,11.75
SF,Keita Bates-Diop (16273243),Keita Bates-Diop,16273243,SF/F/UTIL,3000,DEN@SA 01/29/2021 08:30PM ET,SA,0.5
PF/C,Trey Lyles (16273246),Trey Lyles,16273246,PF/C/F/UTIL,3000,DEN@SA 01/29/2021 08:30PM ET,SA,7.42
C,Drew Eubanks (16273250),Drew Eubanks,16273250,C/UTIL,3000,DEN@SA 01/29/2021 08:30PM ET,SA,13.42
SG,Quinndary Weatherspoon (16273252),Quinndary Weatherspoon,16273252,SG/G/UTIL,3000,DEN@SA 01/29/2021 08:30PM ET,SA,0
PG,Tre Jones (16273255),Tre Jones,16273255,PG/G/UTIL,3000,DEN@SA 01/29/2021 08:30PM ET,SA,2.96
PF,Luka Samanic (16273258),Luka Samanic,16273258,PF/F/UTIL,3000,DEN@SA 01/29/2021 08:30PM ET,SA,2
PF,Greg Whittington (16273467),Greg Whittington,16273467,PF/F/UTIL,3000,DEN@SA 01/29/2021 08:30PM ET,DEN,0
PG/SG,Facundo Campazzo (16273470),Facundo Campazzo,16273470,PG/SG/G/UTIL,3000,DEN@SA 01/29/2021 08:30PM ET,DEN,8.54
PG,Markus Howard (16273474),Markus Howard,16273474,PG/G/UTIL,3000,DEN@SA 01/29/2021 08:30PM ET,DEN,2.21
C,Isaiah Hartenstein (16273477),Isaiah Hartenstein,16273477,C/UTIL,3000,DEN@SA 01/29/2021 08:30PM ET,DEN,11.17
SF,Vlatko Cancar (16273479),Vlatko Cancar,16273479,SF/F/UTIL,3000,DEN@SA 01/29/2021 08:30PM ET,DEN,1.67
C,Bol Bol (16273482),Bol Bol,16273482,C/UTIL,3000,DEN@SA 01/29/2021 08:30PM ET,DEN,3.58
PF/C,Zeke Nnaji (16273484),Zeke Nnaji,16273484,PF/C/F/UTIL,3000,DEN@SA 01/29/2021 08:30PM ET,DEN,1.57
PG/SG,R.J. Hampton (16273488),R.J. Hampton,16273488,PG/SG/G/UTIL,3000,DEN@SA 01/29/2021 08:30PM ET,DEN,1.52
C,Dwight Powell (16273056),Dwight Powell,16273056,C/UTIL,3000,DAL@UTA 01/29/2021 10:00PM ET,DAL,13.72
SF/PF,Josh Green (16273058),Josh Green,16273058,SF/PF/F/UTIL,3000,DAL@UTA 01/29/2021 10:00PM ET,DAL,6.6
C,Boban Marjanovic (16273077),Boban Marjanovic,16273077,C/UTIL,3000,DAL@UTA 01/29/2021 10:00PM ET,DAL,8.48
SF/PF,Georges Niang (16273261),Georges Niang,16273261,SF/PF/F/UTIL,3000,DAL@UTA 01/29/2021 10:00PM ET,UTA,8.78
PG,Shaquille Harrison (16273265),Shaquille Harrison,16273265,PG/G/UTIL,3000,DAL@UTA 01/29/2021 10:00PM ET,UTA,3.04
PF,Jarrell Brantley (16273268),Jarrell Brantley,16273268,PF/F/UTIL,3000,DAL@UTA 01/29/2021 10:00PM ET,UTA,1.08
PF,Juwan Morgan (16273271),Juwan Morgan,16273271,PF/F/UTIL,3000,DAL@UTA 01/29/2021 10:00PM ET,UTA,1.68
SG,Trent Forrest (16273274),Trent Forrest,16273274,SG/G/UTIL,3000,DAL@UTA 01/29/2021 10:00PM ET,UTA,2.75
C,Udoka Azubuike (16273277),Udoka Azubuike,16273277,C/UTIL,3000,DAL@UTA 01/29/2021 10:00PM ET,UTA,3.11
SF,Elijah Hughes (16273279),Elijah Hughes,16273279,SF/F/UTIL,3000,DAL@UTA 01/29/2021 10:00PM ET,UTA,4.83
SG,Miye Oni (16273282),Miye Oni,16273282,SG/G/UTIL,3000,DAL@UTA 01/29/2021 10:00PM ET,UTA,4.52
SF,Wes Iwundu (16273492),Wes Iwundu,16273492,SF/F/UTIL,3000,DAL@UTA 01/29/2021 10:00PM ET,DAL,7.25
PF,Tyler Bey (16273495),Tyler Bey,16273495,PF/F/UTIL,3000,DAL@UTA 01/29/2021 10:00PM ET,DAL,2.94
SG,Nate Hinton (16273498),Nate Hinton,16273498,SG/G/UTIL,3000,DAL@UTA 01/29/2021 10:00PM ET,DAL,1.92
PG/SG,Tyrell Terry (16273501),Tyrell Terry,16273501,PG/SG/G/UTIL,3000,DAL@UTA 01/29/2021 10:00PM ET,DAL,3.7
