Position,Name + ID,Name,ID,Roster Position,Salary,Game Info,TeamAbbrev,AvgPointsPerGame
PG/SG,James Harden (16196570),James Harden,16196570,PG/SG/G/UTIL,10900,BKN@CLE 01/20/2021 07:00PM ET,BKN,54.22
PG,Luka Doncic (16196574),Luka Doncic,16196574,PG/G/UTIL,10700,DAL@IND 01/20/2021 07:00PM ET,DAL,58.02
PF/C,Kevin Durant (16196577),Kevin Durant,16196577,PF/C/F/UTIL,10500,BKN@CLE 01/20/2021 07:00PM ET,BKN,52.09
PG,Damian Lillard (16196581),Damian Lillard,16196581,PG/G/UTIL,10400,MEM@POR 01/20/2021 10:00PM ET,POR,47.11
C,Karl-Anthony Towns (16196584),Karl-Anthony Towns,16196584,C/UTIL,10300,ORL@MIN 01/20/2021 08:00PM ET,MIN,51.5
C,Andre Drummond (16196586),Andre Drummond,16196586,C/UTIL,9900,BKN@CLE 01/20/2021 07:00PM ET,CLE,49.44
PF/C,Domantas Sabonis (16196588),Domantas Sabonis,16196588,PF/C/F/UTIL,9800,DAL@IND 01/20/2021 07:00PM ET,IND,49.25
PG,Stephen Curry (16196592),Stephen Curry,16196592,PG/G/UTIL,9700,SA@GS 01/20/2021 10:00PM ET,GS,47.54
C,Joel Embiid (16196595),Joel Embiid,16196595,C/UTIL,9600,BOS@PHI 01/20/2021 07:00PM ET,PHI,49.41
SG/SF,Kevin Huerter (16196597),Kevin Huerter,16196597,SG/SF/F/G/UTIL,9500,DET@ATL 01/20/2021 07:30PM ET,ATL,25.60
SF,Kawhi Leonard (16196602),Kawhi Leonard,16196602,SF/F/UTIL,9400,SAC@LAC 01/20/2021 10:00PM ET,LAC,44.69
PG,Trae Young (16196605),Trae Young,16196605,PG/G/UTIL,9300,DET@ATL 01/20/2021 07:30PM ET,ATL,42.88
PF,Jayson Tatum (16196608),Jayson Tatum,16196608,PF/F/UTIL,9200,BOS@PHI 01/20/2021 07:00PM ET,BOS,46.08
SG,Paul George (16196611),Paul George,16196611,SG/G/UTIL,9100,SAC@LAC 01/20/2021 10:00PM ET,LAC,43.92
PG/SF,Ben Simmons (16196614),Ben Simmons,16196614,PG/SF/F/G/UTIL,9100,BOS@PHI 01/20/2021 07:00PM ET,PHI,40.02
PG,Kyrie Irving (16196619),Kyrie Irving,16196619,PG/G/UTIL,9000,BKN@CLE 01/20/2021 07:00PM ET,BKN,47.89
PG,De'Aaron Fox (16196622),De'Aaron Fox,16196622,PG/G/UTIL,8900,SAC@LAC 01/20/2021 10:00PM ET,SAC,36.45
PG/SG,D'Angelo Russell (16196625),D'Angelo Russell,16196625,PG/SG/G/UTIL,8800,ORL@MIN 01/20/2021 08:00PM ET,MIN,37.71
SG/SF,Jaylen Brown (16196629),Jaylen Brown,16196629,SG/SF/F/G/UTIL,8700,BOS@PHI 01/20/2021 07:00PM ET,BOS,43.21
C,Nikola Vucevic (16196634),Nikola Vucevic,16196634,C/UTIL,8600,ORL@MIN 01/20/2021 08:00PM ET,ORL,47.25
C,Bam Adebayo (16196636),Bam Adebayo,16196636,C/UTIL,8600,MIA@TOR 01/20/2021 07:30PM ET,MIA,41.75
SF/PF,DeMar DeRozan (16196638),DeMar DeRozan,16196638,SF/PF/F/UTIL,8500,SA@GS 01/20/2021 10:00PM ET,SA,41.65
C,Christian Wood (16196642),Christian Wood,16196642,C/UTIL,8400,PHO@HOU 01/20/2021 09:30PM ET,HOU,44.68
PG,Malcolm Brogdon (16196647),Malcolm Brogdon,16196647,PG/G/UTIL,8300,DAL@IND 01/20/2021 07:00PM ET,IND,43.04
PG,CJ McCollum (16196644),CJ McCollum,16196644,PG/G/UTIL,8300,MEM@POR 01/20/2021 10:00PM ET,POR,44.48
SG,Devin Booker (16196650),Devin Booker,16196650,SG/G/UTIL,8200,PHO@HOU 01/20/2021 09:30PM ET,PHO,34.60
PF/C,Pascal Siakam (16196653),Pascal Siakam,16196653,PF/C/F/UTIL,8000,MIA@TOR 01/20/2021 07:30PM ET,TOR,39.17
PF/C,Kristaps Porzingis (16196657),Kristaps Porzingis,16196657,PF/C/F/UTIL,7900,DAL@IND 01/20/2021 07:00PM ET,DAL,33.69
PG/SG,Victor Oladipo (16196661),Victor Oladipo,16196661,PG/SG/G/UTIL,7800,PHO@HOU 01/20/2021 09:30PM ET,HOU,39.25
SF/PF,Jerami Grant (16196665),Jerami Grant,16196665,SF/PF/F/UTIL,7700,DET@ATL 01/20/2021 07:30PM ET,DET,41.94
PG,Caris LeVert (16196669),Caris LeVert,16196669,PG/G/UTIL,7700,DAL@IND 01/20/2021 07:00PM ET,IND,36.17
C,Clint Capela (16196672),Clint Capela,16196672,C/UTIL,7600,DET@ATL 01/20/2021 07:30PM ET,ATL,35.5
PG,Kyle Lowry (16196674),Kyle Lowry,16196674,PG/G/UTIL,7600,MIA@TOR 01/20/2021 07:30PM ET,TOR,40.10
PG/SF,Jimmy Butler (16196677),Jimmy Butler,16196677,PG/SF/F/G/UTIL,7500,MIA@TOR 01/20/2021 07:30PM ET,MIA,35.71
PG/SG,Fred VanVleet (16196682),Fred VanVleet,16196682,PG/SG/G/UTIL,7500,MIA@TOR 01/20/2021 07:30PM ET,TOR,38.56
PG,Dejounte Murray (16196690),Dejounte Murray,16196690,PG/G/UTIL,7400,SA@GS 01/20/2021 10:00PM ET,SA,36.36
PG/SF,Aaron Gordon (16196693),Aaron Gordon,16196693,PG/SF/F/G/UTIL,7400,ORL@MIN 01/20/2021 08:00PM ET,ORL,31.94
PF/C,Chris Boucher (16196701),Chris Boucher,16196701,PF/C/F/UTIL,7300,MIA@TOR 01/20/2021 07:30PM ET,TOR,33.79
PG,Ja Morant (16196698),Ja Morant,16196698,PG/G/UTIL,7300,MEM@POR 01/20/2021 10:00PM ET,MEM,38.1
PG,Chris Paul (16196705),Chris Paul,16196705,PG/G/UTIL,7200,PHO@HOU 01/20/2021 09:30PM ET,PHO,33.96
SF/PF,Tobias Harris (16196708),Tobias Harris,16196708,SF/PF/F/UTIL,7200,BOS@PHI 01/20/2021 07:00PM ET,PHI,36.54
PG,John Wall (16196712),John Wall,16196712,PG/G/UTIL,7100,PHO@HOU 01/20/2021 09:30PM ET,HOU,35.96
C,Myles Turner (16196715),Myles Turner,16196715,C/UTIL,7100,DAL@IND 01/20/2021 07:00PM ET,IND,34.25
C,Deandre Ayton (16196721),Deandre Ayton,16196721,C/UTIL,7000,PHO@HOU 01/20/2021 09:30PM ET,PHO,32.88
PG/SG,Tyler Herro (16196717),Tyler Herro,16196717,PG/SG/G/UTIL,7000,MIA@TOR 01/20/2021 07:30PM ET,MIA,32.22
PF/C,John Collins (16196723),John Collins,16196723,PF/C/F/UTIL,6900,DET@ATL 01/20/2021 07:30PM ET,ATL,30.69
SG,Malik Beasley (16196727),Malik Beasley,16196727,SG/G/UTIL,6900,ORL@MIN 01/20/2021 08:00PM ET,MIN,31.35
PG/SG,Collin Sexton (16196730),Collin Sexton,16196730,PG/SG/G/UTIL,6800,BKN@CLE 01/20/2021 07:00PM ET,CLE,36.22
C,Jonas Valanciunas (16196734),Jonas Valanciunas,16196734,C/UTIL,6800,MEM@POR 01/20/2021 10:00PM ET,MEM,33.90
SG/SF,Andrew Wiggins (16196736),Andrew Wiggins,16196736,SG/SF/F/G/UTIL,6700,SA@GS 01/20/2021 10:00PM ET,GS,31.29
C,Jarrett Allen (16196745),Jarrett Allen,16196745,C/UTIL,6600,BKN@CLE 01/20/2021 07:00PM ET,CLE,30.73
SF/PF,Keldon Johnson (16196741),Keldon Johnson,16196741,SF/PF/F/UTIL,6600,SA@GS 01/20/2021 10:00PM ET,SA,30.07
SF/PF,Cedi Osman (16196747),Cedi Osman,16196747,SF/PF/F/UTIL,6500,BKN@CLE 01/20/2021 07:00PM ET,CLE,26.14
SG/SF,Buddy Hield (16196751),Buddy Hield,16196751,SG/SF/F/G/UTIL,6500,SAC@LAC 01/20/2021 10:00PM ET,SAC,28.27
PG/SG,Marcus Smart (16196686),Marcus Smart,16196686,PG/SG/G/UTIL,6500,BOS@PHI 01/20/2021 07:00PM ET,BOS,28.43
PG,Kemba Walker (16196759),Kemba Walker,16196759,PG/G/UTIL,6500,BOS@PHI 01/20/2021 07:00PM ET,BOS,22.75
PF,Jaren Jackson Jr. (16196756),Jaren Jackson Jr.,16196756,PF/F/UTIL,6500,MEM@POR 01/20/2021 10:00PM ET,MEM,0
PF/C,Larry Nance Jr. (16196762),Larry Nance Jr.,16196762,PF/C/F/UTIL,6400,BKN@CLE 01/20/2021 07:00PM ET,CLE,29.48
C,Richaun Holmes (16196766),Richaun Holmes,16196766,C/UTIL,6400,SAC@LAC 01/20/2021 10:00PM ET,SAC,30.62
SF/PF,Harrison Barnes (16196770),Harrison Barnes,16196770,SF/PF/F/UTIL,6300,SAC@LAC 01/20/2021 10:00PM ET,SAC,31.05
C,Enes Kanter (16196768),Enes Kanter,16196768,C/UTIL,6300,MEM@POR 01/20/2021 10:00PM ET,POR,25.96
SF/PF,De'Andre Hunter (16196777),De'Andre Hunter,16196777,SF/PF/F/UTIL,6200,DET@ATL 01/20/2021 07:30PM ET,ATL,29.92
PF,Kevin Love (16196774),Kevin Love,16196774,PF/F/UTIL,6200,BKN@CLE 01/20/2021 07:00PM ET,CLE,21.75
PF/C,Blake Griffin (16196781),Blake Griffin,16196781,PF/C/F/UTIL,6100,DET@ATL 01/20/2021 07:30PM ET,DET,28.92
PF/C,LaMarcus Aldridge (16196790),LaMarcus Aldridge,16196790,PF/C/F/UTIL,6100,SA@GS 01/20/2021 10:00PM ET,SA,26.36
SG/SF,Terrence Ross (16196785),Terrence Ross,16196785,SG/SF/F/G/UTIL,6100,ORL@MIN 01/20/2021 08:00PM ET,ORL,25.29
PF/C,Brandon Clarke (16196794),Brandon Clarke,16196794,PF/C/F/UTIL,6000,MEM@POR 01/20/2021 10:00PM ET,MEM,27.08
SG/SF,Dillon Brooks (16196798),Dillon Brooks,16196798,SG/SF/F/G/UTIL,6000,MEM@POR 01/20/2021 10:00PM ET,MEM,27.94
C,Serge Ibaka (16196807),Serge Ibaka,16196807,C/UTIL,5900,SAC@LAC 01/20/2021 10:00PM ET,LAC,25.06
PG/SG,Tyrese Haliburton (16196809),Tyrese Haliburton,16196809,PG/SG/G/UTIL,5900,SAC@LAC 01/20/2021 10:00PM ET,SAC,26.42
SF/PF,OG Anunoby (16196803),OG Anunoby,16196803,SF/PF/F/UTIL,5900,MIA@TOR 01/20/2021 07:30PM ET,TOR,28.33
SG/SF,Tim Hardaway Jr. (16196818),Tim Hardaway Jr.,16196818,SG/SF/F/G/UTIL,5800,DAL@IND 01/20/2021 07:00PM ET,DAL,28.27
SG,Duncan Robinson (16196815),Duncan Robinson,16196815,SG/G/UTIL,5800,MIA@TOR 01/20/2021 07:30PM ET,MIA,25.19
C,Jusuf Nurkic (16196813),Jusuf Nurkic,16196813,C/UTIL,5800,MEM@POR 01/20/2021 10:00PM ET,POR,26.88
SF,Mikal Bridges (16196826),Mikal Bridges,16196826,SF/F/UTIL,5700,PHO@HOU 01/20/2021 09:30PM ET,PHO,28.85
PG,Goran Dragic (16196823),Goran Dragic,16196823,PG/G/UTIL,5700,MIA@TOR 01/20/2021 07:30PM ET,MIA,26.75
SF/PF,Kyle Anderson (16196829),Kyle Anderson,16196829,SF/PF/F/UTIL,5700,MEM@POR 01/20/2021 10:00PM ET,MEM,30.5
PG,Darius Garland (16196837),Darius Garland,16196837,PG/G/UTIL,5600,BKN@CLE 01/20/2021 07:00PM ET,CLE,34.17
PF/C,Marvin Bagley III (16196833),Marvin Bagley III,16196833,PF/C/F/UTIL,5600,SAC@LAC 01/20/2021 10:00PM ET,SAC,26.88
PG/SG,Shake Milton (16196840),Shake Milton,16196840,PG/SG/G/UTIL,5600,BOS@PHI 01/20/2021 07:00PM ET,PHI,27.54
C,DeAndre Jordan (16196853),DeAndre Jordan,16196853,C/UTIL,5500,BKN@CLE 01/20/2021 07:00PM ET,BKN,18.96
SG/SF,Joe Harris (16196855),Joe Harris,16196855,SG/SF/F/G/UTIL,5500,BKN@CLE 01/20/2021 07:00PM ET,BKN,25.6
SF/PF,Kelly Oubre Jr. (16196849),Kelly Oubre Jr.,16196849,SF/PF/F/UTIL,5500,SA@GS 01/20/2021 10:00PM ET,GS,24.35
SG/SF,Eric Gordon (16196844),Eric Gordon,16196844,SG/SF/F/G/UTIL,5500,PHO@HOU 01/20/2021 09:30PM ET,HOU,24.28
PG,Derrick Rose (16196868),Derrick Rose,16196868,PG/G/UTIL,5400,DET@ATL 01/20/2021 07:30PM ET,DET,28.4
PG/SG,Derrick White (16196860),Derrick White,16196860,PG/SG/G/UTIL,5400,SA@GS 01/20/2021 10:00PM ET,SA,15.25
PF/C,Draymond Green (16196864),Draymond Green,16196864,PF/C/F/UTIL,5400,SA@GS 01/20/2021 10:00PM ET,GS,23.61
PF,T.J. Warren (16196878),T.J. Warren,16196878,PF/F/UTIL,5300,DAL@IND 01/20/2021 07:00PM ET,IND,22.25
PG,Cole Anthony (16196875),Cole Anthony,16196875,PG/G/UTIL,5300,ORL@MIN 01/20/2021 08:00PM ET,ORL,21.89
SG,Seth Curry (16196881),Seth Curry,16196881,SG/G/UTIL,5300,BOS@PHI 01/20/2021 07:00PM ET,PHI,28.31
PF/C,Kelly Olynyk (16196871),Kelly Olynyk,16196871,PF/C/F/UTIL,5300,MIA@TOR 01/20/2021 07:30PM ET,MIA,25.23
C,Mason Plumlee (16196888),Mason Plumlee,16196888,C/UTIL,5200,DET@ATL 01/20/2021 07:30PM ET,DET,27.67
PG/SG,Damyean Dotson (16196884),Damyean Dotson,16196884,PG/SG/G/UTIL,5200,BKN@CLE 01/20/2021 07:00PM ET,CLE,17.29
SG,Evan Fournier (16196890),Evan Fournier,16196890,SG/G/UTIL,5200,ORL@MIN 01/20/2021 08:00PM ET,ORL,22.5
PG,Tyus Jones (16196893),Tyus Jones,16196893,PG/G/UTIL,5200,MEM@POR 01/20/2021 10:00PM ET,MEM,23.60
PG/SG,Delon Wright (16196896),Delon Wright,16196896,PG/SG/G/UTIL,5100,DET@ATL 01/20/2021 07:30PM ET,DET,20.44
SG/SF,Lonnie Walker IV (16196900),Lonnie Walker IV,16196900,SG/SF/F/G/UTIL,5100,SA@GS 01/20/2021 10:00PM ET,SA,22.30
C,Willie Cauley-Stein (16196905),Willie Cauley-Stein,16196905,C/UTIL,5100,DAL@IND 01/20/2021 07:00PM ET,DAL,16.40
PF/C,Daniel Theis (16196907),Daniel Theis,16196907,PF/C/F/UTIL,5100,BOS@PHI 01/20/2021 07:00PM ET,BOS,17.79
PG/SG,Patty Mills (16196916),Patty Mills,16196916,PG/SG/G/UTIL,5000,SA@GS 01/20/2021 10:00PM ET,SA,23.09
PG/SG,Trey Burke (16196920),Trey Burke,16196920,PG/SG/G/UTIL,5000,DAL@IND 01/20/2021 07:00PM ET,DAL,17.23
C,Tristan Thompson (16196914),Tristan Thompson,16196914,C/UTIL,5000,BOS@PHI 01/20/2021 07:00PM ET,BOS,21.08
PF,Robert Covington (16196911),Robert Covington,16196911,PF/F/UTIL,5000,MEM@POR 01/20/2021 10:00PM ET,POR,20.54
PF,Rudy Gay (16196930),Rudy Gay,16196930,PF/F/UTIL,4900,SA@GS 01/20/2021 10:00PM ET,SA,23.84
SG/SF,Justin Holiday (16196937),Justin Holiday,16196937,SG/SF/F/G/UTIL,4900,DAL@IND 01/20/2021 07:00PM ET,IND,20.65
PG,Patrick Beverley (16196927),Patrick Beverley,16196927,PG/G/UTIL,4900,SAC@LAC 01/20/2021 10:00PM ET,LAC,21.38
PG,Ricky Rubio (16196924),Ricky Rubio,16196924,PG/G/UTIL,4900,ORL@MIN 01/20/2021 08:00PM ET,MIN,19.98
PF/C,Jarred Vanderbilt (16196933),Jarred Vanderbilt,16196933,PF/C/F/UTIL,4900,ORL@MIN 01/20/2021 08:00PM ET,MIN,17.8
SF/PF,Jae Crowder (16196946),Jae Crowder,16196946,SF/PF/F/UTIL,4800,PHO@HOU 01/20/2021 09:30PM ET,PHO,21.54
SF/PF,Nicolas Batum (16196942),Nicolas Batum,16196942,SF/PF/F/UTIL,4800,SAC@LAC 01/20/2021 10:00PM ET,LAC,24.23
C,Naz Reid (16196952),Naz Reid,16196952,C/UTIL,4800,ORL@MIN 01/20/2021 08:00PM ET,MIN,20.31
C,Dwight Howard (16196950),Dwight Howard,16196950,C/UTIL,4800,BOS@PHI 01/20/2021 07:00PM ET,PHI,19.20
SG/SF,Gary Trent Jr. (16196954),Gary Trent Jr.,16196954,SG/SF/F/G/UTIL,4800,MEM@POR 01/20/2021 10:00PM ET,POR,16.40
SG/SF,Kevin Porter Jr. (16196963),Kevin Porter Jr.,16196963,SG/SF/F/G/UTIL,4700,BKN@CLE 01/20/2021 07:00PM ET,CLE,0
C,Marquese Chriss (16196982),Marquese Chriss,16196982,C/UTIL,4700,SA@GS 01/20/2021 10:00PM ET,GS,17.88
PG/SF,Jae'Sean Tate (16196977),Jae'Sean Tate,16196977,PG/SF/F/G/UTIL,4700,PHO@HOU 01/20/2021 09:30PM ET,HOU,19.90
SF/PF,Doug McDermott (16196968),Doug McDermott,16196968,SF/PF/F/UTIL,4700,DAL@IND 01/20/2021 07:00PM ET,IND,19.5
SG/SF,Josh Richardson (16196987),Josh Richardson,16196987,SG/SF/F/G/UTIL,4700,DAL@IND 01/20/2021 07:00PM ET,DAL,22.41
SF/PF,Marcus Morris Sr. (16196959),Marcus Morris Sr.,16196959,SF/PF/F/UTIL,4700,SAC@LAC 01/20/2021 10:00PM ET,LAC,19.21
PF,Juancho Hernangomez (16196992),Juancho Hernangomez,16196992,PF/F/UTIL,4700,ORL@MIN 01/20/2021 08:00PM ET,MIN,15.68
PG,Payton Pritchard (16196995),Payton Pritchard,16196995,PG/G/UTIL,4700,BOS@PHI 01/20/2021 07:00PM ET,BOS,19.23
SG/SF,Norman Powell (16196972),Norman Powell,16196972,SG/SF/F/G/UTIL,4700,MIA@TOR 01/20/2021 07:30PM ET,TOR,18.85
PF,Carmelo Anthony (16196984),Carmelo Anthony,16196984,PF/F/UTIL,4700,MEM@POR 01/20/2021 10:00PM ET,POR,21.23
SG,Cam Reddish (16196998),Cam Reddish,16196998,SG/G/UTIL,4600,DET@ATL 01/20/2021 07:30PM ET,ATL,22.75
SF/PF,Danilo Gallinari (16197010),Danilo Gallinari,16197010,SF/PF/F/UTIL,4600,DET@ATL 01/20/2021 07:30PM ET,ATL,14.12
C,James Wiseman (16197001),James Wiseman,16197001,C/UTIL,4600,SA@GS 01/20/2021 10:00PM ET,GS,22.23
C,DeMarcus Cousins (16197014),DeMarcus Cousins,16197014,C/UTIL,4600,PHO@HOU 01/20/2021 09:30PM ET,HOU,19.81
SF/PF,Dorian Finney-Smith (16197003),Dorian Finney-Smith,16197003,SF/PF/F/UTIL,4600,DAL@IND 01/20/2021 07:00PM ET,DAL,21.62
SF,Danny Green (16197007),Danny Green,16197007,SF/F/UTIL,4600,BOS@PHI 01/20/2021 07:00PM ET,PHI,22.77
PF,James Johnson (16197021),James Johnson,16197021,PF/F/UTIL,4500,DAL@IND 01/20/2021 07:00PM ET,DAL,17.52
PF,Maxi Kleber (16197024),Maxi Kleber,16197024,PF/F/UTIL,4500,DAL@IND 01/20/2021 07:00PM ET,DAL,19.11
SG/SF,Anthony Edwards (16197016),Anthony Edwards,16197016,SG/SF/F/G/UTIL,4500,ORL@MIN 01/20/2021 08:00PM ET,MIN,20.44
PG/SG,Tyrese Maxey (16197027),Tyrese Maxey,16197027,PG/SG/G/UTIL,4500,BOS@PHI 01/20/2021 07:00PM ET,PHI,19.66
SF,Isaac Okoro (16197031),Isaac Okoro,16197031,SF/F/UTIL,4400,BKN@CLE 01/20/2021 07:00PM ET,CLE,17.47
SF/PF,Danuel House Jr. (16197034),Danuel House Jr.,16197034,SF/PF/F/UTIL,4400,PHO@HOU 01/20/2021 09:30PM ET,HOU,17.75
PG/SG,Jeff Teague (16197040),Jeff Teague,16197040,PG/SG/G/UTIL,4400,BOS@PHI 01/20/2021 07:00PM ET,BOS,17.4
C,Gorgui Dieng (16197038),Gorgui Dieng,16197038,C/UTIL,4400,MEM@POR 01/20/2021 10:00PM ET,MEM,19.25
SF/PF,Jeff Green (16197053),Jeff Green,16197053,SF/PF/F/UTIL,4300,BKN@CLE 01/20/2021 07:00PM ET,BKN,13.58
SF/PF,Eric Paschall (16197044),Eric Paschall,16197044,SF/PF/F/UTIL,4300,SA@GS 01/20/2021 10:00PM ET,GS,19.77
SG,Ben McLemore (16197061),Ben McLemore,16197061,SG/G/UTIL,4300,PHO@HOU 01/20/2021 09:30PM ET,HOU,17.83
PG/SG,Jalen Brunson (16197057),Jalen Brunson,16197057,PG/SG/G/UTIL,4300,DAL@IND 01/20/2021 07:00PM ET,DAL,20.11
SG/SF,Luke Kennard (16197048),Luke Kennard,16197048,SG/SF/F/G/UTIL,4300,SAC@LAC 01/20/2021 10:00PM ET,LAC,17.09
C,Ivica Zubac (16197064),Ivica Zubac,16197064,C/UTIL,4200,SAC@LAC 01/20/2021 10:00PM ET,LAC,16.80
PG/SF,Michael Carter-Williams (16197066),Michael Carter-Williams,16197066,PG/SF/F/G/UTIL,4200,ORL@MIN 01/20/2021 08:00PM ET,ORL,15.86
C,JaVale McGee (16197071),JaVale McGee,16197071,C/UTIL,4100,BKN@CLE 01/20/2021 07:00PM ET,CLE,20.71
SG/SF,Sterling Brown (16197073),Sterling Brown,16197073,SG/SF/F/G/UTIL,4100,PHO@HOU 01/20/2021 09:30PM ET,HOU,16.65
PF/C,P.J. Tucker (16197090),P.J. Tucker,16197090,PF/C/F/UTIL,4100,PHO@HOU 01/20/2021 09:30PM ET,HOU,17.71
PG/SG,Lou Williams (16197078),Lou Williams,16197078,PG/SG/G/UTIL,4100,SAC@LAC 01/20/2021 10:00PM ET,LAC,17.10
PF/C,Precious Achiuwa (16197094),Precious Achiuwa,16197094,PF/C/F/UTIL,4100,MIA@TOR 01/20/2021 07:30PM ET,MIA,17.21
SF/PF,Derrick Jones Jr. (16197082),Derrick Jones Jr.,16197082,SF/PF/F/UTIL,4100,MEM@POR 01/20/2021 10:00PM ET,POR,17.34
PG/SG,De'Anthony Melton (16197086),De'Anthony Melton,16197086,PG/SG/G/UTIL,4100,MEM@POR 01/20/2021 10:00PM ET,MEM,18.64
SG/SF,Bogdan Bogdanovic (16197102),Bogdan Bogdanovic,16197102,SG/SF/F/G/UTIL,4000,DET@ATL 01/20/2021 07:30PM ET,ATL,19.44
SG/SF,Josh Jackson (16197111),Josh Jackson,16197111,SG/SF/F/G/UTIL,4000,DET@ATL 01/20/2021 07:30PM ET,DET,21.27
SF/PF,Taurean Prince (16197098),Taurean Prince,16197098,SF/PF/F/UTIL,4000,BKN@CLE 01/20/2021 07:00PM ET,CLE,15.25
PG/SG,Bruce Brown (16197107),Bruce Brown,16197107,PG/SG/G/UTIL,4000,BKN@CLE 01/20/2021 07:00PM ET,BKN,13.64
SF,David Nwaba (16197123),David Nwaba,16197123,SF/F/UTIL,4000,PHO@HOU 01/20/2021 09:30PM ET,HOU,15.30
C,Khem Birch (16197116),Khem Birch,16197116,C/UTIL,4000,ORL@MIN 01/20/2021 08:00PM ET,ORL,19.5
PG/SG,Kendrick Nunn (16197126),Kendrick Nunn,16197126,PG/SG/G/UTIL,4000,MIA@TOR 01/20/2021 07:30PM ET,MIA,14.04
SG/SF,Grayson Allen (16197118),Grayson Allen,16197118,SG/SF/F/G/UTIL,4000,MEM@POR 01/20/2021 10:00PM ET,MEM,17.31
SF/PF,Timothe Luwawu-Cabarrot (16197138),Timothe Luwawu-Cabarrot,16197138,SF/PF/F/UTIL,3900,BKN@CLE 01/20/2021 07:00PM ET,BKN,13.82
C,Jakob Poeltl (16197146),Jakob Poeltl,16197146,C/UTIL,3900,SA@GS 01/20/2021 10:00PM ET,SA,18.5
SF/PF,Cameron Johnson (16197142),Cameron Johnson,16197142,SF/PF/F/UTIL,3900,PHO@HOU 01/20/2021 09:30PM ET,PHO,21.69
SG,Jeremy Lamb (16197130),Jeremy Lamb,16197130,SG/G/UTIL,3900,DAL@IND 01/20/2021 07:00PM ET,IND,0
SG/SF,Jarrett Culver (16197133),Jarrett Culver,16197133,SG/SF/F/G/UTIL,3900,ORL@MIN 01/20/2021 08:00PM ET,MIN,17.73
SG,Kris Dunn (16197151),Kris Dunn,16197151,SG/G/UTIL,3800,DET@ATL 01/20/2021 07:30PM ET,ATL,0
SG/SF,Devin Vassell (16197161),Devin Vassell,16197161,SG/SF/F/G/UTIL,3800,SA@GS 01/20/2021 10:00PM ET,SA,15.04
PG,Cameron Payne (16197171),Cameron Payne,16197171,PG/G/UTIL,3800,PHO@HOU 01/20/2021 09:30PM ET,PHO,18.1
PG,T.J. McConnell (16197148),T.J. McConnell,16197148,PG/G/UTIL,3800,DAL@IND 01/20/2021 07:00PM ET,IND,17.38
SG/SF,Edmond Sumner (16197166),Edmond Sumner,16197166,SG/SF/F/G/UTIL,3800,DAL@IND 01/20/2021 07:00PM ET,IND,12.96
C,Robert Williams (16197159),Robert Williams,16197159,C/UTIL,3800,BOS@PHI 01/20/2021 07:00PM ET,BOS,20.56
SG/SF,Rodney Hood (16197154),Rodney Hood,16197154,SG/SF/F/G/UTIL,3800,MEM@POR 01/20/2021 10:00PM ET,POR,8.42
SG,Mason Jones (16197174),Mason Jones,16197174,SG/G/UTIL,3700,PHO@HOU 01/20/2021 09:30PM ET,HOU,14.83
C,Dwight Powell (16197177),Dwight Powell,16197177,C/UTIL,3700,DAL@IND 01/20/2021 07:00PM ET,DAL,14.44
SG,Wayne Ellington (16197187),Wayne Ellington,16197187,SG/G/UTIL,3600,DET@ATL 01/20/2021 07:30PM ET,DET,15.31
PG/SG,Aaron Holiday (16197179),Aaron Holiday,16197179,PG/SG/G/UTIL,3600,DAL@IND 01/20/2021 07:00PM ET,IND,13.65
SG/SF,Dwayne Bacon (16197190),Dwayne Bacon,16197190,SG/SF/F/G/UTIL,3600,ORL@MIN 01/20/2021 08:00PM ET,ORL,15.32
SF/PF,Grant Williams (16197183),Grant Williams,16197183,SF/PF/F/UTIL,3600,BOS@PHI 01/20/2021 07:00PM ET,BOS,12.32
PG,Matthew Dellavedova (16197195),Matthew Dellavedova,16197195,PG/G/UTIL,3500,BKN@CLE 01/20/2021 07:00PM ET,CLE,0
PF/C,Dario Saric (16197209),Dario Saric,16197209,PF/C/F/UTIL,3500,PHO@HOU 01/20/2021 09:30PM ET,PHO,19.14
C,Goga Bitadze (16197217),Goga Bitadze,16197217,C/UTIL,3500,DAL@IND 01/20/2021 07:00PM ET,IND,13
SF,Josh Okogie (16197198),Josh Okogie,16197198,SF/F/UTIL,3500,ORL@MIN 01/20/2021 08:00PM ET,MIN,14.54
SF/PF,Semi Ojeleye (16197201),Semi Ojeleye,16197201,SF/PF/F/UTIL,3500,BOS@PHI 01/20/2021 07:00PM ET,BOS,12.54
PG/SG,Gabe Vincent (16197205),Gabe Vincent,16197205,PG/SG/G/UTIL,3500,MIA@TOR 01/20/2021 07:30PM ET,MIA,19.75
PF/C,Xavier Tillman (16197213),Xavier Tillman,16197213,PF/C/F/UTIL,3500,MEM@POR 01/20/2021 10:00PM ET,MEM,19.59
PG/SG,Damion Lee (16197219),Damion Lee,16197219,PG/SG/G/UTIL,3400,SA@GS 01/20/2021 10:00PM ET,GS,15.60
PF/C,Jakarr Sampson (16197226),Jakarr Sampson,16197226,PF/C/F/UTIL,3400,DAL@IND 01/20/2021 07:00PM ET,IND,6.04
SF,James Ennis III (16197223),James Ennis III,16197223,SF/F/UTIL,3400,ORL@MIN 01/20/2021 08:00PM ET,ORL,10.54
SF/PF,Saddiq Bey (16197233),Saddiq Bey,16197233,SF/PF/F/UTIL,3300,DET@ATL 01/20/2021 07:30PM ET,DET,16.67
PG,Chris Chiozza (16197249),Chris Chiozza,16197249,PG/G/UTIL,3300,BKN@CLE 01/20/2021 07:00PM ET,BKN,12.67
PG/SG,Terance Mann (16197245),Terance Mann,16197245,PG/SG/G/UTIL,3300,SAC@LAC 01/20/2021 10:00PM ET,LAC,6.77
C,Ed Davis (16197243),Ed Davis,16197243,C/UTIL,3300,ORL@MIN 01/20/2021 08:00PM ET,MIN,12.11
PF,Mike Scott (16197230),Mike Scott,16197230,PF/F/UTIL,3300,BOS@PHI 01/20/2021 07:00PM ET,PHI,9.88
SF,Andre Iguodala (16197237),Andre Iguodala,16197237,SF/F/UTIL,3300,MIA@TOR 01/20/2021 07:30PM ET,MIA,12.96
SG,Desmond Bane (16197240),Desmond Bane,16197240,SG/G/UTIL,3300,MEM@POR 01/20/2021 10:00PM ET,MEM,15.42
C,Isaiah Stewart (16197267),Isaiah Stewart,16197267,C/UTIL,3200,DET@ATL 01/20/2021 07:30PM ET,DET,14.16
SG,Svi Mykhailiuk (16197275),Svi Mykhailiuk,16197275,SG/G/UTIL,3200,DET@ATL 01/20/2021 07:30PM ET,DET,14.17
SF,Kent Bazemore (16197262),Kent Bazemore,16197262,SF/F/UTIL,3200,SA@GS 01/20/2021 10:00PM ET,GS,13.32
PF,Rodions Kurucs (16197259),Rodions Kurucs,16197259,PF/F/UTIL,3200,PHO@HOU 01/20/2021 09:30PM ET,HOU,3.62
C,Boban Marjanovic (16197265),Boban Marjanovic,16197265,C/UTIL,3200,DAL@IND 01/20/2021 07:00PM ET,DAL,7.6
C,Hassan Whiteside (16197273),Hassan Whiteside,16197273,C/UTIL,3200,SAC@LAC 01/20/2021 10:00PM ET,SAC,14.83
SG,Isaiah Joe (16197252),Isaiah Joe,16197252,SG/G/UTIL,3200,BOS@PHI 01/20/2021 07:00PM ET,PHI,13.83
SF/PF,Stanley Johnson (16197255),Stanley Johnson,16197255,SF/PF/F/UTIL,3200,MIA@TOR 01/20/2021 07:30PM ET,TOR,11.61
SF/PF,KZ Okpala (16197269),KZ Okpala,16197269,SF/PF/F/UTIL,3200,MIA@TOR 01/20/2021 07:30PM ET,MIA,6.46
PG/SG,Brandon Goodwin (16197294),Brandon Goodwin,16197294,PG/SG/G/UTIL,3100,DET@ATL 01/20/2021 07:30PM ET,ATL,12.36
PF,Solomon Hill (16197324),Solomon Hill,16197324,PF/F/UTIL,3100,DET@ATL 01/20/2021 07:30PM ET,ATL,11.54
PG,Yogi Ferrell (16197278),Yogi Ferrell,16197278,PG/G/UTIL,3100,BKN@CLE 01/20/2021 07:00PM ET,CLE,21.62
PF,Dean Wade (16197281),Dean Wade,16197281,PF/F/UTIL,3100,BKN@CLE 01/20/2021 07:00PM ET,CLE,6.42
SF,Lamar Stevens (16197284),Lamar Stevens,16197284,SF/F/UTIL,3100,BKN@CLE 01/20/2021 07:00PM ET,CLE,9.06
SG,Landry Shamet (16197306),Landry Shamet,16197306,SG/G/UTIL,3100,BKN@CLE 01/20/2021 07:00PM ET,BKN,10.38
PG/SG,Tyrell Terry (16197309),Tyrell Terry,16197309,PG/SG/G/UTIL,3100,DAL@IND 01/20/2021 07:00PM ET,DAL,3.31
PG,Reggie Jackson (16197301),Reggie Jackson,16197301,PG/G/UTIL,3100,SAC@LAC 01/20/2021 10:00PM ET,LAC,12.83
C,Chimezie Metu (16197322),Chimezie Metu,16197322,C/UTIL,3100,SAC@LAC 01/20/2021 10:00PM ET,SAC,12
PG,Jordan McLaughlin (16197298),Jordan McLaughlin,16197298,PG/G/UTIL,3100,ORL@MIN 01/20/2021 08:00PM ET,MIN,13.05
SG/SF,Furkan Korkmaz (16197287),Furkan Korkmaz,16197287,SG/SF/F/G/UTIL,3100,BOS@PHI 01/20/2021 07:00PM ET,PHI,12.33
C,Tony Bradley (16197292),Tony Bradley,16197292,C/UTIL,3100,BOS@PHI 01/20/2021 07:00PM ET,PHI,17.15
SG,Javonte Green (16197313),Javonte Green,16197313,SG/G/UTIL,3100,BOS@PHI 01/20/2021 07:00PM ET,BOS,13.15
PG,Tremont Waters (16197316),Tremont Waters,16197316,PG/G/UTIL,3100,BOS@PHI 01/20/2021 07:00PM ET,BOS,8.55
SG,Avery Bradley (16197319),Avery Bradley,16197319,SG/G/UTIL,3100,MIA@TOR 01/20/2021 07:30PM ET,MIA,17.46
C,Harry Giles III (16197304),Harry Giles III,16197304,C/UTIL,3100,MEM@POR 01/20/2021 10:00PM ET,POR,9.12
PG,Killian Hayes (16197348),Killian Hayes,16197348,PG/G/UTIL,3000,DET@ATL 01/20/2021 07:30PM ET,DET,11.07
PG,Rajon Rondo (16197388),Rajon Rondo,16197388,PG/G/UTIL,3000,DET@ATL 01/20/2021 07:30PM ET,ATL,10.8
SG/SF,Tony Snell (16197391),Tony Snell,16197391,SG/SF/F/G/UTIL,3000,DET@ATL 01/20/2021 07:30PM ET,ATL,6.69
PG/SG,Skylar Mays (16197396),Skylar Mays,16197396,PG/SG/G/UTIL,3000,DET@ATL 01/20/2021 07:30PM ET,ATL,0.5
C,Nathan Knight (16197400),Nathan Knight,16197400,C/UTIL,3000,DET@ATL 01/20/2021 07:30PM ET,ATL,6.17
C,Bruno Fernando (16197402),Bruno Fernando,16197402,C/UTIL,3000,DET@ATL 01/20/2021 07:30PM ET,ATL,8.78
C,Onyeka Okongwu (16197404),Onyeka Okongwu,16197404,C/UTIL,3000,DET@ATL 01/20/2021 07:30PM ET,ATL,14.25
SF,Rodney McGruder (16197548),Rodney McGruder,16197548,SF/F/UTIL,3000,DET@ATL 01/20/2021 07:30PM ET,DET,2.12
C,Jahlil Okafor (16197551),Jahlil Okafor,16197551,C/UTIL,3000,DET@ATL 01/20/2021 07:30PM ET,DET,9.22
PG,Frank Jackson (16197553),Frank Jackson,16197553,PG/G/UTIL,3000,DET@ATL 01/20/2021 07:30PM ET,DET,6.67
PG,Saben Lee (16197556),Saben Lee,16197556,PG/G/UTIL,3000,DET@ATL 01/20/2021 07:30PM ET,DET,5.08
PF,Sekou Doumbouya (16197559),Sekou Doumbouya,16197559,PF/F/UTIL,3000,DET@ATL 01/20/2021 07:30PM ET,DET,8.83
SG,Deividas Sirvydis (16197562),Deividas Sirvydis,16197562,SG/G/UTIL,3000,DET@ATL 01/20/2021 07:30PM ET,DET,0
PF/C,Reggie Perry (16197342),Reggie Perry,16197342,PF/C/F/UTIL,3000,BKN@CLE 01/20/2021 07:00PM ET,BKN,8.64
SG,Dylan Windler (16197359),Dylan Windler,16197359,SG/G/UTIL,3000,BKN@CLE 01/20/2021 07:00PM ET,CLE,7
C,Marques Bolden (16197378),Marques Bolden,16197378,C/UTIL,3000,BKN@CLE 01/20/2021 07:00PM ET,CLE,3.58
PG/SG,Tyler Johnson (16197511),Tyler Johnson,16197511,PG/SG/G/UTIL,3000,BKN@CLE 01/20/2021 07:00PM ET,BKN,7.38
PG/SG,Spencer Dinwiddie (16197515),Spencer Dinwiddie,16197515,PG/SG/G/UTIL,3000,BKN@CLE 01/20/2021 07:00PM ET,BKN,18.08
PF/C,Nicolas Claxton (16197519),Nicolas Claxton,16197519,PF/C/F/UTIL,3000,BKN@CLE 01/20/2021 07:00PM ET,BKN,0
C,Kevon Looney (16197340),Kevon Looney,16197340,C/UTIL,3000,SA@GS 01/20/2021 10:00PM ET,GS,11.17
PG,Brad Wanamaker (16197456),Brad Wanamaker,16197456,PG/G/UTIL,3000,SA@GS 01/20/2021 10:00PM ET,GS,12.92
SG,Klay Thompson (16197459),Klay Thompson,16197459,SG/G/UTIL,3000,SA@GS 01/20/2021 10:00PM ET,GS,0
PF,Juan Toscano-Anderson (16197462),Juan Toscano-Anderson,16197462,PF/F/UTIL,3000,SA@GS 01/20/2021 10:00PM ET,GS,11.83
SG,Mychal Mulder (16197465),Mychal Mulder,16197465,SG/G/UTIL,3000,SA@GS 01/20/2021 10:00PM ET,GS,6.96
PG/SG,Jordan Poole (16197468),Jordan Poole,16197468,PG/SG/G/UTIL,3000,SA@GS 01/20/2021 10:00PM ET,GS,7.62
PF/C,Alen Smailagic (16197472),Alen Smailagic,16197472,PF/C/F/UTIL,3000,SA@GS 01/20/2021 10:00PM ET,GS,0
PG,Nico Mannion (16197476),Nico Mannion,16197476,PG/G/UTIL,3000,SA@GS 01/20/2021 10:00PM ET,GS,5.5
SF,Keita Bates-Diop (16197626),Keita Bates-Diop,16197626,SF/F/UTIL,3000,SA@GS 01/20/2021 10:00PM ET,SA,0
PF/C,Trey Lyles (16197629),Trey Lyles,16197629,PF/C/F/UTIL,3000,SA@GS 01/20/2021 10:00PM ET,SA,7.71
C,Drew Eubanks (16197633),Drew Eubanks,16197633,C/UTIL,3000,SA@GS 01/20/2021 10:00PM ET,SA,13.42
SG,Quinndary Weatherspoon (16197635),Quinndary Weatherspoon,16197635,SG/G/UTIL,3000,SA@GS 01/20/2021 10:00PM ET,SA,0
PG,Tre Jones (16197638),Tre Jones,16197638,PG/G/UTIL,3000,SA@GS 01/20/2021 10:00PM ET,SA,4.06
PF,Luka Samanic (16197641),Luka Samanic,16197641,PF/F/UTIL,3000,SA@GS 01/20/2021 10:00PM ET,SA,1.5
PG/SG,Jevon Carter (16197355),Jevon Carter,16197355,PG/SG/G/UTIL,3000,PHO@HOU 01/20/2021 09:30PM ET,PHO,9.29
PG,Dante Exum (16197444),Dante Exum,16197444,PG/G/UTIL,3000,PHO@HOU 01/20/2021 09:30PM ET,HOU,12.21
PG,Chris Clemons (16197447),Chris Clemons,16197447,PG/G/UTIL,3000,PHO@HOU 01/20/2021 09:30PM ET,HOU,0
SG,Brodric Thomas (16197450),Brodric Thomas,16197450,SG/G/UTIL,3000,PHO@HOU 01/20/2021 09:30PM ET,HOU,4.42
PF,KJ Martin Jr. (16197453),KJ Martin Jr.,16197453,PF/F/UTIL,3000,PHO@HOU 01/20/2021 09:30PM ET,HOU,8.25
SG/SF,E'Twaun Moore (16197600),E'Twaun Moore,16197600,SG/SF/F/G/UTIL,3000,PHO@HOU 01/20/2021 09:30PM ET,PHO,1.12
PG/SG,Langston Galloway (16197605),Langston Galloway,16197605,PG/SG/G/UTIL,3000,PHO@HOU 01/20/2021 09:30PM ET,PHO,7.08
PF/C,Frank Kaminsky (16197609),Frank Kaminsky,16197609,PF/C/F/UTIL,3000,PHO@HOU 01/20/2021 09:30PM ET,PHO,9.17
SF,Abdel Nader (16197613),Abdel Nader,16197613,SF/F/UTIL,3000,PHO@HOU 01/20/2021 09:30PM ET,PHO,4.75
C,Damian Jones (16197616),Damian Jones,16197616,C/UTIL,3000,PHO@HOU 01/20/2021 09:30PM ET,PHO,5.15
PG/SG,Ty-Shon Alexander (16197618),Ty-Shon Alexander,16197618,PG/SG/G/UTIL,3000,PHO@HOU 01/20/2021 09:30PM ET,PHO,0.92
PF/C,Jalen Smith (16197622),Jalen Smith,16197622,PF/C/F/UTIL,3000,PHO@HOU 01/20/2021 09:30PM ET,PHO,6.62
SF/PF,Kelan Martin (16197362),Kelan Martin,16197362,SF/PF/F/UTIL,3000,DAL@IND 01/20/2021 07:00PM ET,IND,3.25
SF,Brian Bowen II (16197366),Brian Bowen II,16197366,SF/F/UTIL,3000,DAL@IND 01/20/2021 07:00PM ET,IND,4.25
PG/SG,Jalen Lecque (16197369),Jalen Lecque,16197369,PG/SG/G/UTIL,3000,DAL@IND 01/20/2021 07:00PM ET,IND,4.33
SG/SF,Cassius Stanley (16197373),Cassius Stanley,16197373,SG/SF/F/G/UTIL,3000,DAL@IND 01/20/2021 07:00PM ET,IND,2.25
SF/PF,Wes Iwundu (16197523),Wes Iwundu,16197523,SF/PF/F/UTIL,3000,DAL@IND 01/20/2021 07:00PM ET,DAL,8.33
PF,Tyler Bey (16197527),Tyler Bey,16197527,PF/F/UTIL,3000,DAL@IND 01/20/2021 07:00PM ET,DAL,0.75
SF,Nate Hinton (16197530),Nate Hinton,16197530,SF/F/UTIL,3000,DAL@IND 01/20/2021 07:00PM ET,DAL,0.88
SF,Josh Green (16197533),Josh Green,16197533,SF/F/UTIL,3000,DAL@IND 01/20/2021 07:00PM ET,DAL,5.27
PF/C,Patrick Patterson (16197479),Patrick Patterson,16197479,PF/C/F/UTIL,3000,SAC@LAC 01/20/2021 10:00PM ET,LAC,8.33
PF/C,Mfiondu Kabengele (16197483),Mfiondu Kabengele,16197483,PF/C/F/UTIL,3000,SAC@LAC 01/20/2021 10:00PM ET,LAC,2.89
SF,Amir Coffey (16197487),Amir Coffey,16197487,SF/F/UTIL,3000,SAC@LAC 01/20/2021 10:00PM ET,LAC,2.98
C,Daniel Oturu (16197490),Daniel Oturu,16197490,C/UTIL,3000,SAC@LAC 01/20/2021 10:00PM ET,LAC,6.43
SG,Jay Scrubb (16197492),Jay Scrubb,16197492,SG/G/UTIL,3000,SAC@LAC 01/20/2021 10:00PM ET,LAC,0
PF/C,Nemanja Bjelica (16197644),Nemanja Bjelica,16197644,PF/C/F/UTIL,3000,SAC@LAC 01/20/2021 10:00PM ET,SAC,14
PG/SG,Cory Joseph (16197648),Cory Joseph,16197648,PG/SG/G/UTIL,3000,SAC@LAC 01/20/2021 10:00PM ET,SAC,14.16
SF,Glenn Robinson III (16197652),Glenn Robinson III,16197652,SF/F/UTIL,3000,SAC@LAC 01/20/2021 10:00PM ET,SAC,11.34
PF,Jabari Parker (16197655),Jabari Parker,16197655,PF/F/UTIL,3000,SAC@LAC 01/20/2021 10:00PM ET,SAC,0
SG/SF,Justin James (16197658),Justin James,16197658,SG/SF/F/G/UTIL,3000,SAC@LAC 01/20/2021 10:00PM ET,SAC,5.4
SF,DaQuan Jeffries (16197663),DaQuan Jeffries,16197663,SF/F/UTIL,3000,SAC@LAC 01/20/2021 10:00PM ET,SAC,0
PG,Kyle Guy (16197666),Kyle Guy,16197666,PG/G/UTIL,3000,SAC@LAC 01/20/2021 10:00PM ET,SAC,8.69
SG/SF,Robert Woodard II (16197669),Robert Woodard II,16197669,SG/SF/F/G/UTIL,3000,SAC@LAC 01/20/2021 10:00PM ET,SAC,4.6
PG,Jahmi'us Ramsey (16197674),Jahmi'us Ramsey,16197674,PG/G/UTIL,3000,SAC@LAC 01/20/2021 10:00PM ET,SAC,3.38
PF/C,Gary Clark (16197351),Gary Clark,16197351,PF/C/F/UTIL,3000,ORL@MIN 01/20/2021 08:00PM ET,ORL,9.66
SF/PF,Jake Layman (16197430),Jake Layman,16197430,SF/PF/F/UTIL,3000,ORL@MIN 01/20/2021 08:00PM ET,MIN,9.08
PG/SG,Jaylen Nowell (16197434),Jaylen Nowell,16197434,PG/SG/G/UTIL,3000,ORL@MIN 01/20/2021 08:00PM ET,MIN,4.75
PG,Ashton Hagans (16197438),Ashton Hagans,16197438,PG/G/UTIL,3000,ORL@MIN 01/20/2021 08:00PM ET,MIN,0
PF,Jaden McDaniels (16197441),Jaden McDaniels,16197441,PF/F/UTIL,3000,ORL@MIN 01/20/2021 08:00PM ET,MIN,7.29
PF,Al-Farouq Aminu (16197578),Al-Farouq Aminu,16197578,PF/F/UTIL,3000,ORL@MIN 01/20/2021 08:00PM ET,ORL,0
PF,Jonathan Isaac (16197581),Jonathan Isaac,16197581,PF/F/UTIL,3000,ORL@MIN 01/20/2021 08:00PM ET,ORL,0
PG,Markelle Fultz (16197584),Markelle Fultz,16197584,PG/G/UTIL,3000,ORL@MIN 01/20/2021 08:00PM ET,ORL,26.66
PG,Jordan Bone (16197587),Jordan Bone,16197587,PG/G/UTIL,3000,ORL@MIN 01/20/2021 08:00PM ET,ORL,9.89
PF/C,Chuma Okeke (16197590),Chuma Okeke,16197590,PF/C/F/UTIL,3000,ORL@MIN 01/20/2021 08:00PM ET,ORL,10.15
C,Mo Bamba (16197594),Mo Bamba,16197594,C/UTIL,3000,ORL@MIN 01/20/2021 08:00PM ET,ORL,11.12
PG/SG,Karim Mane (16197596),Karim Mane,16197596,PG/SG/G/UTIL,3000,ORL@MIN 01/20/2021 08:00PM ET,ORL,3.67
PG,Dakota Mathias (16197327),Dakota Mathias,16197327,PG/G/UTIL,3000,BOS@PHI 01/20/2021 07:00PM ET,PHI,10.97
SF,Matisse Thybulle (16197330),Matisse Thybulle,16197330,SF/F/UTIL,3000,BOS@PHI 01/20/2021 07:00PM ET,PHI,9.80
C,Tacko Fall (16197346),Tacko Fall,16197346,C/UTIL,3000,BOS@PHI 01/20/2021 07:00PM ET,BOS,13.42
SF,Terrance Ferguson (16197380),Terrance Ferguson,16197380,SF/F/UTIL,3000,BOS@PHI 01/20/2021 07:00PM ET,PHI,0.45
PF,Paul Reed (16197383),Paul Reed,16197383,PF/F/UTIL,3000,BOS@PHI 01/20/2021 07:00PM ET,PHI,10.12
C,Vincent Poirier (16197386),Vincent Poirier,16197386,C/UTIL,3000,BOS@PHI 01/20/2021 07:00PM ET,PHI,3.58
PG/SG,Carsen Edwards (16197536),Carsen Edwards,16197536,PG/SG/G/UTIL,3000,BOS@PHI 01/20/2021 07:00PM ET,BOS,5.44
SG/SF,Aaron Nesmith (16197540),Aaron Nesmith,16197540,SG/SF/F/G/UTIL,3000,BOS@PHI 01/20/2021 07:00PM ET,BOS,5.8
SF,Romeo Langford (16197545),Romeo Langford,16197545,SF/F/UTIL,3000,BOS@PHI 01/20/2021 07:00PM ET,BOS,0
PG/SG,Terence Davis (16197333),Terence Davis,16197333,PG/SG/G/UTIL,3000,MIA@TOR 01/20/2021 07:30PM ET,TOR,11.5
PG,Malachi Flynn (16197337),Malachi Flynn,16197337,PG/G/UTIL,3000,MIA@TOR 01/20/2021 07:30PM ET,TOR,5.81
C,Aron Baynes (16197406),Aron Baynes,16197406,C/UTIL,3000,MIA@TOR 01/20/2021 07:30PM ET,TOR,10.08
C,Alex Len (16197408),Alex Len,16197408,C/UTIL,3000,MIA@TOR 01/20/2021 07:30PM ET,TOR,6.54
SG,Matt Thomas (16197410),Matt Thomas,16197410,SG/G/UTIL,3000,MIA@TOR 01/20/2021 07:30PM ET,TOR,9.35
SF,Paul Watson (16197413),Paul Watson,16197413,SF/F/UTIL,3000,MIA@TOR 01/20/2021 07:30PM ET,TOR,3.44
SF,DeAndre' Bembry (16197416),DeAndre' Bembry,16197416,SF/F/UTIL,3000,MIA@TOR 01/20/2021 07:30PM ET,TOR,2.38
SF,Yuta Watanabe (16197419),Yuta Watanabe,16197419,SF/F/UTIL,3000,MIA@TOR 01/20/2021 07:30PM ET,TOR,7.47
SG/SF,Patrick McCaw (16197422),Patrick McCaw,16197422,SG/SF/F/G/UTIL,3000,MIA@TOR 01/20/2021 07:30PM ET,TOR,0
SG,Jalen Harris (16197427),Jalen Harris,16197427,SG/G/UTIL,3000,MIA@TOR 01/20/2021 07:30PM ET,TOR,0
C,Udonis Haslem (16197565),Udonis Haslem,16197565,C/UTIL,3000,MIA@TOR 01/20/2021 07:30PM ET,MIA,0
C,Meyers Leonard (16197567),Meyers Leonard,16197567,C/UTIL,3000,MIA@TOR 01/20/2021 07:30PM ET,MIA,7.42
SF/PF,Moe Harkless (16197569),Moe Harkless,16197569,SF/PF/F/UTIL,3000,MIA@TOR 01/20/2021 07:30PM ET,MIA,3.82
C,Chris Silva (16197573),Chris Silva,16197573,C/UTIL,3000,MIA@TOR 01/20/2021 07:30PM ET,MIA,9.5
SG,Max Strus (16197575),Max Strus,16197575,SG/G/UTIL,3000,MIA@TOR 01/20/2021 07:30PM ET,MIA,11.62
SG,Keljin Blevins (16197495),Keljin Blevins,16197495,SG/G/UTIL,3000,MEM@POR 01/20/2021 10:00PM ET,POR,1.7
C,Zach Collins (16197498),Zach Collins,16197498,C/UTIL,3000,MEM@POR 01/20/2021 10:00PM ET,POR,0
PG/SG,Anfernee Simons (16197500),Anfernee Simons,16197500,PG/SG/G/UTIL,3000,MEM@POR 01/20/2021 10:00PM ET,POR,8.07
SG,CJ Elleby (16197504),CJ Elleby,16197504,SG/G/UTIL,3000,MEM@POR 01/20/2021 10:00PM ET,POR,3.67
SF/PF,Nassir Little (16197507),Nassir Little,16197507,SF/PF/F/UTIL,3000,MEM@POR 01/20/2021 10:00PM ET,POR,4.06
PG,Tim Frazier (16197677),Tim Frazier,16197677,PG/G/UTIL,3000,MEM@POR 01/20/2021 10:00PM ET,MEM,6.67
PG/SF,Justise Winslow (16197680),Justise Winslow,16197680,PG/SF/F/G/UTIL,3000,MEM@POR 01/20/2021 10:00PM ET,MEM,0
SF,John Konchar (16197685),John Konchar,16197685,SF/F/UTIL,3000,MEM@POR 01/20/2021 10:00PM ET,MEM,18
SF,Sean McDermott (16197688),Sean McDermott,16197688,SF/F/UTIL,3000,MEM@POR 01/20/2021 10:00PM ET,MEM,4.75
PF,Killian Tillie (16197691),Killian Tillie,16197691,PF/F/UTIL,3000,MEM@POR 01/20/2021 10:00PM ET,MEM,0
PF/C,Jontay Porter (16197694),Jontay Porter,16197694,PF/C/F/UTIL,3000,MEM@POR 01/20/2021 10:00PM ET,MEM,0
